一级类目,二级类目,三级类目,categoryId,typeId,rFBS_低档,rFBS_中档,rFBS_高档
服装,服装,婴儿尿垫,17031328,93493,12%,14%,18%
服装,服装,服装袖口,200000348,971405351,12%,14%,18%
服装,服装,家居浴袍,41777466,93251,12%,14%,18%
服装,服装,防风上衣,41777472,93067,12%,14%,18%
服装,服装,半拉链外套/防风衣,41777472,970585480,12%,14%,18%
服装,服装,雨衣,41777475,93082,12%,14%,18%
服装,服装,天然羊皮夹克,41777476,93084,12%,14%,18%
服装,服装,外套套装,41777479,93108,12%,14%,18%
服装,服装,夹克,41777480,93137,12%,14%,18%
服装,服装,人造羊皮大衣,41777480,971979781,12%,14%,18%
服装,服装,大衣,41777482,93166,12%,14%,18%
服装,服装,人造毛皮大衣,41777482,971979782,12%,14%,18%
服装,服装,派克大衣,41777483,97010,12%,14%,18%
服装,服装,风衣,41777484,93186,12%,14%,18%
服装,服装,羽绒服,41777487,93205,12%,14%,18%
服装,服装,天然皮草大衣,41777488,93279,12%,14%,18%
服装,服装,连衣裙,41777492,93182,12%,14%,18%
服装,服装,无袖连衣裙,41777492,93211,12%,14%,18%
服装,服装,束腰衫,41777493,93241,12%,14%,18%
服装,服装,沙滩披肩,41777493,970988994,12%,14%,18%
服装,服装,短裙,41777494,93283,12%,14%,18%
服装,服装,衬裙,41777494,971107305,12%,14%,18%
服装,服装,头纱,41777495,970658743,12%,14%,18%
服装,服装,高领衫,41777497,93072,12%,14%,18%
服装,服装,开襟衫,41777499,93092,12%,14%,18%
服装,服装,毛线衣,41777502,93079,12%,14%,18%
服装,服装,毛衣,41777502,93214,12%,14%,18%
服装,服装,防磨衣,41777503,115949936,12%,14%,18%
服装,服装,长袖T恤,41777503,93148,12%,14%,18%
服装,服装,运动衫,41777505,93216,12%,14%,18%
服装,服装,卫衣,41777505,93232,12%,14%,18%
服装,服装,连帽衫,41777505,93253,12%,14%,18%
服装,服装,奥运外套,41777505,97009,12%,14%,18%
服装,服装,裤子,41777508,93055,12%,14%,18%
服装,服装,浴裙,41777508,971061641,12%,14%,18%
服装,服装,打底裤,41777510,93144,12%,14%,18%
服装,服装,牛仔裤,41777511,93080,12%,14%,18%
服装,服装,小坎肩,41777512,93051,12%,14%,18%
服装,服装,马甲,41777513,93086,12%,14%,18%
服装,服装,西装上衣,41777515,93175,12%,14%,18%
服装,服装,马裤,41777517,93053,12%,14%,18%
服装,服装,单车裤,41777518,785353054,12%,14%,18%
服装,服装,短裤,41777518,93272,12%,14%,18%
服装,服装,卡通连体睡衣,41777519,504866259,12%,14%,18%
服装,服装,连体裤,41777519,93103,12%,14%,18%
服装,服装,背带裤,41777519,970590515,12%,14%,18%
服装,服装,经典西服,41777521,970707326,12%,14%,18%
服装,服装,服装套装 ,41777522,93112,12%,14%,18%
服装,服装,运动服,41777522,93221,12%,14%,18%
服装,服装,排球服,41777522,970696767,12%,14%,18%
服装,服装,篮球运动服,41777522,971011003,12%,14%,18%
服装,服装,足球制服,41777522,971079131,12%,14%,18%
服装,服装,短衫,41777523,93048,12%,14%,18%
服装,服装,衬衫,41777525,93209,12%,14%,18%
服装,服装,背心,41777528,93150,12%,14%,18%
服装,服装,Polo衫,41777530,93194,12%,14%,18%
服装,服装,T恤,41777530,93244,12%,14%,18%
服装,服装,无袖背心,41777533,93236,12%,14%,18%
服装,服装,洗礼服装,41777558,93133,12%,14%,18%
服装,服装,睡衣,41777566,93176,12%,14%,18%
服装,服装,睡裙,41777566,970960142,12%,14%,18%
服装,服装,出院套件,41777699,93109,12%,14%,18%
服装,服装,新生儿包膜 ,41777703,93118,12%,14%,18%
服装,服装,婴儿睡袋,41777712,970785888,12%,14%,18%
服装,服装,绝缘连体套装,43430486,93105,12%,14%,18%
服装,服装,保暖背带裤,43430486,93199,12%,14%,18%
服装,服装,压缩长袜,43430569,30802055,12%,14%,18%
服装,服装,压缩绑腿,43430569,93114,12%,14%,18%
服装,服装,压缩袜,43430569,94185,12%,14%,18%
服装,服装,压缩长筒袜,43430570,93115,12%,14%,18%
服装,服装,斗篷,43434562,97151,12%,14%,18%
服装,服装,棒球服,43443728,97183,12%,14%,18%
服装,服装,海边防晒大纱巾,44286097,93168,12%,14%,18%
服装,服装,学校围裙,55647611,608042980,12%,14%,18%
服装,服装,压缩紧身衣,70983441,115951186,12%,14%,18%
服装,服装,嘉年华服装,88577818,96729,12%,14%,18%
服装,服装,人偶服装,88577818,970943350,12%,14%,18%
服装,服装,可拆卸衣领,99190146,970996947,12%,14%,18%
服装,情趣服装和配饰,性虐服装,17031121,96507,12%,14%,18%
服装,情趣服装和配饰,角色扮演服装,200001480,93125,12%,14%,18%
服装,情趣服装和配饰,Go-Go舞蹈裙,41777581,93183,12%,14%,18%
服装,情趣服装和配饰,情趣内衣,41777581,93281,12%,14%,18%
服装,情趣服装和配饰,情趣胸贴,43443733,93206,12%,14%,18%
服装,情趣服装和配饰,情趣皮革内衣,43443733,970877574,12%,14%,18%
服装,内衣,连体紧身衣,41777524,93049,12%,14%,18%
服装,内衣,内衣背心,41777532,97501,12%,14%,18%
服装,内衣,文胸配件,41777541,970669865,12%,14%,18%
服装,内衣,胸罩,41777542,93065,12%,14%,18%
服装,内衣,连裤袜,41777546,93100,12%,14%,18%
服装,内衣,内衣下装套装,41777548,93107,12%,14%,18%
服装,内衣,紧身胸衣,41777555,970948371,12%,14%,18%
服装,内衣,收腰荷叶边下摆上衣,41777555,971151880,12%,14%,18%
服装,内衣,产妇支持带,41777555,99523,12%,14%,18%
服装,内衣,连体衬裙,41777565,93102,12%,14%,18%
服装,内衣,睡袍,41777565,93170,12%,14%,18%
服装,内衣,泳衣/泳装,41777574,93179,12%,14%,18%
服装,内衣,内裤,41777574,93238,12%,14%,18%
服装,内衣,内裤套装,41777574,970617577,12%,14%,18%
服装,内衣,长筒袜,41777575,93256,12%,14%,18%
服装,内衣,男衬裤,41777583,93091,12%,14%,18%
服装,内衣,保暖裤,41777584,93224,12%,14%,18%
服装,内衣,保暖内衣套装,41777584,93225,12%,14%,18%
服装,内衣,保暖短裤,41777584,93229,12%,14%,18%
服装,内衣,保暖长袖,41777584,970675143,12%,14%,18%
服装,内衣,保暖连体服,41777584,97197,12%,14%,18%
服装,内衣,双面德绒打底衫,41777584,98443,12%,14%,18%
服装,内衣,丝袜带,41777588,93203,12%,14%,18%
服装,内衣,绑腿套,41777695,93075,12%,14%,18%
服装,内衣,高尔夫球裤,41777700,93077,12%,14%,18%
服装,内衣,袜子,41777700,93157,12%,14%,18%
服装,内衣,船袜,41777700,93190,12%,14%,18%
服装,内衣,包脚布,41777700,970662328,12%,14%,18%
服装,内衣,细袜圈,41777706,93189,12%,14%,18%
服装,内衣,宽袜圈,41777706,970630836,12%,14%,18%
服装,内衣,修正型内衣,43436588,93120,12%,14%,18%
服装,内衣,游泳衣胸罩,43436590,59227236,12%,14%,18%
服装,内衣,泳衣,43436590,93134,12%,14%,18%
服装,婴儿内衣,婴儿泳衣,200001581,972076125,12%,14%,18%
服装,婴儿内衣,婴儿运动保暖内衣,200001582,972076126,12%,14%,18%
服装,婴儿内衣,婴幼儿保暖连体服,200001582,972076127,12%,14%,18%
服装,婴儿内衣,婴幼儿保暖套装,200001582,972076128,12%,14%,18%
服装,婴儿内衣,婴幼儿保暖背心,200001582,972076130,12%,14%,18%
服装,婴儿内衣,婴幼儿保暖短裤,200001582,972076133,12%,14%,18%
服装,婴儿内衣,婴幼儿连袜裤,200001583,972076134,12%,14%,18%
服装,婴儿内衣,婴幼儿内裤,200001585,972076137,12%,14%,18%
服装,婴儿内衣,婴幼儿内衣套装,200001586,972076140,12%,14%,18%
服装,婴儿内衣,婴幼儿袜子,200001587,972076141,12%,14%,18%
服装,婴儿内衣,婴幼儿内衣背心,200001588,972076144,12%,14%,18%
服装,婴儿内衣,婴幼儿三角哈衣,200001589,972076145,12%,14%,18%
服装,婴儿内衣,三角哈衣延长片,200001589,972076146,12%,14%,18%
服装,婴儿服装,婴幼儿长裤,200001564,972076150,12%,14%,18%
服装,婴儿服装,婴幼儿牛仔裤,200001564,972076152,12%,14%,18%
服装,婴儿服装,婴幼儿短裤,200001564,972076154,12%,14%,18%
服装,婴儿服装,婴幼儿夹克,200001565,972076162,12%,14%,18%
服装,婴儿服装,婴幼儿睡衣,200001567,972076179,12%,14%,18%
服装,婴儿服装,婴幼儿睡袍,200001567,972076180,12%,14%,18%
服装,婴儿服装,婴幼儿马甲,200001568,972076182,12%,14%,18%
服装,婴儿服装,婴幼儿嘉年华服装,200001569,972076183,12%,14%,18%
服装,婴儿服装,婴幼儿卡通连体睡衣,200001570,972076184,12%,14%,18%
服装,婴儿服装,婴幼儿连体服,200001570,972076185,12%,14%,18%
服装,婴儿服装,婴幼儿背带裤,200001570,972076186,12%,14%,18%
服装,婴儿服装,婴幼儿贴身服装套装,200001572,972076188,12%,14%,18%
服装,婴儿服装,婴幼儿套装,200001572,972076189,12%,14%,18%
服装,婴儿服装,婴幼儿打底裤,200001573,972076196,12%,14%,18%
服装,婴儿服装,婴幼儿背心,200001574,972076197,12%,14%,18%
服装,婴儿服装,婴幼儿洗礼服,200001575,972076199,12%,14%,18%
服装,婴儿服装,婴幼儿西装上衣,200001576,972076201,12%,14%,18%
服装,婴儿服装,婴幼儿连衣裙,200001577,972076202,12%,14%,18%
服装,婴儿服装,婴幼儿运动衫,200001578,972076204,12%,14%,18%
服装,婴儿服装,婴幼儿卫衣,200001578,972076205,12%,14%,18%
服装,婴儿服装,婴儿长袖T恤,200001579,972076207,12%,14%,18%
服装,婴儿服装,婴幼儿T恤,200001579,972076209,12%,14%,18%
服装,婴儿服装,婴幼儿短裙,200001580,972076210,12%,14%,18%
服装,婴儿服装,新生儿上衣,41777500,970744798,12%,14%,18%
服装,婴儿服装,婴幼儿短衫,41777500,972076190,12%,14%,18%
服装,婴儿服装,婴幼儿衬衫,41777500,972076192,12%,14%,18%
服装,婴儿服装,蝴蝶衣,41777539,93207,12%,14%,18%
服装,婴儿服装,平角哈衣,41777539,970672107,12%,14%,18%
服装,婴儿服装,连脚裤,41777571,93193,12%,14%,18%
服装,婴儿服装,婴儿袜,41777705,115944685,12%,14%,18%
服装,运动服,滑雪夹克,200001623,972079085,12%,14%,18%
服装,运动服,单板滑雪夹克,200001623,972079086,12%,14%,18%
服装,运动服,滑雪连体服,200001626,972079092,12%,14%,18%
服装,运动服,单板滑雪连体服,200001626,972079093,12%,14%,18%
服装,运动服,滑雪服,200001627,972079096,12%,14%,18%
服装,运动服,单板滑雪服,200001627,972079098,12%,14%,18%
服装,运动服,搏斗腰带,41777642,93202,12%,14%,18%
服装,运动服,下水背带裤,41777654,96718,12%,14%,18%
服装,运动服,冬季鞋套,41777715,115951169,12%,14%,18%
服装,运动服,护腿套,41777715,93074,12%,14%,18%
服装,运动服,曲棍球球衣,43429862,110995367,12%,14%,18%
服装,运动服,运动手套,43433278,98449,12%,14%,18%
服装,运动服,和服,43436606,971102910,12%,14%,18%
服装,运动服,搏击运动服装,43436606,99536,12%,14%,18%
服装,运动服,拳击服装,43436612,970673964,12%,14%,18%
服装,运动服,骑行服,75971892,971010854,12%,14%,18%
服装,运动服,体操服装,76892850,93076,12%,14%,18%
服装,运动服,舞蹈服,76892850,970670105,12%,14%,18%
服装,运动服,舞蹈、体操内衣,76892850,970670120,12%,14%,18%
服装,运动服,减肥暴汗服,77680558,94188,12%,14%,18%
服装,运动服,减肥腰带,77680558,94219,12%,14%,18%
服装,运动服,摩托运动服装,77902722,970684972,12%,14%,18%
服装,运动服,击剑服装,89300663,970667771,12%,14%,18%
服装,运动服,铁人三项运动服装,89300663,970695812,12%,14%,18%
服装,运动服,排球服,89300663,970696767,12%,14%,18%
服装,运动服,花样滑冰服装,89300663,970702269,12%,14%,18%
服装,运动服,速度滑冰服装,89300663,970963738,12%,14%,18%
服装,运动服,划船服,89300663,970984829,12%,14%,18%
服装,运动服,轮滑运动服装,89300663,970989375,12%,14%,18%
服装,运动服,篮球运动服,89300663,971011003,12%,14%,18%
服装,运动服,足球制服,89300663,971079131,12%,14%,18%
服装,运动服,骑行服装,89300663,971101865,12%,14%,18%
服装,运动服,手球运动服装,89300663,972076120,12%,14%,18%
服装,工作服,战术服,43436624,93124,12%,14%,18%
服装,工作服,战术衬衫,43436624,970806009,12%,14%,18%
服装,工作服,战术长裤,43436624,970806010,12%,14%,18%
服装,工作服,防蚊服,43436624,970851878,12%,14%,18%
服装,工作服,防壁虱服装,43436624,970948321,12%,14%,18%
服装,工作服,中山装,54054696,504970136,12%,14%,18%
服装,工作服,工作裤,54054696,93059,12%,14%,18%
服装,工作服,工作服,54054696,93129,12%,14%,18%
服装,工作服,工作夹克,54054696,93139,12%,14%,18%
服装,工作服,工作背带裤,54054696,93198,12%,14%,18%
服装,工作服,执法机构服装,54054696,93243,12%,14%,18%
服装,工作服,工作短衫,54054696,970685019,12%,14%,18%
服装,工作服,工作连体衣,54054696,970685035,12%,14%,18%
服装,工作服,工作围裙,54054696,970685040,12%,14%,18%
服装,工作服,工装、制服配件,54054696,970685743,12%,14%,18%
服装,工作服,军装,54054696,970859605,12%,14%,18%
服装,工作服,神职人员服装,54054696,971369518,12%,14%,18%
服装,工作服,工帽,54054696,971447083,12%,14%,18%
服装,工作服,工作袍,54054696,97337,12%,14%,18%
服装,配饰,制服帽子,200001068,970877531,12%,14%,18%
服装,配饰,蛇形围巾,41777490,93078,12%,14%,18%
服装,配饰,蝴蝶,41777693,93037,12%,14%,18%
服装,配饰,领带,41777694,93073,12%,14%,18%
服装,配饰,吊裤带,41777708,93191,12%,14%,18%
服装,配饰,腰带,41777709,93201,12%,14%,18%
服装,配饰,武装带,41777710,762509127,12%,14%,18%
服装,配饰,皮带,41777710,93208,12%,14%,18%
服装,配饰,棒球帽,41777720,93040,12%,14%,18%
服装,配饰,码头工人,41777720,971302346,12%,14%,18%
服装,配饰,贝雷帽,41777725,93045,12%,14%,18%
服装,配饰,连指手套,41777726,93066,12%,14%,18%
服装,配饰,暖手包,41777726,971102345,12%,14%,18%
服装,配饰,鸭舌帽,41777728,93093,12%,14%,18%
服装,配饰,帽舌,41777728,93099,12%,14%,18%
服装,配饰,毛皮耳罩,41777734,93155,12%,14%,18%
服装,配饰,披肩,41777735,93165,12%,14%,18%
服装,配饰,遮阳帽,41777736,93167,12%,14%,18%
服装,配饰,无指手套,41777739,93153,12%,14%,18%
服装,配饰,手套,41777739,93171,12%,14%,18%
服装,配饰,穆斯林女服装,41777741,127068840,12%,14%,18%
服装,配饰,三角头巾,41777741,93131,12%,14%,18%
服装,配饰,头巾,41777741,93181,12%,14%,18%
服装,配饰,护腕,41777742,93154,12%,14%,18%
服装,配饰,发箍,41777742,93188,12%,14%,18%
服装,配饰,面部口罩,41777742,970676618,12%,14%,18%
服装,配饰,婴儿防挠脸手套,41777744,93210,12%,14%,18%
服装,配饰,新生儿帽子,41777749,93254,12%,14%,18%
服装,配饰,披巾,41777750,93257,12%,14%,18%
服装,配饰,帽子,41777751,93258,12%,14%,18%
服装,配饰,风帽,41777751,970886196,12%,14%,18%
服装,配饰,巴拉克拉瓦,41777751,97199,12%,14%,18%
服装,配饰,套头围巾,41777752,93152,12%,14%,18%
服装,配饰,围巾,41777752,93263,12%,14%,18%
服装,配饰,带檐帽,41777756,93270,12%,14%,18%
鞋类,休闲鞋,胶靴,15621304,91260,12%,14%,18%
鞋类,休闲鞋,半拖/洞洞鞋,15621306,91262,12%,14%,18%
鞋类,休闲鞋,凉鞋 （Sandal）,15621307,91264,12%,14%,18%
鞋类,休闲鞋,高筒靴,15621309,91266,12%,14%,18%
鞋类,休闲鞋,凉鞋,15621310,91236,12%,14%,18%
鞋类,休闲鞋,踝带鞋,15621311,91238,12%,14%,18%
鞋类,休闲鞋,靴子,15621312,91239,12%,14%,18%
鞋类,休闲鞋,毡靴,15621315,91242,12%,14%,18%
鞋类,休闲鞋,橡胶套鞋,15621317,91244,12%,14%,18%
鞋类,休闲鞋,厚布雪地靴,15621320,91246,12%,14%,18%
鞋类,休闲鞋,板鞋,15621321,91247,12%,14%,18%
鞋类,休闲鞋,懒人鞋,15621321,91270,12%,14%,18%
鞋类,休闲鞋,运动鞋,15621322,91248,12%,14%,18%
鞋类,休闲鞋,豆豆鞋,15621328,91251,12%,14%,18%
鞋类,休闲鞋,拖鞋,15621337,96766,12%,14%,18%
鞋类,休闲鞋,一次性拖鞋,15621337,970807580,12%,14%,18%
鞋类,休闲鞋,单鞋,15621340,91273,12%,14%,18%
鞋类,休闲鞋,UGG雪地靴,15621344,91274,12%,14%,18%
鞋类,休闲鞋,一字拖,15621347,91277,12%,14%,18%
鞋类,休闲鞋,麻底鞋,15621348,91278,12%,14%,18%
鞋类,休闲鞋,芭蕾平底鞋,15621350,91235,12%,14%,18%
鞋类,休闲鞋,乐福鞋,43432808,91249,12%,14%,18%
鞋类,运动鞋和工作鞋,拳击鞋,15621351,96702,12%,14%,18%
鞋类,运动鞋和工作鞋,足球鞋,15621355,115951162,12%,14%,18%
鞋类,运动鞋和工作鞋,摩托骑行鞋,15621364,970687308,12%,14%,18%
鞋类,运动鞋和工作鞋,摩托车鞋配件,15621364,970785887,12%,14%,18%
鞋类,运动鞋和工作鞋,卡丁车靴,15621364,971100766,12%,14%,18%
鞋类,运动鞋和工作鞋,摔跤鞋,15621366,96703,12%,14%,18%
鞋类,运动鞋和工作鞋,涉水鞋,15621371,91234,12%,14%,18%
鞋类,运动鞋和工作鞋,体操鞋,17033806,91276,12%,14%,18%
鞋类,运动鞋和工作鞋,热身靴,17033806,970575627,12%,14%,18%
鞋类,运动鞋和工作鞋,冰壶鞋,17033806,971983839,12%,14%,18%
鞋类,运动鞋和工作鞋,武术鞋、功夫鞋,200000621,971124926,12%,14%,18%
鞋类,运动鞋和工作鞋,嘉年华鞋,200000781,96731,12%,14%,18%
鞋类,运动鞋和工作鞋,情趣鞋,43443279,971869072,12%,14%,18%
鞋类,运动鞋和工作鞋,举重鞋,46934025,115951147,12%,14%,18%
鞋类,运动鞋和工作鞋,攀岩鞋,46934030,98382,12%,14%,18%
鞋类,运动鞋和工作鞋,脚蹼,46934111,99051,12%,14%,18%
鞋类,运动鞋和工作鞋,冰刀,46934131,115951153,12%,14%,18%
鞋类,运动鞋和工作鞋,轮滑鞋,46934143,115951155,12%,14%,18%
鞋类,运动鞋和工作鞋,滑雪靴,46934236,115951164,12%,14%,18%
鞋类,运动鞋和工作鞋,单板滑雪靴,46934243,115951165,12%,14%,18%
鞋类,运动鞋和工作鞋,高山滑雪靴,46936476,115951167,12%,14%,18%
鞋类,运动鞋和工作鞋,工作鞋,46988547,115951170,12%,14%,18%
鞋类,运动鞋和工作鞋,胶靴,46988547,91260,12%,14%,18%
鞋类,运动鞋和工作鞋,自行车骑行鞋,74819459,98224,12%,14%,18%
鞋类,运动鞋和工作鞋,足尖鞋,76892435,970670091,12%,14%,18%
鞋类,运动鞋和工作鞋,艺术体操鞋,76892435,970686287,12%,14%,18%
鞋类,运动鞋和工作鞋,舞鞋,76892435,970696416,12%,14%,18%
鞋类,运动鞋和工作鞋,田径运动钉鞋,80617825,970697953,12%,14%,18%
鞋类,运动鞋和工作鞋,轮滑滑雪靴,81732965,970707312,12%,14%,18%
鞋类,运动鞋和工作鞋,保龄球鞋,86811970,970800622,12%,14%,18%
鞋类,运动鞋和工作鞋,马术鞋,91933928,970896141,12%,14%,18%
电子产品,智能手机、平板电脑、手机,智能手机,17039977,95139,12%,14.50%,20%
电子产品,智能手机、平板电脑、手机,平板电脑,17039978,95137,12%,14.50%,20%
电子产品,智能手机、平板电脑、手机,儿童平板电脑,17039978,970581253,12%,14.50%,20%
电子产品,智能手机、平板电脑、手机,移动电话,17039979,95135,12%,14.50%,20%
电子产品,镜头,相机镜头,17032056,91501,12%,14.50%,20%
电子产品,镜头,增距镜,17032056,91503,12%,14.50%,20%
电子产品,镜头,放大镜,17032056,91504,12%,14.50%,20%
电子产品,计算机机箱,电脑机箱,28480822,96090,12%,14.50%,20%
电子产品,电子书、翻译软件和词典,电子书,28480522,91870,12%,14.50%,20%
电子产品,计算机,一体式,17032248,91475,12%,14.50%,20%
电子产品,计算机,触摸桌,17032248,91478,12%,14.50%,20%
电子产品,计算机,带主机箱的套装,17032248,971215778,12%,14.50%,20%
电子产品,计算机,台式主机,17032249,91476,12%,14.50%,20%
电子产品,计算机,瘦客户端,17032249,970575376,12%,14.50%,20%
电子产品,计算机,迷你电脑,17032249,97235,12%,14.50%,20%
电子产品,计算机,游戏笔记本电脑,17032251,91474,12%,14.50%,20%
电子产品,计算机,笔记本电脑,17032251,91477,12%,14.50%,20%
电子产品,播放设备,CD播放器,17032060,95555,12%,14.50%,20%
电子产品,播放设备,蓝光播放器,17034682,95571,12%,14.50%,20%
电子产品,播放设备,影碟机,17034682,95572,12%,14.50%,20%
电子产品,播放设备,MP3播放器,41589815,91385,12%,14.50%,20%
电子产品,图形输入板,图形输入板,17032069,91871,12%,14.50%,20%
电子产品,图形输入板,图形显示屏,17032069,97892,12%,14.50%,20%
电子产品,充电器和扩展坞,车载充电器,17032075,115947272,12%,14.50%,20%
电子产品,充电器和扩展坞,电源,17032077,970970185,12%,14.50%,20%
电子产品,充电器和扩展坞,无线充电接收器,17032084,369952587,12%,14.50%,20%
电子产品,充电器和扩展坞,无线充电器,17032084,95769,12%,14.50%,20%
电子产品,充电器和扩展坞,交流充电器,17032084,95777,12%,14.50%,20%
电子产品,充电器和扩展坞,USB测试仪,17032084,970832314,12%,14.50%,20%
电子产品,充电器和扩展坞,太阳能充电器,17032084,971751172,12%,14.50%,20%
电子产品,充电器和扩展坞,扩展坞,43429343,95774,12%,14.50%,20%
电子产品,保护膜和保护玻璃,保护膜,17032275,91521,12%,14.50%,20%
电子产品,保护膜和保护玻璃,绘图仪用水凝膜,17032275,971007174,12%,14.50%,20%
电子产品,保护膜和保护玻璃,保护玻璃,200001244,91523,12%,14.50%,20%
电子产品,保护膜和保护玻璃,防护玻璃粘贴配件,200001701,970941509,12%,14.50%,20%
电子产品,游戏机,游戏充值卡,17032092,97144,12%,14.50%,20%
电子产品,游戏机,"应用商店充值卡
",17032092,971739017,12%,14.50%,20%
电子产品,游戏机,舞蹈垫,44255026,970897617,12%,14.50%,20%
电子产品,游戏机,游戏机,44255026,99088,12%,14.50%,20%
电子产品,游戏机配件,游戏机配件,17032097,91539,12%,14.50%,20%
电子产品,游戏机配件,游戏护臂,17032097,972065584,12%,14.50%,20%
电子产品,游戏机配件,游戏机散热,17032288,96136,12%,14.50%,20%
电子产品,游戏机配件,控制台支架,17032288,96137,12%,14.50%,20%
电子产品,游戏机配件,游戏机配件,200000102,971062474,12%,14.50%,20%
电子产品,游戏机配件,游戏卡带,41068443,99055,12%,14.50%,20%
电子产品,游戏机配件,控制器盖,43433379,97249,12%,14.50%,20%
电子产品,电缆和适配器,USB 集线器,17032290,95671,12%,14.50%,20%
电子产品,电缆和适配器,互联网连接电缆,17032292,115012246,12%,14.50%,20%
电子产品,电缆和适配器,延长线,17032292,95676,12%,14.50%,20%
电子产品,电缆和适配器,天线电缆,17032292,970579941,12%,14.50%,20%
电子产品,电缆和适配器,运动手环充电线,17032292,970682683,12%,14.50%,20%
电子产品,电缆和适配器,音频线缆,17032292,970781744,12%,14.50%,20%
电子产品,电缆和适配器,视频电缆,17032292,970781745,12%,14.50%,20%
电子产品,电缆和适配器,电源线,17032292,970825506,12%,14.50%,20%
电子产品,电缆和适配器,移动设备电缆,17032292,971081965,12%,14.50%,20%
电子产品,电缆和适配器,计算机外围设备电缆,17032292,971082159,12%,14.50%,20%
电子产品,电缆和适配器,工具电缆,17032292,97621,12%,14.50%,20%
电子产品,电缆和适配器,连接器,200001498,95673,12%,14.50%,20%
电子产品,电缆和适配器,适配器电缆,200001498,95674,12%,14.50%,20%
电子产品,电缆和适配器,电缆分路器,200001498,95675,12%,14.50%,20%
电子产品,电缆和适配器,电缆测试仪,200001498,970878805,12%,14.50%,20%
电子产品,电缆和适配器,电缆架,24665889,91548,12%,14.50%,20%
电子产品,电缆和适配器,电缆磨损保护 ,24665889,970627153,12%,14.50%,20%
电子产品,电缆和适配器,电线存储箱,24665889,97946,12%,14.50%,20%
电子产品,电缆和适配器,电涌保护器存储箱,24665889,98456,12%,14.50%,20%
电子产品,电视,电视机,17032114,94988,12%,14.50%,20%
电子产品,望远镜和显微镜,显微镜,17032115,94822,12%,14.50%,20%
电子产品,望远镜和显微镜,显微镜配件,17032115,97402,12%,14.50%,20%
电子产品,望远镜和显微镜,望远镜,17032116,94823,12%,14.50%,20%
电子产品,望远镜和显微镜,望远镜配件,17032116,98609,12%,14.50%,20%
电子产品,有线和 DECT 电话,手机、电话交换机配件,17032117,970880437,12%,14.50%,20%
电子产品,有线和 DECT 电话,有线电话,17032122,91723,12%,14.50%,20%
电子产品,电源线、分线器和延长线,网络适配器,17030685,971168639,12%,14.50%,20%
电子产品,电源线、分线器和延长线,电源分线器,17030686,91788,12%,14.50%,20%
电子产品,电源线、分线器和延长线,延长线，电源滤波器,17030686,91790,12%,14.50%,20%
电子产品,智能手表,智能手表表带,17030689,94697,12%,14.50%,20%
电子产品,智能手表,智能手表装饰,17030689,97156,12%,14.50%,20%
电子产品,智能手表,智能手表,17032126,94698,12%,14.50%,20%
电子产品,智能手表,儿童智能手表,17032126,97693,12%,14.50%,20%
电子产品,智能手表,智能手表电池 ,93270772,970865571,12%,14.50%,20%
电子产品,智能手表,智能手表配件,93270772,970961835,12%,14.50%,20%
电子产品,手动输入设备,游戏键盘,17030697,91797,12%,14.50%,20%
电子产品,手动输入设备,键盘,17030697,91801,12%,14.50%,20%
电子产品,手动输入设备,游戏键盘、鼠标套装,17030700,91803,12%,14.50%,20%
电子产品,手动输入设备,键盘、鼠标套装,17030700,91804,12%,14.50%,20%
电子产品,手动输入设备,游戏鼠标,17030701,91798,12%,14.50%,20%
电子产品,手动输入设备,电脑鼠标,17030701,91805,12%,14.50%,20%
电子产品,手动输入设备,电视遥控器,17031717,91809,12%,14.50%,20%
电子产品,手动输入设备,遥控器支架,17031717,970855397,12%,14.50%,20%
电子产品,手动输入设备,灯具遥控器,17031717,970941664,12%,14.50%,20%
电子产品,手动输入设备,遥控器维修套件,17031717,971003890,12%,14.50%,20%
电子产品,手动输入设备,遥控器套,17031717,98229,12%,14.50%,20%
电子产品,手动输入设备,游戏方向盘,17031718,91810,12%,14.50%,20%
电子产品,手动输入设备,模拟赛车配件,17031718,971079311,12%,14.50%,20%
电子产品,手动输入设备,直播控制器,90799095,409069095,12%,14.50%,20%
电子产品,手动输入设备,触控板,90799095,970780257,12%,14.50%,20%
电子产品,手动输入设备,腕托,90799095,970782665,12%,14.50%,20%
电子产品,手动输入设备,键盘、鼠标配件,90799095,970801332,12%,14.50%,20%
电子产品,手动输入设备,键盘套,90799095,970870448,12%,14.50%,20%
电子产品,手动输入设备,键盘清洁维修套件,90799095,970940776,12%,14.50%,20%
电子产品,手动输入设备,键盘支架,90799095,970955161,12%,14.50%,20%
电子产品,手动输入设备,键盘润滑剂,90799095,971294479,12%,14.50%,20%
电子产品,摄影和摄像设备配件,滤光器,17030708,91748,12%,14.50%,20%
电子产品,摄影和摄像设备配件,防水壳,17031719,91734,12%,14.50%,20%
电子产品,摄影和摄像设备配件,用于拍照的镜头遮光罩,17031720,91735,12%,14.50%,20%
电子产品,摄影和摄像设备配件,镜头盖,17031720,91742,12%,14.50%,20%
电子产品,摄影和摄像设备配件,镜头适配器,17031720,91744,12%,14.50%,20%
电子产品,摄影和摄像设备配件,闪光灯,17031721,91736,12%,14.50%,20%
电子产品,摄影和摄像设备配件,移动拍摄灯,17031721,97420,12%,14.50%,20%
电子产品,摄影和摄像设备配件,照片墨盒,17034975,91611,12%,14.50%,20%
电子产品,摄影和摄像设备配件,相机胶卷,17034975,971066314,12%,14.50%,20%
电子产品,摄影和摄像设备配件,胶卷盒,17034975,971159374,12%,14.50%,20%
电子产品,摄影和摄像设备配件,相机液晶屏保护罩,200001707,91738,12%,14.50%,20%
电子产品,摄影和摄像设备配件,相机配件,200001707,91740,12%,14.50%,20%
电子产品,摄影和摄像设备配件,相机背带,200001707,91746,12%,14.50%,20%
电子产品,摄影和摄像设备配件,取景器,200001707,970960410,12%,14.50%,20%
电子产品,摄影和摄像设备配件,闪光灯同步器,43434746,91749,12%,14.50%,20%
电子产品,摄影和摄像设备配件,视频发送器,43434746,971307628,12%,14.50%,20%
电子产品,摄影和摄像设备配件,蓝牙拍照按钮,43436319,91793,12%,14.50%,20%
电子产品,摄影和摄像设备配件,录音带,91787827,970892542,12%,14.50%,20%
电子产品,摄影和摄像设备配件,录像带,91787827,970892543,12%,14.50%,20%
电子产品,摄影和摄像设备配件,磁带,91787827,971159818,12%,14.50%,20%
电子产品,保护套,平板电脑保护套,17030718,115948509,12%,14.50%,20%
电子产品,保护套,耳机盒,17030719,97021,12%,14.50%,20%
电子产品,保护套,音响、播放器保护套,17030719,97024,12%,14.50%,20%
电子产品,保护套,耳机充电盒,17030719,971363141,12%,14.50%,20%
电子产品,保护套,手机挂绳,17030721,122770107,12%,14.50%,20%
电子产品,保护套,智能手机壳,17030721,97011,12%,14.50%,20%
电子产品,保护套,智能手机卡套,17030721,971444249,12%,14.50%,20%
电子产品,保护套,摄影摄像设备包,17030722,97022,12%,14.50%,20%
电子产品,保护套,电子书套,17030723,97020,12%,14.50%,20%
电子产品,保护套,电脑配件、外设保护套,17031737,97019,12%,14.50%,20%
电子产品,保护套,游戏机套,17031739,97015,12%,14.50%,20%
电子产品,保护套,智能手表保护玻璃、保护壳,43435624,97162,12%,14.50%,20%
电子产品,三脚架与稳定器,自拍杆,17031746,91776,12%,14.50%,20%
电子产品,三脚架与稳定器,折叠三脚架,17031746,91780,12%,14.50%,20%
电子产品,三脚架与稳定器,智能手机稳定器,17031746,99500,12%,14.50%,20%
电子产品,三脚架与稳定器,稳定器配件,17031748,863341198,12%,14.50%,20%
电子产品,三脚架与稳定器,三脚架移动平台,17031748,91775,12%,14.50%,20%
电子产品,三脚架与稳定器,三脚架平台,17031748,91777,12%,14.50%,20%
电子产品,三脚架与稳定器,三脚架云台,17031748,91782,12%,14.50%,20%
电子产品,音响和扬声器,家庭影院,17032071,95304,12%,14.50%,20%
电子产品,音响和扬声器,回音壁,17032072,95305,12%,14.50%,20%
电子产品,音响和扬声器,电脑音响系统,17034660,95318,12%,14.50%,20%
电子产品,音响和扬声器,智能音箱,17034662,447870437,12%,14.50%,20%
电子产品,音响和扬声器,无线音箱,17034662,95320,12%,14.50%,20%
电子产品,音响和扬声器,智能音箱备件,17034662,971450163,12%,14.50%,20%
电子产品,音响和扬声器,车载音响,17034746,96488,12%,14.50%,20%
电子产品,音响和扬声器,磁带播放器,17034746,970682682,12%,14.50%,20%
电子产品,音响和扬声器,组合音响,17034747,96489,12%,14.50%,20%
电子产品,音响和扬声器,卡拉OK系统,89750394,970863449,12%,14.50%,20%
电子产品,天线及配件,天线紧固件,200001708,97710,12%,14.50%,20%
电子产品,电池和蓄电池,充电宝,17034672,91886,12%,14.50%,20%
电子产品,电池和蓄电池,电池盒,17034672,971007032,12%,14.50%,20%
电子产品,电池和蓄电池,电池盒,43435856,91885,12%,14.50%,20%
电子产品,电池和蓄电池,手机电池 ,43443565,91880,12%,14.50%,20%
电子产品,VR设备及配件,3D眼镜,17036542,91899,12%,14.50%,20%
电子产品,VR设备及配件,VR眼镜,17036542,97239,12%,14.50%,20%
电子产品,VR设备及配件,虚拟现实配件,200001706,971104255,12%,14.50%,20%
电子产品,黑胶唱片播放器及配件,黑胶唱片机,17034885,115947054,12%,14.50%,20%
电子产品,黑胶唱片播放器及配件,黑胶唱片数字化仪,17034885,970958994,12%,14.50%,20%
电子产品,黑胶唱片播放器及配件,黑胶唱机配件、备件,17034885,971150003,12%,14.50%,20%
电子产品,黑胶唱片播放器及配件,唱片存储箱,43430351,970626359,12%,14.50%,20%
电子产品,黑胶唱片播放器及配件,唱片护理套件,43430351,970680397,12%,14.50%,20%
电子产品,黑胶唱片播放器及配件,唱片架,43430351,970864534,12%,14.50%,20%
电子产品,黑胶唱片播放器及配件,唱片套,43430351,97378,12%,14.50%,20%
电子产品,电子设备和配件,智能手机散热器,100381623,95136,12%,14.50%,20%
电子产品,电子设备和配件,智能手机屏幕放大镜,100381623,970856632,12%,14.50%,20%
电子产品,电子设备和配件,手机镜头,100381623,97159,12%,14.50%,20%
电子产品,电子设备和配件,手写笔配件,17034722,91562,12%,14.50%,20%
电子产品,电子设备和配件,手写笔,17034722,91574,12%,14.50%,20%
电子产品,电子设备和配件,智能笔,17034722,970877188,12%,14.50%,20%
电子产品,电子设备和配件,数码相框,17034942,91496,12%,14.50%,20%
电子产品,电子设备和配件,非接触式支付手环,200001709,970579909,12%,14.50%,20%
电子产品,电子设备和配件,智能戒指,200001709,970788293,12%,14.50%,20%
电子产品,电子设备和配件,智能名片,200001709,970868727,12%,14.50%,20%
电子产品,计算机冷却系统,导热膏刮刀,24632725,970671240,12%,14.50%,20%
电子产品,计算机冷却系统,热熔胶棒,24632725,970983153,12%,14.50%,20%
电子产品,计算机冷却系统,导热硅脂,24632725,99372,12%,14.50%,20%
电子产品,支架、固定架、底座,网络设备安装配件,17034739,95898,12%,14.50%,20%
电子产品,支架、固定架、底座,显示器支架,17034739,95902,12%,14.50%,20%
电子产品,支架、固定架、底座,电视支架,17034739,95905,12%,14.50%,20%
电子产品,支架、固定架、底座,电视装饰框,17034739,970715585,12%,14.50%,20%
电子产品,支架、固定架、底座,电视安全带,17034739,98411,12%,14.50%,20%
电子产品,支架、固定架、底座,DJ 设备机架,17034739,99022,12%,14.50%,20%
电子产品,支架、固定架、底座,显示器座,17034739,99379,12%,14.50%,20%
电子产品,支架、固定架、底座,手机气囊支架,43429661,268217788,12%,14.50%,20%
电子产品,支架、固定架、底座,手机支架,43429661,98636,12%,14.50%,20%
电子产品,支架、固定架、底座,平板电脑支架,43436487,99378,12%,14.50%,20%
电子产品,支架、固定架、底座,耳机支架,43436487,99380,12%,14.50%,20%
电子产品,支架、固定架、底座,智能手表支架,43436487,99382,12%,14.50%,20%
电子产品,支架、固定架、底座,电脑悬挂支架,43436489,970804067,12%,14.50%,20%
电子产品,支架、固定架、底座,笔记本电脑支架,43436489,99383,12%,14.50%,20%
电子产品,支架、固定架、底座,电视屏幕保护膜,89037366,970856631,12%,14.50%,20%
电子产品,麦克风和配件,麦克风,17034934,95141,12%,14.50%,20%
电子产品,麦克风和配件,语音广播系统,17034934,971083532,12%,14.50%,20%
电子产品,麦克风和配件,录音室套件,17034934,971168551,12%,14.50%,20%
电子产品,麦克风和配件,麦克风支架,17034934,97569,12%,14.50%,20%
电子产品,麦克风和配件,麦克风配件,17034934,97589,12%,14.50%,20%
电子产品,显示器和零件,显示器,17034937,91494,12%,14.50%,20%
电子产品,显示器和零件,交互式视频面板,17034937,970739234,12%,14.50%,20%
电子产品,显示器和零件,相机屏幕,17034937,970803519,12%,14.50%,20%
电子产品,耳机和耳麦,摩托车耳机,17034944,970959015,12%,14.50%,20%
电子产品,耳机和耳麦,耳机,17034949,504866264,12%,14.50%,20%
电子产品,U盘与存储卡,刻录光盘,17034950,91295,12%,14.50%,20%
电子产品,安防系统与门禁控制系统,扩音器,17033890,97411,12%,14.50%,20%
电子产品,安防系统与门禁控制系统,家庭安防系统套装,17033891,95830,12%,14.50%,20%
电子产品,安防系统与门禁控制系统,安防系统安装配件,17033891,970583534,12%,14.50%,20%
电子产品,安防系统与门禁控制系统,电视模拟器 ,17033891,970862669,12%,14.50%,20%
电子产品,安防系统与门禁控制系统,工业安全系统,17033891,971047643,12%,14.50%,20%
电子产品,安防系统与门禁控制系统,安全系统信号中继器,17033891,971092829,12%,14.50%,20%
电子产品,安防系统与门禁控制系统,电子钥匙,17037440,14591392,12%,14.50%,20%
电子产品,安防系统与门禁控制系统,读取器,17037440,59468087,12%,14.50%,20%
电子产品,安防系统与门禁控制系统,电子锁,17037440,94536,12%,14.50%,20%
电子产品,安防系统与门禁控制系统,门禁系统,200001716,59468083,12%,14.50%,20%
电子产品,安防系统与门禁控制系统,旋转栅门,200001716,971106337,12%,14.50%,20%
电子产品,安防系统与门禁控制系统,自动门配件、备件,72745915,970619975,12%,14.50%,20%
电子产品,安防系统与门禁控制系统,门窗自动开闭装置,72745915,970952402,12%,14.50%,20%
电子产品,安防系统与门禁控制系统,防盗系统,90486565,970880441,12%,14.50%,20%
电子产品,安防系统与门禁控制系统,电话模型 ,90486565,970958653,12%,14.50%,20%
电子产品,安防系统与门禁控制系统,门禁对讲安装配件,94546379,970981484,12%,14.50%,20%
电子产品,打印机、扫描仪及多功能一体机,复印机,17033894,91514,12%,14.50%,20%
电子产品,打印机、扫描仪及多功能一体机,多功能一体机,17033895,91515,12%,14.50%,20%
电子产品,打印机、扫描仪及多功能一体机,打印机,17033896,91516,12%,14.50%,20%
电子产品,打印机、扫描仪及多功能一体机,收据打印机,17033896,96865,12%,14.50%,20%
电子产品,打印机、扫描仪及多功能一体机,贴纸、标签打印机,17033896,971957387,12%,14.50%,20%
电子产品,打印机、扫描仪及多功能一体机,扫描仪,17033897,91517,12%,14.50%,20%
电子产品,打印机、扫描仪及多功能一体机,迷你打印机,43435088,91518,12%,14.50%,20%
电子产品,投影机,投影仪,17033900,91525,12%,14.50%,20%
电子产品,投影机,图案投影仪,43433075,504866269,12%,14.50%,20%
电子产品,投影机,全息风扇,43433075,970664076,12%,14.50%,20%
电子产品,投影机,像素屏,43433075,970971430,12%,14.50%,20%
电子产品,投影机,投影仪屏幕,89299252,91495,12%,14.50%,20%
电子产品,投影机,投影机备件,89299252,970863485,12%,14.50%,20%
电子产品,投影机,投影屏幕张紧器,89299252,970994386,12%,14.50%,20%
电子产品,打印耗材,打印耗材,17034962,95980,12%,14.50%,20%
电子产品,打印耗材,塑封膜,17034968,97444,12%,14.50%,20%
电子产品,电子产品清洁产品和耗材,数位板手套,17040017,970897014,12%,14.50%,20%
电子产品,电子产品清洁产品和耗材,防尘罩,17040017,971002589,12%,14.50%,20%
电子产品,电子产品清洁产品和耗材,电子清洁刷,17040017,971133788,12%,14.50%,20%
电子产品,电子产品清洁产品和耗材,电子设备清洁工具,43434586,91571,12%,14.50%,20%
电子产品,电子产品清洁产品和耗材,电子产品喷雾,43434586,92710,12%,14.50%,20%
电子产品,电子产品清洁产品和耗材,打印机清洁剂,43434586,95991,12%,14.50%,20%
电子产品,电子产品清洁产品和耗材,防静电清洁手套,43434586,970843176,12%,14.50%,20%
电子产品,电子产品清洁产品和耗材,电子产品清洁布,43434586,99399,12%,14.50%,20%
电子产品,电子产品清洁产品和耗材,清洁铅笔,43434586,99401,12%,14.50%,20%
电子产品,电子产品清洁产品和耗材,电子产品清洁套件,43434586,99402,12%,14.50%,20%
电子产品,背包、套包、包,手提电脑包,17032711,91342,12%,14.50%,20%
电子产品,背包、套包、包,笔记本电脑锁,17032711,91551,12%,14.50%,20%
电子产品,背包、套包、包,光盘存储配件,17033939,970688452,12%,14.50%,20%
电子产品,鼠标垫,鼠标垫,18262767,96808,12%,14.50%,20%
电子产品,加密货币矿工与加密货币钱包,恢复短语存储设备,40674472,971149236,12%,14.50%,20%
电子产品,摄影工作室设备,反射器,17030705,115950045,12%,14.50%,20%
电子产品,摄影工作室设备,投影模具,17030705,971871099,12%,14.50%,20%
电子产品,摄影工作室设备,照片盒,17030705,98549,12%,14.50%,20%
电子产品,摄影工作室设备,摄影伞,17030705,98554,12%,14.50%,20%
电子产品,摄影工作室设备,柔光箱,17030705,99011,12%,14.50%,20%
电子产品,摄影工作室设备,演播室设备,17030710,91750,12%,14.50%,20%
电子产品,摄影工作室设备,暗室配件,200001714,971229598,12%,14.50%,20%
电子产品,摄影工作室设备,Chroma Key抠像背景布,43435609,408451301,12%,14.50%,20%
电子产品,摄影工作室设备,拍照背景支架,43435609,971100222,12%,14.50%,20%
电子产品,摄影工作室设备,照片背景,43435609,98991,12%,14.50%,20%
电子产品,印刷设备,传真机,17033899,91519,12%,14.50%,20%
电子产品,印刷设备,覆膜机,17034717,91558,12%,14.50%,20%
电子产品,印刷设备,装订机，书籍装订机,17034898,91544,12%,14.50%,20%
电子产品,印刷设备,切纸机,17034898,970690301,12%,14.50%,20%
电子产品,印刷设备,绘图仪,24692677,96864,12%,14.50%,20%
电子产品,印刷设备,热压机,93554835,970971656,12%,14.50%,20%
电子产品,印刷设备,标签贴标机,97080284,970958993,12%,14.50%,20%
电子产品,印刷设备,印刷机,97080284,970988679,12%,14.50%,20%
电子产品,印刷设备,印刷机零件,97080284,971941645,12%,14.50%,20%
电子产品,3D 打印和扫描,3D扫描仪,200001524,91513,12%,14.50%,20%
电子产品,3D 打印和扫描,3D打印膜材,200001725,970832318,12%,14.50%,20%
电子产品,智能家居,智能家居设备支架,24695423,972188831,12%,14.50%,20%
电子产品,智能家居,智能家居传感器,24695423,972188832,12%,14.50%,20%
电子产品,智能家居,智能继电器,24695423,972188833,12%,14.50%,20%
电子产品,智能家居,泄漏保护系统,24695423,99436,12%,14.50%,20%
电子产品,电子设备,密码输入板,43433388,98392,12%,14.50%,20%
电子产品,电子设备,在线收银机的保护玻璃,43433389,970803731,12%,14.50%,20%
电子产品,电子设备,在线收银机,43433389,98308,12%,14.50%,20%
电子产品,电子设备,条码扫描器,43434745,98454,12%,14.50%,20%
电子产品,电子设备,电子收银台,43436316,98236,12%,14.50%,20%
电子产品,电子设备,财政数据运营商激活码,89377247,970863796,12%,14.50%,20%
电子产品,电子设备,访客计数器,95449746,661551652,12%,14.50%,20%
电子产品,电子设备,POS机电脑,97855537,970989429,12%,14.50%,20%
电子产品,四旋翼无人机、无人机及机器人,货物抛投系统,92448190,972943129,12%,14.50%,20%
电子产品,智能手机维修零件和工具,手机零件,43430580,504866229,12%,14.50%,20%
电子产品,舞台设备和灯光,迪斯科球,57716001,970882223,12%,14.50%,20%
电子产品,舞台设备和灯光,舞台灯具,57716001,970987978,12%,14.50%,20%
电子产品,舞台设备和灯光,舞台灯光控制器,57716001,970987980,12%,14.50%,20%
电子产品,舞台设备和灯光,灯架,57716001,99023,12%,14.50%,20%
电子产品,舞台设备和灯光,特效发生器液,57716043,718886862,12%,14.50%,20%
电子产品,舞台设备和灯光,特效激光 ,57716043,970693019,12%,14.50%,20%
电子产品,舞台设备和灯光,窗帘复位系统,57716043,971854061,12%,14.50%,20%
电子产品,舞台设备和灯光,舞台设备备件,57716043,971914440,12%,14.50%,20%
电子产品,舞台设备和灯光,特效发生器,57716043,99025,12%,14.50%,20%
电子产品,舞台设备和灯光,舞台设备箱,96449078,970986869,12%,14.50%,20%
电子产品,笔记本电脑更换部件,笔记本电池,43443566,91881,12%,14.50%,20%
电子产品,笔记本电脑更换部件,笔记本电脑外壳元件,75285109,970665294,12%,14.50%,20%
电子产品,办公设备,撕碎机,34238696,96595,12%,14.50%,20%
电子产品,办公设备,钞票检测器,56983376,405801078,12%,14.50%,20%
电子产品,办公设备,硬币清分计数器,56983376,970601774,12%,14.50%,20%
电子产品,办公设备,钞票分点钞机,56983376,970689914,12%,14.50%,20%
电子产品,办公设备,贵金属探测器,56983376,970699947,12%,14.50%,20%
电子产品,办公设备,演示遥控器,92105303,91808,12%,14.50%,20%
电子产品,办公设备,会议联络系统,92105303,970831237,12%,14.50%,20%
电子产品,办公设备,会议对讲设备,92105303,970939159,12%,14.50%,20%
电子产品,音视频设备零配件与附件,音响支架、固定件,95617551,95910,12%,14.50%,20%
电子产品,音视频设备零配件与附件,智能音箱支架,95617551,970959004,12%,14.50%,20%
电子产品,音视频设备零配件与附件,音响设备配件、备件,95617551,970985280,12%,14.50%,20%
电子产品,音视频设备零配件与附件,耳机耳垫,95617551,98638,12%,14.50%,20%
建筑和装修,手柄、锁具及五金配件,门扣，门栓,17037736,504866240,12%,18%,18%
建筑和装修,手柄、锁具及五金配件,锁具,17037736,94526,12%,18%,18%
建筑和装修,手柄、锁具及五金配件,挂锁门搭扣,17037736,94528,12%,18%,18%
建筑和装修,手柄、锁具及五金配件,门把手,17037736,94531,12%,18%,18%
建筑和装修,手柄、锁具及五金配件,锁芯,17037736,94534,12%,18%,18%
建筑和装修,手柄、锁具及五金配件,门环,17037736,970595103,12%,18%,18%
建筑和装修,手柄、锁具及五金配件,自动门挡,17037736,970664218,12%,18%,18%
建筑和装修,手柄、锁具及五金配件,门锁舌,17037736,970676247,12%,18%,18%
建筑和装修,手柄、锁具及五金配件,门开启脚踏垫,17037736,970835649,12%,18%,18%
建筑和装修,手柄、锁具及五金配件,检修口把手,17037736,970888940,12%,18%,18%
建筑和装修,手柄、锁具及五金配件,钥匙胚组合包,17037736,970956802,12%,18%,18%
建筑和装修,手柄、锁具及五金配件,锁具配件,17037736,971108827,12%,18%,18%
建筑和装修,手柄、锁具及五金配件,推拉门系统,43429262,970664219,12%,18%,18%
建筑和装修,手柄、锁具及五金配件,闭门器配件,43429262,970851000,12%,18%,18%
建筑和装修,手柄、锁具及五金配件,折叠门系统,43429262,970984898,12%,18%,18%
建筑和装修,手柄、锁具及五金配件,推拉门五金配件,43429262,971433413,12%,18%,18%
建筑和装修,手柄、锁具及五金配件,门用闭门器,43429262,98055,12%,18%,18%
建筑和装修,手柄、锁具及五金配件,门合页,43433324,94529,12%,18%,18%
建筑和装修,手柄、锁具及五金配件,窗户限位器,43433949,405015796,12%,18%,18%
建筑和装修,手柄、锁具及五金配件,窗户把手,43433949,94533,12%,18%,18%
建筑和装修,手柄、锁具及五金配件,阳台门把手,43433949,971116629,12%,18%,18%
建筑和装修,手柄、锁具及五金配件,窗户配件,43433949,971448385,12%,18%,18%
建筑和装修,手柄、锁具及五金配件,门镜,75887702,970664222,12%,18%,18%
建筑和装修,手柄、锁具及五金配件,压印装置,87271333,970579549,12%,18%,18%
建筑和装修,手柄、锁具及五金配件,封铅,87271333,970691414,12%,18%,18%
建筑和装修,手柄、锁具及五金配件,插销，闸阀,87271405,461044328,12%,18%,18%
建筑和装修,手柄、锁具及五金配件,开启固定器,87271405,461157731,12%,18%,18%
建筑和装修,手柄、锁具及五金配件,包装用五金配件,88996924,970855771,12%,18%,18%
建筑和装修,手柄、锁具及五金配件,大门锁,89107072,970941701,12%,18%,18%
建筑和装修,手柄、锁具及五金配件,大门五金配件,89107072,970941706,12%,18%,18%
建筑和装修,梯子和折梯,阁楼楼梯,43429276,971324458,12%,18%,18%
建筑和装修,梯子和折梯,固定梯子,43429276,99321,12%,18%,18%
建筑和装修,梯子和折梯,移动式脚手架,43432829,94517,12%,18%,18%
建筑和装修,梯子和折梯,脚手架,43432829,94519,12%,18%,18%
建筑和装修,梯子和折梯,折梯,43432829,94520,12%,18%,18%
建筑和装修,梯子和折梯,楼梯、脚手架配件,43432829,970998255,12%,18%,18%
建筑和装修,梯子和折梯,建筑架,43433962,971076471,12%,18%,18%
建筑和装修,梯子和折梯,高跷,60362232,863153711,12%,18%,18%
建筑和装修,工具附属品,工具配件套装,17035010,94877,12%,18%,18%
建筑和装修,工具附属品,丝锥、板牙套装,17035010,970792429,12%,18%,18%
建筑和装修,工具附属品,冲击扳手套筒,17036790,317298674,12%,18%,18%
建筑和装修,工具附属品,数字、字母钢印,17036790,504866188,12%,18%,18%
建筑和装修,工具附属品,工具配件,17036790,91568,12%,18%,18%
建筑和装修,工具附属品,公制板牙,17036790,92115,12%,18%,18%
建筑和装修,工具附属品,磨刀石、磨刀器,17036790,92146,12%,18%,18%
建筑和装修,工具附属品,工具转换接头,17036790,94865,12%,18%,18%
建筑和装修,工具附属品,搅拌机搅拌杆,17036790,94868,12%,18%,18%
建筑和装修,工具附属品,雕刻机、振动器软轴,17036790,94869,12%,18%,18%
建筑和装修,工具附属品,批头、刀头支架,17036790,94871,12%,18%,18%
建筑和装修,工具附属品,工具导轨,17036790,94878,12%,18%,18%
建筑和装修,工具附属品,套筒扳手?,17036790,94893,12%,18%,18%
建筑和装修,工具附属品,筒夹,17036790,94894,12%,18%,18%
建筑和装修,工具附属品,旋转锤凿,17036790,94907,12%,18%,18%
建筑和装修,工具附属品,破碎锤钎杆,17036790,94934,12%,18%,18%
建筑和装修,工具附属品,喷嘴,17036790,94944,12%,18%,18%
建筑和装修,工具附属品,坐标工作台,17036790,970575608,12%,18%,18%
建筑和装修,工具附属品,钻井导管,17036790,970575688,12%,18%,18%
建筑和装修,工具附属品,喷涂泡沫喷嘴,17036790,970618723,12%,18%,18%
建筑和装修,工具附属品,铣桌,17036790,970667836,12%,18%,18%
建筑和装修,工具附属品,铣削附件,17036790,970667837,12%,18%,18%
建筑和装修,工具附属品,割草机运动限制器,17036790,970689732,12%,18%,18%
建筑和装修,工具附属品,钻头、夹头用柄部,17036790,970779324,12%,18%,18%
建筑和装修,工具附属品,钻孔深度限制器,17036790,970780405,12%,18%,18%
建筑和装修,工具附属品,胶枪、密封胶枪喷嘴,17036790,970843305,12%,18%,18%
建筑和装修,工具附属品,砂轮适配器,17036790,970939485,12%,18%,18%
建筑和装修,工具附属品,斧柄,17036790,970956837,12%,18%,18%
建筑和装修,工具附属品,斧子楔子,17036790,970973205,12%,18%,18%
建筑和装修,工具附属品,台钳钳口垫,17036790,970985963,12%,18%,18%
建筑和装修,工具附属品,螺丝批头,17036790,970994407,12%,18%,18%
建筑和装修,工具附属品,设备减振支座,17036790,971045360,12%,18%,18%
建筑和装修,工具附属品,钻孔、打眼用集尘器,17036790,971049423,12%,18%,18%
建筑和装修,工具附属品,雕刻机刷附件,17036790,971062475,12%,18%,18%
建筑和装修,工具附属品,钻井区供水装置,17036790,971065702,12%,18%,18%
建筑和装修,工具附属品,车床卡盘,17036790,971305842,12%,18%,18%
建筑和装修,工具附属品,金刚石取芯钻头刀头,17036790,971878936,12%,18%,18%
建筑和装修,工具附属品,支撑板，芯轴,17036790,97545,12%,18%,18%
建筑和装修,工具附属品,锤柄，锉刀柄,17036790,98371,12%,18%,18%
建筑和装修,工具附属品,套筒,17036792,92145,12%,18%,18%
建筑和装修,工具附属品,批头,17036792,94867,12%,18%,18%
建筑和装修,工具附属品,钥匙适配器,17036792,94885,12%,18%,18%
建筑和装修,工具附属品,空气软管,52742278,95847,12%,18%,18%
建筑和装修,工具附属品,电动工具备件,76525013,94891,12%,18%,18%
建筑和装修,工具附属品,汽油工具备件,76525013,971016012,12%,18%,18%
建筑和装修,工具附属品,机床配件,76525013,971225270,12%,18%,18%
建筑和装修,工具附属品,液压设备维修套件,76525013,971287794,12%,18%,18%
建筑和装修,电灯泡,电灯泡,17032050,91309,12%,18%,18%
建筑和装修,电灯泡,灯泡座,88051167,898304758,12%,18%,18%
建筑和装修,电灯泡,荧光灯起动器,88051167,970625351,12%,18%,18%
建筑和装修,测量工具,测量软尺,43430260,91694,12%,18%,18%
建筑和装修,测量工具,测量卷尺,43430260,91705,12%,18%,18%
建筑和装修,测量工具,激光水平仪，水准仪,43430262,91696,12%,18%,18%
建筑和装修,测量工具,光学水平仪,43430262,970879088,12%,18%,18%
建筑和装修,测量工具,燃气表,43430456,970671754,12%,18%,18%
建筑和装修,测量工具,燃气表保护壳,43430456,971167310,12%,18%,18%
建筑和装修,测量工具,燃气表配件,43430456,971289384,12%,18%,18%
建筑和装修,测量工具,直尺，建筑角尺,43432967,91697,12%,18%,18%
建筑和装修,测量工具,量角规,43432967,91699,12%,18%,18%
建筑和装修,测量工具,雷斯图斯标记,43432967,91704,12%,18%,18%
建筑和装修,测量工具,量角器,43432967,91711,12%,18%,18%
建筑和装修,测量工具,靠模样板,43432967,970693408,12%,18%,18%
建筑和装修,测量工具,孔定位器磁贴,43432967,971034143,12%,18%,18%
建筑和装修,测量工具,水平仪配件,43434175,91781,12%,18%,18%
建筑和装修,测量工具,大地测量设备附件,43434175,971304485,12%,18%,18%
建筑和装修,测量工具,转速表,43434888,270718135,12%,18%,18%
建筑和装修,测量工具,水分仪,43434888,270718140,12%,18%,18%
建筑和装修,测量工具,测力器,43434888,270794717,12%,18%,18%
建筑和装修,测量工具,测量头,43434888,344082162,12%,18%,18%
建筑和装修,测量工具,湿度计,43434888,91691,12%,18%,18%
建筑和装修,测量工具,照度计,43434888,91698,12%,18%,18%
建筑和装修,测量工具,高温计,43434888,91702,12%,18%,18%
建筑和装修,测量工具,气体传感器,43434888,91706,12%,18%,18%
建筑和装修,测量工具,混凝土回弹仪,43434888,91707,12%,18%,18%
建筑和装修,测量工具,测厚仪,43434888,91710,12%,18%,18%
建筑和装修,测量工具,卡尺,43434888,91715,12%,18%,18%
建筑和装修,测量工具,声级计,43434888,91716,12%,18%,18%
建筑和装修,测量工具,土壤测量仪,43434888,92747,12%,18%,18%
建筑和装修,测量工具,划线带,43434888,94953,12%,18%,18%
建筑和装修,测量工具,内径测量仪,43434888,970573155,12%,18%,18%
建筑和装修,测量工具,折射计,43434888,970672386,12%,18%,18%
建筑和装修,测量工具,ORP测量仪,43434888,970672388,12%,18%,18%
建筑和装修,测量工具,电导率仪,43434888,970672389,12%,18%,18%
建筑和装修,测量工具,泄漏测试仪,43434888,970807545,12%,18%,18%
建筑和装修,测量工具,热量计,43434888,970827182,12%,18%,18%
建筑和装修,测量工具,压力变送器,43434888,970856634,12%,18%,18%
建筑和装修,测量工具,天然气流量计,43434888,970858630,12%,18%,18%
建筑和装修,测量工具,流体流量计,43434888,970858631,12%,18%,18%
建筑和装修,测量工具,粒子计数器,43434888,970861041,12%,18%,18%
建筑和装修,测量工具,微波辐射探测器,43434888,970861042,12%,18%,18%
建筑和装修,测量工具,硬度计,43434888,970872285,12%,18%,18%
建筑和装修,测量工具,温度记录仪,43434888,970879327,12%,18%,18%
建筑和装修,测量工具,深度计,43434888,970880684,12%,18%,18%
建筑和装修,测量工具,高度表,43434888,970883140,12%,18%,18%
建筑和装修,测量工具,混凝土流动性测试器,43434888,970886027,12%,18%,18%
建筑和装修,测量工具,测量探头,43434888,970939576,12%,18%,18%
建筑和装修,测量工具,比色计,43434888,970941984,12%,18%,18%
建筑和装修,测量工具,技术温度计,43434888,970957818,12%,18%,18%
建筑和装修,测量工具,探伤仪,43434888,970973206,12%,18%,18%
建筑和装修,测量工具,螺纹规,43434888,970973768,12%,18%,18%
建筑和装修,测量工具,真空计,43434888,970973769,12%,18%,18%
建筑和装修,测量工具,拉力计，压力计,43434888,971000774,12%,18%,18%
建筑和装修,测量工具,温度控制装置,43434888,971038356,12%,18%,18%
建筑和装修,测量工具,热量计算器,43434888,971039261,12%,18%,18%
建筑和装修,测量工具,参比电极,43434888,971093303,12%,18%,18%
建筑和装修,测量工具,温度压力计,43434888,971113392,12%,18%,18%
建筑和装修,测量工具,计量仪表配件,43434888,971118577,12%,18%,18%
建筑和装修,测量工具,粘度计,43434888,971400905,12%,18%,18%
建筑和装修,测量工具,试验台,43434888,971427330,12%,18%,18%
建筑和装修,测量工具,透度计,43434888,971444192,12%,18%,18%
建筑和装修,测量工具,光谱分析仪,43434888,971841741,12%,18%,18%
建筑和装修,测量工具,测微计,43434888,97499,12%,18%,18%
建筑和装修,测量工具,电流检漏仪,43434888,97518,12%,18%,18%
建筑和装修,测量工具,精度塞尺,43434888,97544,12%,18%,18%
建筑和装修,测量工具,测锤,43435731,91700,12%,18%,18%
建筑和装修,测量工具,施工水平,43435731,91712,12%,18%,18%
建筑和装修,测量工具,测量仪器用热电偶,43436371,970889085,12%,18%,18%
建筑和装修,测量工具,测试引线,43436371,970964209,12%,18%,18%
建筑和装修,测量工具,测量配件套装,43436371,971045335,12%,18%,18%
建筑和装修,测量工具,红外热像仪,92092177,99111,12%,18%,18%
建筑和装修,建筑和装修工具,螺旋扳手,17030736,92060,12%,18%,18%
建筑和装修,建筑和装修工具,扳手,17030736,92082,12%,18%,18%
建筑和装修,建筑和装修工具,扳手套装,17030736,92102,12%,18%,18%
建筑和装修,建筑和装修工具,棘轮扳手,17030736,92147,12%,18%,18%
建筑和装修,建筑和装修工具,链条铆接、拆铆工具,17030736,970874523,12%,18%,18%
建筑和装修,建筑和装修工具,火花塞螺纹修复套件,17030736,971053231,12%,18%,18%
建筑和装修,建筑和装修工具,安装环,17030736,971407037,12%,18%,18%
建筑和装修,建筑和装修工具,手弓锯,17031760,92092,12%,18%,18%
建筑和装修,建筑和装修工具,维修/建筑刀,17031760,92105,12%,18%,18%
建筑和装修,建筑和装修工具,建筑剪刀,17031760,92106,12%,18%,18%
建筑和装修,建筑和装修工具,玻璃刀,17031760,92135,12%,18%,18%
建筑和装修,建筑和装修工具,切管机,17031760,92150,12%,18%,18%
建筑和装修,建筑和装修工具,建筑切割器,17031760,971116852,12%,18%,18%
建筑和装修,建筑和装修工具,热切刀,17031760,971454608,12%,18%,18%
建筑和装修,建筑和装修工具,斧子,17031773,92144,12%,18%,18%
建筑和装修,建筑和装修工具,手钻,17031793,92056,12%,18%,18%
建筑和装修,建筑和装修工具,工具套件,17031793,92101,12%,18%,18%
建筑和装修,建筑和装修工具,锥,17031793,92155,12%,18%,18%
建筑和装修,建筑和装修工具,气动棘轮,17031793,94775,12%,18%,18%
建筑和装修,建筑和装修工具,气动凿子,17031793,94781,12%,18%,18%
建筑和装修,建筑和装修工具,电动工具套件,17031793,96064,12%,18%,18%
建筑和装修,建筑和装修工具,气动工具包 ,17031793,970671569,12%,18%,18%
建筑和装修,建筑和装修工具,气动折边机,17031793,971118629,12%,18%,18%
建筑和装修,建筑和装修工具,气动锯,17031793,97548,12%,18%,18%
建筑和装修,建筑和装修工具,气动锤,17031793,97549,12%,18%,18%
建筑和装修,建筑和装修工具,建筑起钉器,17031801,934414943,12%,18%,18%
建筑和装修,建筑和装修工具,建筑钉枪,17031801,970805654,12%,18%,18%
建筑和装修,建筑和装修工具,钉枪,17031801,970944397,12%,18%,18%
建筑和装修,建筑和装修工具,火药射钉枪,17031801,971048964,12%,18%,18%
建筑和装修,建筑和装修工具,螺丝刀套装 ,17039134,504866257,12%,18%,18%
建筑和装修,建筑和装修工具,螺丝刀,17039134,92108,12%,18%,18%
建筑和装修,建筑和装修工具,日志挂钩,17039139,92053,12%,18%,18%
建筑和装修,建筑和装修工具,刨子,17039139,92128,12%,18%,18%
建筑和装修,建筑和装修工具,斜锯,17039139,92139,12%,18%,18%
建筑和装修,建筑和装修工具,刮刀,17039139,970892691,12%,18%,18%
建筑和装修,建筑和装修工具,车床切刀,17039139,970943545,12%,18%,18%
建筑和装修,建筑和装修工具,木雕刀,17039139,98560,12%,18%,18%
建筑和装修,建筑和装修工具,滚筒手柄,17039998,364200921,12%,18%,18%
建筑和装修,建筑和装修工具,油漆滚筒,17039998,92057,12%,18%,18%
建筑和装修,建筑和装修工具,涂料托盘,17039998,92058,12%,18%,18%
建筑和装修,建筑和装修工具,涂料刷,17039998,92076,12%,18%,18%
建筑和装修,建筑和装修工具,砂光机,17039998,92141,12%,18%,18%
建筑和装修,建筑和装修工具,手动搅拌器,17039998,970740235,12%,18%,18%
建筑和装修,建筑和装修工具,油漆过滤器漏斗,17039998,970798565,12%,18%,18%
建筑和装修,建筑和装修工具,灌浆袋,17039998,970800573,12%,18%,18%
建筑和装修,建筑和装修工具,涂料海绵,17039998,970827357,12%,18%,18%
建筑和装修,建筑和装修工具,涂装工具套件,17039998,970871837,12%,18%,18%
建筑和装修,建筑和装修工具,滚筒、刷子清洁工具,17039998,971113090,12%,18%,18%
建筑和装修,建筑和装修工具,涂装配件,17039998,971155201,12%,18%,18%
建筑和装修,建筑和装修工具,伸缩磁铁,200001080,970978796,12%,18%,18%
建筑和装修,建筑和装修工具,焊接磁性角尺,200001080,971079306,12%,18%,18%
建筑和装修,建筑和装修工具,充磁机,200001080,971439139,12%,18%,18%
建筑和装修,建筑和装修工具,管子板牙架,200001081,92081,12%,18%,18%
建筑和装修,建筑和装修工具,丝锥,200001081,97538,12%,18%,18%
建筑和装修,建筑和装修工具,屋面框架,200001083,970998174,12%,18%,18%
建筑和装修,建筑和装修工具,手动板料折弯机,200001083,970998176,12%,18%,18%
建筑和装修,建筑和装修工具,带钢折弯机，钩子折弯机,200001083,971056725,12%,18%,18%
建筑和装修,建筑和装修工具,车顶工具,200001083,971072658,12%,18%,18%
建筑和装修,建筑和装修工具,手动弯边机,200001083,971279989,12%,18%,18%
建筑和装修,建筑和装修工具,玻璃吸盘,200001084,92134,12%,18%,18%
建筑和装修,建筑和装修工具,窗户安装套件,200001084,970947048,12%,18%,18%
建筑和装修,建筑和装修工具,弯管弹簧,200001085,92122,12%,18%,18%
建筑和装修,建筑和装修工具,扩口器,200001085,92123,12%,18%,18%
建筑和装修,建筑和装修工具,弯管器,200001085,92149,12%,18%,18%
建筑和装修,建筑和装修工具,管道刷,200001085,970664307,12%,18%,18%
建筑和装修,建筑和装修工具,管道倒线工,200001085,970896687,12%,18%,18%
建筑和装修,建筑和装修工具,管道倒角器,200001085,971369941,12%,18%,18%
建筑和装修,建筑和装修工具,定心头,200001085,971944825,12%,18%,18%
建筑和装修,建筑和装修工具,倒角器,200001085,98242,12%,18%,18%
建筑和装修,建筑和装修工具,去毛刺工具,200001085,98252,12%,18%,18%
建筑和装修,建筑和装修工具,干砌墙工装机具,200001086,214605477,12%,18%,18%
建筑和装修,建筑和装修工具,打孔钳,200001086,92121,12%,18%,18%
建筑和装修,建筑和装修工具,锤拱件,200001088,504866190,12%,18%,18%
建筑和装修,建筑和装修工具,起钉器,200001088,92062,12%,18%,18%
建筑和装修,建筑和装修工具,冲钉器,200001088,92064,12%,18%,18%
建筑和装修,建筑和装修工具,錾子,200001088,92071,12%,18%,18%
建筑和装修,建筑和装修工具,冲孔器,200001088,92075,12%,18%,18%
建筑和装修,建筑和装修工具,撬棍,200001088,92093,12%,18%,18%
建筑和装修,建筑和装修工具,撬棍,200001088,92100,12%,18%,18%
建筑和装修,建筑和装修工具,劈裂楔,200001088,970957178,12%,18%,18%
建筑和装修,建筑和装修工具,冲子,200001088,970966085,12%,18%,18%
建筑和装修,建筑和装修工具,扎线枪,200001089,970672704,12%,18%,18%
建筑和装修,建筑和装修工具,捆扎工具,200001089,971004513,12%,18%,18%
建筑和装修,建筑和装修工具,混凝土抹子,200001091,92063,12%,18%,18%
建筑和装修,建筑和装修工具,泥刀，抹子,200001091,92074,12%,18%,18%
建筑和装修,建筑和装修工具,砂浆桶,200001091,92085,12%,18%,18%
建筑和装修,建筑和装修工具,抹灰板,200001091,92118,12%,18%,18%
建筑和装修,建筑和装修工具,建筑刮刀,200001091,92131,12%,18%,18%
建筑和装修,建筑和装修工具,抹刀,200001091,92156,12%,18%,18%
建筑和装修,建筑和装修工具,建筑用刷,200001091,92157,12%,18%,18%
建筑和装修,建筑和装修工具,勾缝,200001091,970675321,12%,18%,18%
建筑和装修,建筑和装修工具,石膏混合物手动撒布机,200001091,970681735,12%,18%,18%
建筑和装修,建筑和装修工具,基准标,200001091,970791899,12%,18%,18%
建筑和装修,建筑和装修工具,油灰刀可更换刀片,200001091,970834490,12%,18%,18%
建筑和装修,建筑和装修工具,手动加气混凝土切割机,200001091,970988961,12%,18%,18%
建筑和装修,建筑和装修工具,齿形连接件,200001091,97515,12%,18%,18%
建筑和装修,建筑和装修工具,电缆切割工具,200001092,92072,12%,18%,18%
建筑和装修,建筑和装修工具,脱膜机,200001092,92079,12%,18%,18%
建筑和装修,建筑和装修工具,扎带枪,200001092,970838694,12%,18%,18%
建筑和装修,建筑和装修工具,钢带张紧、切割工具,200001092,971045923,12%,18%,18%
建筑和装修,建筑和装修工具,SIP板分离楔,200001092,971747697,12%,18%,18%
建筑和装修,建筑和装修工具,铁砧,200001370,99297,12%,18%,18%
建筑和装修,建筑和装修工具,手动夹具,43429877,92068,12%,18%,18%
建筑和装修,建筑和装修工具,虎钳,43429877,92142,12%,18%,18%
建筑和装修,建筑和装修工具,杠杆夹,43429877,971048873,12%,18%,18%
建筑和装修,建筑和装修工具,夹持器,43429877,97524,12%,18%,18%
建筑和装修,建筑和装修工具,划线器,43432873,91714,12%,18%,18%
建筑和装修,建筑和装修工具,施工标记笔,43432873,92095,12%,18%,18%
建筑和装修,建筑和装修工具,画线针,43432873,92154,12%,18%,18%
建筑和装修,建筑和装修工具,打标笔,43432873,970848811,12%,18%,18%
建筑和装修,建筑和装修工具,标记粉笔,43432873,971113001,12%,18%,18%
建筑和装修,建筑和装修工具,打标工具配件,43432873,971369424,12%,18%,18%
建筑和装修,建筑和装修工具,软锤,43432887,92077,12%,18%,18%
建筑和装修,建筑和装修工具,手锤,43432887,92089,12%,18%,18%
建筑和装修,建筑和装修工具,锤子,43432887,92099,12%,18%,18%
建筑和装修,建筑和装修工具,斜嘴钳,43433400,92054,12%,18%,18%
建筑和装修,建筑和装修工具,螺栓剪,43433400,92055,12%,18%,18%
建筑和装修,建筑和装修工具,手钳,43433400,92078,12%,18%,18%
建筑和装修,建筑和装修工具,圆头钳,43433400,92087,12%,18%,18%
建筑和装修,建筑和装修工具,剪线钳,43433400,92090,12%,18%,18%
建筑和装修,建筑和装修工具,鲤鱼钳，平口钳,43433400,92110,12%,18%,18%
建筑和装修,建筑和装修工具,压接钳,43433400,92119,12%,18%,18%
建筑和装修,建筑和装修工具,尖嘴钳,43433400,92143,12%,18%,18%
建筑和装修,建筑和装修工具,蜂鸣器,43433400,92158,12%,18%,18%
建筑和装修,建筑和装修工具,长嘴钳，尖嘴钳,43433400,97521,12%,18%,18%
建筑和装修,建筑和装修工具,什锦锉,43433403,92103,12%,18%,18%
建筑和装修,建筑和装修工具,锉,43433403,92104,12%,18%,18%
建筑和装修,建筑和装修工具,粗锉,43433403,92125,12%,18%,18%
建筑和装修,建筑和装修工具,手锯,43433406,92107,12%,18%,18%
建筑和装修,建筑和装修工具,带锯,43433406,94705,12%,18%,18%
建筑和装修,建筑和装修工具,园林锯,43433406,970581806,12%,18%,18%
建筑和装修,建筑和装修工具,密封胶枪,43433408,92113,12%,18%,18%
建筑和装修,建筑和装修工具,喷涂泡沫枪,43433408,92114,12%,18%,18%
建筑和装修,建筑和装修工具,双管胶枪,43433408,971061664,12%,18%,18%
建筑和装修,建筑和装修工具,手动瓷砖切割机,43434058,92116,12%,18%,18%
建筑和装修,建筑和装修工具,建筑胶枪,43434358,970969913,12%,18%,18%
建筑和装修,建筑和装修工具,弓形夹,43434754,92137,12%,18%,18%
建筑和装修,建筑和装修工具,扁凿，凿子,43434756,92132,12%,18%,18%
建筑和装修,建筑和装修工具,铰刀,43434762,504866191,12%,18%,18%
建筑和装修,建筑和装修工具,技术镊子,43434762,92112,12%,18%,18%
建筑和装修,建筑和装修工具,压紧辊,43434762,970960608,12%,18%,18%
建筑和装修,建筑和装修工具,伸缩式间隔棒,43434762,970961565,12%,18%,18%
建筑和装修,建筑和装修工具,手表维修工具,43434762,970985207,12%,18%,18%
建筑和装修,建筑和装修工具,清洁美缝刀（刮胶器）,43434762,971151174,12%,18%,18%
建筑和装修,建筑和装修工具,锯齿拨齿器,43434762,971454832,12%,18%,18%
建筑和装修,建筑和装修工具,钳工挂钩,43434762,971473933,12%,18%,18%
建筑和装修,建筑和装修工具,安装放大镜,73377897,970870336,12%,18%,18%
建筑和装修,建筑和装修工具,建筑用容器,87237411,970807558,12%,18%,18%
建筑和装修,电气安装产品,配电箱,17031811,321057674,12%,18%,18%
建筑和装修,电气安装产品,电气柜加热器,17031811,970978662,12%,18%,18%
建筑和装修,电气安装产品,电气面板附件,17031811,971011903,12%,18%,18%
建筑和装修,电气安装产品,电源连接套件,17031811,971302037,12%,18%,18%
建筑和装修,电气安装产品,面板框,17031812,94812,12%,18%,18%
建筑和装修,电气安装产品,插座,17031814,94814,12%,18%,18%
建筑和装修,电气安装产品,带开关插座,17031814,94815,12%,18%,18%
建筑和装修,电气安装产品,插头转换器,17031814,94821,12%,18%,18%
建筑和装修,电气安装产品,插座、开关面板,17031814,970692179,12%,18%,18%
建筑和装修,电气安装产品,高架地板舱口,17031814,970841937,12%,18%,18%
建筑和装修,电气安装产品,开关,17039146,94802,12%,18%,18%
建筑和装修,电气安装产品,百叶窗控制,17039146,94820,12%,18%,18%
建筑和装修,电气安装产品,区域通信器,17039149,971323305,12%,18%,18%
建筑和装修,电气安装产品,组装电能计量盘,24694398,970994138,12%,18%,18%
建筑和装修,电气安装产品,电表附件,24694398,971302800,12%,18%,18%
建筑和装修,电气安装产品,电表,24694398,97662,12%,18%,18%
建筑和装修,电气安装产品,插头保护,43429370,115012248,12%,18%,18%
建筑和装修,电气安装产品,电源插座和插头套件,43429370,970971275,12%,18%,18%
建筑和装修,电气安装产品,暗盒,43434082,94810,12%,18%,18%
建筑和装修,电气安装产品,带插头电源线,43436333,99388,12%,18%,18%
建筑和装修,电气安装产品,断路器,43443386,94800,12%,18%,18%
建筑和装修,电气安装产品,电信机柜配件,61853536,971062768,12%,18%,18%
建筑和装修,电气安装产品,电信机柜,71190998,970607535,12%,18%,18%
建筑和装修,电气安装产品,保险丝,85574693,970791958,12%,18%,18%
建筑和装修,电气安装产品,电容器,85574693,971041143,12%,18%,18%
建筑和装修,电气安装产品,自主灭火装置,86044790,971445831,12%,18%,18%
建筑和装修,建成的房屋、浴室和车库,临时板房,43432889,96721,12%,18%,18%
建筑和装修,建成的房屋、浴室和车库,车库,43432889,96722,12%,18%,18%
建筑和装修,建成的房屋、浴室和车库,集装箱房,43432889,971010261,12%,18%,18%
建筑和装修,建成的房屋、浴室和车库,集装箱房附加设备,43432889,971010263,12%,18%,18%
建筑和装修,建成的房屋、浴室和车库,成品房屋,43432889,971064365,12%,18%,18%
建筑和装修,建成的房屋、浴室和车库,成品桑拿房,43432889,971064366,12%,18%,18%
建筑和装修,建成的房屋、浴室和车库,房屋设计图,53451762,460805432,12%,18%,18%
建筑和装修,建成的房屋、浴室和车库,板棚,87440353,96725,12%,18%,18%
建筑和装修,建成的房屋、浴室和车库,杂物间,87440353,970823879,12%,18%,18%
建筑和装修,建成的房屋、浴室和车库,花园厕所,87440353,971004554,12%,18%,18%
建筑和装修,建成的房屋、浴室和车库,地窖,87440353,971039966,12%,18%,18%
建筑和装修,建成的房屋、浴室和车库,汽车遮阳篷,87440353,971105759,12%,18%,18%
建筑和装修,焊接设备,等离子切割机,17039161,94579,12%,18%,18%
建筑和装修,焊接设备,焊接设备,17039161,94581,12%,18%,18%
建筑和装修,焊接设备,铝热剂药筒/块,200001372,971870952,12%,18%,18%
建筑和装修,焊接设备,用于气体系统的软管,43435748,96122,12%,18%,18%
建筑和装修,焊接设备,焊丝,43443390,94938,12%,18%,18%
建筑和装修,焊接设备,焊条,43443390,94939,12%,18%,18%
建筑和装修,焊接设备,熔接配件,43443390,970891252,12%,18%,18%
建筑和装修,焊接设备,焊接设备零件,43443390,971045352,12%,18%,18%
建筑和装修,焊接设备,气焊软管,43443390,971125553,12%,18%,18%
建筑和装修,焊接设备,加气站设备配件,43443390,971200705,12%,18%,18%
建筑和装修,焊接设备,焊接用混合气体气瓶,82082722,971010890,12%,18%,18%
建筑和装修,动力机械设备,抹光机,17039164,94724,12%,18%,18%
建筑和装修,动力机械设备,振动压路机,17039165,94719,12%,18%,18%
建筑和装修,动力机械设备,振动板,17039165,94720,12%,18%,18%
建筑和装修,动力机械设备,振动梁,17039165,94721,12%,18%,18%
建筑和装修,动力机械设备,振动打夯机,17039165,94722,12%,18%,18%
建筑和装修,动力机械设备,深层振动器,17039165,94723,12%,18%,18%
建筑和装修,动力机械设备,瓷砖振动吸盘,17039165,971116822,12%,18%,18%
建筑和装修,动力机械设备,振动台,17039165,971291817,12%,18%,18%
建筑和装修,动力机械设备,振动成型机,17039165,971291818,12%,18%,18%
建筑和装修,动力机械设备,振动筛,17039165,971682566,12%,18%,18%
建筑和装修,动力机械设备,混凝土搅拌机,32520994,177860614,12%,18%,18%
建筑和装修,动力机械设备,水泥搅拌机,32520994,970719129,12%,18%,18%
建筑和装修,动力机械设备,混凝土搅拌机耗材,32520994,971313216,12%,18%,18%
建筑和装修,动力机械设备,抹灰站,43434776,971305812,12%,18%,18%
建筑和装修,动力机械设备,抹灰站备件,43434776,971305813,12%,18%,18%
建筑和装修,动力机械设备,建筑喷雾器,73746028,970628976,12%,18%,18%
建筑和装修,建筑用吹风机,建筑吹风机,17031439,95576,12%,18%,18%
建筑和装修,前门,进户门,43429381,96678,12%,18%,18%
建筑和装修,前门,门廊上方的天篷,61195027,939591211,12%,18%,18%
建筑和装修,前门,临时门,63337525,970582697,12%,18%,18%
建筑和装修,前门,PVC条帘,63337525,971077140,12%,18%,18%
建筑和装修,前门,条状门帘配件,63337525,971109986,12%,18%,18%
建筑和装修,前门,软窗,63337525,971115279,12%,18%,18%
建筑和装修,前门,成卷的保护窗帘,63337525,971137177,12%,18%,18%
建筑和装修,淋浴和淋浴房,淋浴房,17031442,96666,12%,18%,18%
建筑和装修,淋浴和淋浴房,转角淋浴房,17031442,96669,12%,18%,18%
建筑和装修,淋浴和淋浴房,浴缸、淋浴间围栏/隔断屏风,17031442,96670,12%,18%,18%
建筑和装修,淋浴和淋浴房,浴室门,43429387,96624,12%,18%,18%
建筑和装修,淋浴和淋浴房,淋浴盆,43429387,96668,12%,18%,18%
建筑和装修,淋浴和淋浴房,淋浴房配件、备件,43429387,970680555,12%,18%,18%
建筑和装修,烟囱和配套件,烟囱,17038705,96071,12%,18%,18%
建筑和装修,烟囱和配套件,烟道部件,17038705,971312451,12%,18%,18%
建筑和装修,烟囱和配套件,烟囱套件,17038705,971812293,12%,18%,18%
建筑和装修,水暖配件,钢筋混凝土结构,73377903,971167375,12%,18%,18%
建筑和装修,工具耗材,扩孔钻,17033238,92070,12%,18%,18%
建筑和装修,工具耗材,钻头,17033238,94905,12%,18%,18%
建筑和装修,工具耗材,开孔器,17033238,94912,12%,18%,18%
建筑和装修,工具耗材,钻头,17033238,94940,12%,18%,18%
建筑和装修,工具耗材,锯条,17037534,94922,12%,18%,18%
建筑和装修,工具耗材,锯条,17037534,94936,12%,18%,18%
建筑和装修,工具耗材,锯链,17037534,94948,12%,18%,18%
建筑和装修,工具耗材,钢丝刷,17037541,94913,12%,18%,18%
建筑和装修,工具耗材,切割片,17037541,94916,12%,18%,18%
建筑和装修,工具耗材,锯片,17037541,94917,12%,18%,18%
建筑和装修,工具耗材,砂轮,17037541,94919,12%,18%,18%
建筑和装修,工具耗材,砂纸，打磨片,17037541,94925,12%,18%,18%
建筑和装修,工具耗材,金刚石盘,17037541,970826290,12%,18%,18%
建筑和装修,工具耗材,剥光盘,17037541,97520,12%,18%,18%
建筑和装修,工具耗材,柔性打磨块,17037543,94870,12%,18%,18%
建筑和装修,工具耗材,磨料网,17037543,94942,12%,18%,18%
建筑和装修,工具耗材,杯形砂轮,17037543,94949,12%,18%,18%
建筑和装修,工具耗材,刷式磨光机刷子,17037543,971015948,12%,18%,18%
建筑和装修,工具耗材,抛光套装,17037543,971049471,12%,18%,18%
建筑和装修,工具耗材,钢丝绒,17037543,971081399,12%,18%,18%
建筑和装修,工具耗材,磨料清洁剂,17037543,971095445,12%,18%,18%
建筑和装修,工具耗材,滚筒抛光填料,17037543,971364942,12%,18%,18%
建筑和装修,工具耗材,砂磨块,17037543,98244,12%,18%,18%
建筑和装修,工具耗材,胶棒,43429977,94909,12%,18%,18%
建筑和装修,工具耗材,砂磨带,43432982,94923,12%,18%,18%
建筑和装修,工具耗材,钻头卡盘,43433346,94882,12%,18%,18%
建筑和装修,工具耗材,可转位刀片,43435764,639026110,12%,18%,18%
建筑和装修,工具耗材,瓷砖切割刀头,43435764,863783610,12%,18%,18%
建筑和装修,工具耗材,美工刀片,43435764,94920,12%,18%,18%
建筑和装修,工具耗材,铣刀,43435764,94947,12%,18%,18%
建筑和装修,工具耗材,切管机刀片,43435764,970851106,12%,18%,18%
建筑和装修,工具耗材,磨头,43435764,971095451,12%,18%,18%
建筑和装修,工具耗材,铣刀刀片,43435764,971315195,12%,18%,18%
建筑和装修,工具耗材,刨刀,43435764,98491,12%,18%,18%
建筑和装修,工具耗材,混凝土金刚砂研磨片,43435764,99514,12%,18%,18%
建筑和装修,卫浴设备,毛巾烘干机,17031926,94634,12%,18%,18%
建筑和装修,卫浴设备,水龙头,17031929,94637,12%,18%,18%
建筑和装修,卫浴设备,卫生洁具套件,17031929,970707316,12%,18%,18%
建筑和装修,卫浴设备,小便池水龙头,17031929,971742026,12%,18%,18%
建筑和装修,卫浴设备,马桶配件,17037574,94627,12%,18%,18%
建筑和装修,卫浴设备,马桶排污弯头,17037574,970797081,12%,18%,18%
建筑和装修,卫浴设备,设备冲水按钮,43429991,970702359,12%,18%,18%
建筑和装修,卫浴设备,设备安装套件,43429991,970831225,12%,18%,18%
建筑和装修,卫浴设备,马桶暗装安装架,43429991,97421,12%,18%,18%
建筑和装修,卫浴设备,底部阀门,43434924,892800734,12%,18%,18%
建筑和装修,卫浴设备,水封管,43434924,94635,12%,18%,18%
建筑和装修,卫浴设备,虹吸管,43434924,94636,12%,18%,18%
建筑和装修,卫浴设备,虹吸软管,43434924,971168229,12%,18%,18%
建筑和装修,卫浴设备,水槽下水器,43434924,99520,12%,18%,18%
建筑和装修,卫浴设备,淋浴底盘配件,86475037,971315893,12%,18%,18%
建筑和装修,卫浴设备,淋浴长条地漏,86475037,99521,12%,18%,18%
建筑和装修,洁具和浴缸,浴缸,17031932,94749,12%,18%,18%
建筑和装修,洁具和浴缸,浴缸支架,17031932,970629292,12%,18%,18%
建筑和装修,洁具和浴缸,浴室门槛,17031932,970803630,12%,18%,18%
建筑和装修,洁具和浴缸,洗脸盆,17031934,199313140,12%,18%,18%
建筑和装修,洁具和浴缸,水槽,17031934,94752,12%,18%,18%
建筑和装修,洁具和浴缸,半台座,17031934,94755,12%,18%,18%
建筑和装修,洁具和浴缸,柱脚,17031934,94756,12%,18%,18%
建筑和装修,洁具和浴缸,坐浴盆,17037583,94748,12%,18%,18%
建筑和装修,洁具和浴缸,小便池,17037583,94754,12%,18%,18%
建筑和装修,洁具和浴缸,马桶水箱,17037583,94758,12%,18%,18%
建筑和装修,洁具和浴缸,落地式马桶,17037583,970591719,12%,18%,18%
建筑和装修,洁具和浴缸,悬浮式马桶,17037583,970591721,12%,18%,18%
建筑和装修,洁具和浴缸,隐藏式水箱马桶套装,17037583,970591722,12%,18%,18%
建筑和装修,洁具和浴缸,马桶坐浴盆盖,17037583,970591777,12%,18%,18%
建筑和装修,洁具和浴缸,坐便冲洗器,17037583,970740009,12%,18%,18%
建筑和装修,洁具和浴缸,马桶座圈,17037850,92043,12%,18%,18%
建筑和装修,洁具和浴缸,马桶座圈配件,17037850,94324,12%,18%,18%
建筑和装修,地暖,管道导入油封,17029752,630154642,12%,18%,18%
建筑和装修,地暖,地暖温度传感器,17029752,800397032,12%,18%,18%
建筑和装修,地暖,地板采暖安装附加套件,17029752,800397033,12%,18%,18%
建筑和装修,地暖,地暖,17029752,95401,12%,18%,18%
建筑和装修,地暖,加热网,17029752,970826285,12%,18%,18%
建筑和装修,地暖,保暖踢脚板,17029752,970960210,12%,18%,18%
建筑和装修,地暖,保温踢脚线配件,17029752,970960211,12%,18%,18%
建筑和装修,地暖,加热垫,17029752,99468,12%,18%,18%
建筑和装修,家用照明,壁灯和吸顶灯,17032754,91646,12%,18%,18%
建筑和装修,家用照明,墙灯,17032754,91647,12%,18%,18%
建筑和装修,家用照明,路灯,17032981,91670,12%,18%,18%
建筑和装修,家用照明,台灯,17033980,91637,12%,18%,18%
建筑和装修,家用照明,落地灯,17033980,91645,12%,18%,18%
建筑和装修,家用照明,吸顶灯,17033988,970589574,12%,18%,18%
建筑和装修,家用照明,吊灯,17033988,971434442,12%,18%,18%
建筑和装修,家用照明,灯光控制器,73368534,272925539,12%,18%,18%
建筑和装修,家用照明,RGB信号增强器,73368534,970701978,12%,18%,18%
建筑和装修,家用照明,DMX解码器,73368534,971094263,12%,18%,18%
建筑和装修,家用照明,轨道灯具,86165224,504866303,12%,18%,18%
建筑和装修,家用照明,LED射灯轨道条,86165224,756237456,12%,18%,18%
建筑和装修,家用照明,LED灯带,87878840,91665,12%,18%,18%
建筑和装修,家用照明,LED矩阵,87878840,970829685,12%,18%,18%
建筑和装修,家用照明,背光套件,87878840,970858581,12%,18%,18%
建筑和装修,家用照明,LED灯带电源延长线,87878840,971108184,12%,18%,18%
建筑和装修,机床,工作台,17032989,504866278,12%,18%,18%
建筑和装修,机床,电钻、角磨机支架,17032989,92133,12%,18%,18%
建筑和装修,机床,石材切割机,17032989,94712,12%,18%,18%
建筑和装修,机床,锯床,17032989,94713,12%,18%,18%
建筑和装修,机床,刀具磨床,17032989,94958,12%,18%,18%
建筑和装修,机床,钻床,17032989,94959,12%,18%,18%
建筑和装修,机床,线锯机,17032989,970777022,12%,18%,18%
建筑和装修,机床,链条铆接机,17032989,970969876,12%,18%,18%
建筑和装修,机床,螺纹切割机,17032989,970983185,12%,18%,18%
建筑和装修,机床,工业工作台,17032989,970984436,12%,18%,18%
建筑和装修,机床,工业台面配件,17032989,970984437,12%,18%,18%
建筑和装修,机床,激光雕刻/切割机,17032989,971053172,12%,18%,18%
建筑和装修,机床,封边机,17032989,971083521,12%,18%,18%
建筑和装修,机床,电缆切割机床,17032989,971277584,12%,18%,18%
建筑和装修,机床,镗床,17032989,971402795,12%,18%,18%
建筑和装修,机床,堆焊机,17032989,971403152,12%,18%,18%
建筑和装修,机床,格式切割机,17032989,971409718,12%,18%,18%
建筑和装修,机床,切角机,17032989,971478393,12%,18%,18%
建筑和装修,机床,钣金加工机,17032989,971478420,12%,18%,18%
建筑和装修,机床,排气单元,17032989,971749136,12%,18%,18%
建筑和装修,机床,机床支架,17032989,971749634,12%,18%,18%
建筑和装修,机床,冷锻机,17032989,97953,12%,18%,18%
建筑和装修,机床,弯管机,17032989,97982,12%,18%,18%
建筑和装修,机床,机床工装,43429684,970678632,12%,18%,18%
建筑和装修,电钻,建筑搅拌机,17031557,94782,12%,18%,18%
建筑和装修,电钻,电动钻孔机器,17031558,94770,12%,18%,18%
建筑和装修,电钻,电动螺丝刀,17031558,94783,12%,18%,18%
建筑和装修,电钻,螺母扳手,17033031,94768,12%,18%,18%
建筑和装修,电钻,手动钻,17033032,92067,12%,18%,18%
建筑和装修,电钻,电钻,17033032,94769,12%,18%,18%
建筑和装修,电钻,充电式螺丝刀,17033035,94772,12%,18%,18%
建筑和装修,电钻,冲击钻,17033036,94773,12%,18%,18%
建筑和装修,电锯,油锯,17031560,94701,12%,18%,18%
建筑和装修,电锯,电锯,17031560,94715,12%,18%,18%
建筑和装修,电锯,切槽机,17033040,94702,12%,18%,18%
建筑和装修,电锯,电动瓷砖切割机,17033040,94708,12%,18%,18%
建筑和装修,电锯,开凿机,17033040,94716,12%,18%,18%
建筑和装修,电锯,电动金属切割器,17033040,94718,12%,18%,18%
建筑和装修,电锯,屋顶切割工,17033040,971199686,12%,18%,18%
建筑和装修,电锯,路面切割机,17033040,97959,12%,18%,18%
建筑和装修,研磨机,雕刻机,17031569,94784,12%,18%,18%
建筑和装修,研磨机,电动砂轮机,43436519,94799,12%,18%,18%
建筑和装修,压缩与泵送设备,高压清洗机,17031591,91464,12%,18%,18%
建筑和装修,压缩与泵送设备,迷你水槽配件,17031591,970800895,12%,18%,18%
建筑和装修,压缩与泵送设备,高压清洗机备件,17031591,970876252,12%,18%,18%
建筑和装修,压缩与泵送设备,压缩机,17033074,91463,12%,18%,18%
建筑和装修,瓷砖和瓷片,陶瓷砖收边条,17033081,96646,12%,18%,18%
建筑和装修,瓷砖和瓷片,瓷砖,17033081,96652,12%,18%,18%
建筑和装修,瓷砖和瓷片,盐砖,17033081,971008146,12%,18%,18%
建筑和装修,瓷砖和瓷片,花岗岩陶瓷砖,43434387,894417881,12%,18%,18%
建筑和装修,瓷砖和瓷片,马赛克瓷砖,43434388,96649,12%,18%,18%
建筑和装修,瓷砖和瓷片,石材马赛克,43434388,97350,12%,18%,18%
建筑和装修,瓷砖和瓷片,人行道砖,43435927,780864957,12%,18%,18%
建筑和装修,瓷砖和瓷片,草坪格,43435927,970868765,12%,18%,18%
建筑和装修,瓷砖和瓷片,人行道路牙,43435927,970868766,12%,18%,18%
建筑和装修,瓷砖和瓷片,铺地石块,43435927,97344,12%,18%,18%
建筑和装修,瓷砖和瓷片,外墙砖,69982340,970592245,12%,18%,18%
建筑和装修,瓷砖和瓷片,石英乙烯基瓷砖,69982340,970699234,12%,18%,18%
建筑和装修,瓷砖和瓷片,装饰用石材,80061221,608143597,12%,18%,18%
建筑和装修,瓷砖和瓷片,天然石材,80061221,971429674,12%,18%,18%
建筑和装修,建筑化学品,建筑用油、润滑剂,17033226,94926,12%,18%,18%
建筑和装修,建筑化学品,粉笔粉，粉笔涂料,17033226,94927,12%,18%,18%
建筑和装修,建筑化学品,抛光膏,17033226,94932,12%,18%,18%
建筑和装修,建筑化学品,电接触导电膏,17033226,970995930,12%,18%,18%
建筑和装修,建筑化学品,焊接、切割用冷却液,17033226,971014879,12%,18%,18%
建筑和装修,建筑化学品,玻璃切割液体,17033226,971075407,12%,18%,18%
建筑和装修,建筑化学品,安装泡沫与密封胶活化剂,17911057,970809111,12%,18%,18%
建筑和装修,建筑化学品,窗用油灰,17911057,970947049,12%,18%,18%
建筑和装修,建筑化学品,密封胶刮平工具,17911057,970987620,12%,18%,18%
建筑和装修,建筑化学品,玻璃胶,17911057,97438,12%,18%,18%
建筑和装修,建筑化学品,填充泡沫,17911057,99526,12%,18%,18%
建筑和装修,建筑化学品,建筑清洁剂,27521126,115949781,12%,18%,18%
建筑和装修,建筑化学品,建筑防腐剂,27521126,96657,12%,18%,18%
建筑和装修,建筑化学品,建筑溶剂,27521126,96663,12%,18%,18%
建筑和装修,建筑化学品,木材漂白剂,27521126,970797097,12%,18%,18%
建筑和装修,建筑化学品,松节油,27521126,970797098,12%,18%,18%
建筑和装修,建筑化学品,白节油,27521126,970797099,12%,18%,18%
建筑和装修,建筑化学品,甲苯,27521126,970797101,12%,18%,18%
建筑和装修,建筑化学品,二甲苯 ,27521126,970797102,12%,18%,18%
建筑和装修,建筑化学品,溶剂,27521126,970797144,12%,18%,18%
建筑和装修,建筑化学品,技术丙酮,27521126,970797145,12%,18%,18%
建筑和装修,建筑化学品,煤油,27521126,970797146,12%,18%,18%
建筑和装修,建筑化学品,表面脱脂剂,27521126,970943338,12%,18%,18%
建筑和装修,建筑化学品,建筑稀释剂,27521126,970971252,12%,18%,18%
建筑和装修,建筑化学品,填缝砂浆,43429703,970675291,12%,18%,18%
建筑和装修,建筑化学品,瓷砖缝马克笔,43429703,970800574,12%,18%,18%
建筑和装修,建筑化学品,冷镀锌涂料,43429703,971007517,12%,18%,18%
建筑和装修,建筑化学品,浸渍剂,43429703,971425793,12%,18%,18%
建筑和装修,建筑化学品,媒染剂,43429703,97204,12%,18%,18%
建筑和装修,建筑化学品,底漆,43429703,97205,12%,18%,18%
建筑和装修,建筑化学品,填缝剂,43429703,97434,12%,18%,18%
建筑和装修,建筑化学品,调色剂,43430702,96658,12%,18%,18%
建筑和装修,建筑化学品,油漆和清漆的功能性添加剂,43430702,971167419,12%,18%,18%
建筑和装修,建筑化学品,气溶胶涂料,43430705,138839282,12%,18%,18%
建筑和装修,建筑化学品,涂料,43430705,96659,12%,18%,18%
建筑和装修,建筑化学品,表面处理清漆,43430705,96660,12%,18%,18%
建筑和装修,建筑化学品,搪瓷,43430705,96664,12%,18%,18%
建筑和装修,建筑化学品,木油 ,43430705,970636115,12%,18%,18%
建筑和装修,建筑化学品,油漆试色样品套装,43430705,970802313,12%,18%,18%
建筑和装修,建筑化学品,油蜡,43430705,970808235,12%,18%,18%
建筑和装修,建筑化学品,干性油,43430705,970808236,12%,18%,18%
建筑和装修,建筑化学品,浇注聚氨酯,43430705,970824559,12%,18%,18%
建筑和装修,建筑化学品,液体防滑涂层,43430705,970851837,12%,18%,18%
建筑和装修,建筑化学品,内饰表面蜡,43430705,970955994,12%,18%,18%
建筑和装修,建筑化学品,瓷漆底漆,43430705,970965004,12%,18%,18%
建筑和装修,建筑化学品,浇铸大理石浴缸材料,43430705,970975861,12%,18%,18%
建筑和装修,建筑化学品,粘性防尘涂层,43430705,971080318,12%,18%,18%
建筑和装修,建筑化学品,涂装材料套件,43430705,971424457,12%,18%,18%
建筑和装修,建筑化学品,粉末涂料,43430705,971683290,12%,18%,18%
建筑和装修,建筑化学品,装饰性木器罩面漆,43430705,97201,12%,18%,18%
建筑和装修,建筑化学品,木腻子,43430705,97202,12%,18%,18%
建筑和装修,建筑化学品,防护蓝油,43430705,97203,12%,18%,18%
建筑和装修,建筑化学品,热载体,62575689,970579636,12%,18%,18%
建筑和装修,建筑化学品,换热器清洗剂,62575689,970579655,12%,18%,18%
建筑和装修,建筑化学品,喷涂保温层,62575689,970692159,12%,18%,18%
建筑和装修,建筑化学品,供热系统试剂,62575689,970862369,12%,18%,18%
建筑和装修,建筑化学品,一种隔热组合物,62575689,99108,12%,18%,18%
建筑和装修,建筑化学品,加热系统保护剂 ,89874461,970867131,12%,18%,18%
建筑和装修,建筑化学品,密封膏,89874461,99492,12%,18%,18%
建筑和装修,建筑化学品,环氧树脂,97855623,869341679,12%,18%,18%
建筑和装修,建筑化学品,聚酯树脂,97855623,970797561,12%,18%,18%
建筑和装修,建筑化学品,浴缸液态丙烯,97855623,970835974,12%,18%,18%
建筑和装修,建筑化学品,建筑硬化剂,97855623,970859648,12%,18%,18%
建筑和装修,建筑化学品,树脂填料,97855623,971807683,12%,18%,18%
建筑和装修,建筑化学品,树脂分离剂,97855623,971807689,12%,18%,18%
建筑和装修,建筑化学品,胶衣,97855623,971807694,12%,18%,18%
建筑和装修,建筑化学品,绝缘胶,97855623,99117,12%,18%,18%
建筑和装修,建筑化学品,家具用蜡,99425769,504866200,12%,18%,18%
建筑和装修,建筑化学品,家具标记笔,99425769,504866203,12%,18%,18%
建筑和装修,建筑化学品,家具修补笔,99425769,504866204,12%,18%,18%
建筑和装修,建筑化学品,修复膏,99425769,971004223,12%,18%,18%
建筑和装修,建筑化学品,表面修复套件 ,99425769,971046226,12%,18%,18%
建筑和装修,房间门和拱门,百叶窗门,43429709,970859595,12%,18%,18%
建筑和装修,房间门和拱门,防火门 ,43429709,970861082,12%,18%,18%
建筑和装修,房间门和拱门,室内门,43429709,97102,12%,18%,18%
建筑和装修,房间门和拱门,拱门延伸器,43429709,971115455,12%,18%,18%
建筑和装修,房间门和拱门,门扇,43429709,97172,12%,18%,18%
建筑和装修,房间门和拱门,门框加宽条,43430707,898740471,12%,18%,18%
建筑和装修,房间门和拱门,木箱,43430707,970694443,12%,18%,18%
建筑和装修,房间门和拱门,室内拱门,43430707,970726034,12%,18%,18%
建筑和装修,房间门和拱门,门套线,43430707,97149,12%,18%,18%
建筑和装修,壁纸和涂料,壁纸,17031073,95819,12%,18%,18%
建筑和装修,壁纸和涂料,照墙纸,17031073,95820,12%,18%,18%
建筑和装修,壁纸和涂料,墙纸装饰边条,17031073,971305878,12%,18%,18%
建筑和装修,壁纸和涂料,墙纸预处理涂层,17031073,97458,12%,18%,18%
建筑和装修,壁纸和涂料,玻璃纤维壁纸,43433104,448472170,12%,18%,18%
建筑和装修,壁纸和涂料,无纺帆布,43433104,97654,12%,18%,18%
建筑和装修,壁纸和涂料,油漆玻璃纤维,43433104,97655,12%,18%,18%
建筑和装修,壁纸和涂料,门面包覆套件,43435929,970671832,12%,18%,18%
建筑和装修,壁纸和涂料,内饰材料,43435929,970954004,12%,18%,18%
建筑和装修,壁纸和涂料,土工膜,50657832,268839680,12%,18%,18%
建筑和装修,壁纸和涂料,土工布,50657832,270549115,12%,18%,18%
建筑和装修,壁纸和涂料,土工格栅,50657834,270549114,12%,18%,18%
建筑和装修,壁纸和涂料,护墙板,50729720,273170527,12%,18%,18%
建筑和装修,壁纸和涂料,建筑网格,61677780,970572774,12%,18%,18%
建筑和装修,壁纸和涂料,高强度玻璃纤维织物,61677780,970969582,12%,18%,18%
建筑和装修,壁纸和涂料,家具自粘膜,74569374,970592548,12%,18%,18%
建筑和装修,散热器、对流器,管式散热器,200001067,971425882,12%,18%,18%
建筑和装修,散热器、对流器,地板对流器格栅,43429711,96695,12%,18%,18%
建筑和装修,散热器、对流器,加热对流器,43429711,970631321,12%,18%,18%
建筑和装修,散热器、对流器,散热器安装配件包,43435139,96696,12%,18%,18%
建筑和装修,散热器、对流器,平板式散热器,43435139,96697,12%,18%,18%
建筑和装修,散热器、对流器,分段式散热器,43435139,96700,12%,18%,18%
建筑和装修,散热器、对流器,管状散热器,43435139,970679638,12%,18%,18%
建筑和装修,散热器、对流器,暖气罩,43435139,970806801,12%,18%,18%
建筑和装修,水暖器材和配件,进水软管,17030299,96093,12%,18%,18%
建筑和装修,水暖器材和配件,浇注软管,17030299,96120,12%,18%,18%
建筑和装修,水暖器材和配件,排水软管,17030299,96121,12%,18%,18%
建筑和装修,水暖器材和配件,出水嘴,17030299,970590871,12%,18%,18%
建筑和装修,水暖器材和配件,金属软管,17030299,99037,12%,18%,18%
建筑和装修,水暖器材和配件,搅拌机软管,17030299,99324,12%,18%,18%
建筑和装修,水暖器材和配件,毛巾架配件,17038723,971161305,12%,18%,18%
建筑和装修,水暖器材和配件,散热器阀,43429960,96092,12%,18%,18%
建筑和装修,水暖器材和配件,截止阀,43429960,96096,12%,18%,18%
建筑和装修,水暖器材和配件,暖气排气阀,43429960,96104,12%,18%,18%
建筑和装修,水暖器材和配件,球阀,43429960,96105,12%,18%,18%
建筑和装修,水暖器材和配件,净水器龙头,43429960,970587758,12%,18%,18%
建筑和装修,水暖器材和配件,取水阀,43429960,970678148,12%,18%,18%
建筑和装修,水暖器材和配件,水龙头阀芯,43429960,98995,12%,18%,18%
建筑和装修,水暖器材和配件,浴缸塞,43434404,92038,12%,18%,18%
建筑和装修,水暖器材和配件,卫浴五金配件套装,43434404,96107,12%,18%,18%
建筑和装修,水暖器材和配件,冲水按钮,43434404,96113,12%,18%,18%
建筑和装修,水暖器材和配件,搅拌机支架,43434404,970826407,12%,18%,18%
建筑和装修,水暖器材和配件,卫生间隔断、厕间五金配件,43434404,971054990,12%,18%,18%
建筑和装修,水暖器材和配件,浴缸支腿,43434404,971074175,12%,18%,18%
建筑和装修,水暖器材和配件,水龙头手柄,43434404,98997,12%,18%,18%
建筑和装修,水暖器材和配件,热量表,43434893,523918384,12%,18%,18%
建筑和装修,水暖器材和配件,水表,43434893,96114,12%,18%,18%
建筑和装修,水暖器材和配件,仪表安装套件,43434893,970748498,12%,18%,18%
建筑和装修,水暖器材和配件,高密度聚乙烯管材,43435932,346841812,12%,18%,18%
建筑和装修,水暖器材和配件,塑复金属管,43435932,96116,12%,18%,18%
建筑和装修,水暖器材和配件,管道保温 ,43435932,970660388,12%,18%,18%
建筑和装修,水暖器材和配件,波纹水管,43435932,970859738,12%,18%,18%
建筑和装修,水暖器材和配件,交联聚乙烯管,43435932,970964541,12%,18%,18%
建筑和装修,水暖器材和配件,聚丙烯管,43435932,97502,12%,18%,18%
建筑和装修,水暖器材和配件,减压器,43772865,796247840,12%,18%,18%
建筑和装修,水暖器材和配件,浴缸、水槽挡水板,43772865,91933,12%,18%,18%
建筑和装修,水暖器材和配件,水龙头起泡器,43772865,96091,12%,18%,18%
建筑和装修,水暖器材和配件,硬连接管,43772865,96094,12%,18%,18%
建筑和装修,水暖器材和配件,燃气绝缘接头,43772865,96097,12%,18%,18%
建筑和装修,水暖器材和配件,水暖阀门,43772865,96098,12%,18%,18%
建筑和装修,水暖器材和配件,散热器阀门,43772865,96099,12%,18%,18%
建筑和装修,水暖器材和配件,带触发器的阀门,43772865,96100,12%,18%,18%
建筑和装修,水暖器材和配件,楔式闸阀,43772865,96101,12%,18%,18%
建筑和装修,水暖器材和配件,水管安装支架,43772865,96106,12%,18%,18%
建筑和装修,水暖器材和配件,温控阀套装,43772865,96110,12%,18%,18%
建筑和装修,水暖器材和配件,水暖胶垫片,43772865,96111,12%,18%,18%
建筑和装修,水暖器材和配件,气压调节器,43772865,96112,12%,18%,18%
建筑和装修,水暖器材和配件,粗滤器,43772865,96117,12%,18%,18%
建筑和装修,水暖器材和配件,反光杯,43772865,96119,12%,18%,18%
建筑和装修,水暖器材和配件,水暖偏心轮,43772865,96123,12%,18%,18%
建筑和装修,水暖器材和配件,淋浴喷嘴,43772865,970580151,12%,18%,18%
建筑和装修,水暖器材和配件,嵌入式阀门,43772865,970587760,12%,18%,18%
建筑和装修,水暖器材和配件,水槽喷水装置,43772865,970676670,12%,18%,18%
建筑和装修,水暖器材和配件,色光疗法套件,43772865,970680798,12%,18%,18%
建筑和装修,水暖器材和配件,水疗与气泡按摩套装,43772865,970680799,12%,18%,18%
建筑和装修,水暖器材和配件,水龙头上的传感器喷嘴,43772865,970683193,12%,18%,18%
建筑和装修,水暖器材和配件,红外感应水龙头传感器,43772865,970788235,12%,18%,18%
建筑和装修,水暖器材和配件,卫浴自动控制执行器,43772865,970831226,12%,18%,18%
建筑和装修,水暖器材和配件,瓷砖真空吸盘,43772865,970850843,12%,18%,18%
建筑和装修,水暖器材和配件,水龙头安装底座,43772865,970897390,12%,18%,18%
建筑和装修,水暖器材和配件,水龙头温度计,43772865,970945766,12%,18%,18%
建筑和装修,水暖器材和配件,淋浴头过滤器滤芯,43772865,971047081,12%,18%,18%
建筑和装修,水暖器材和配件,淋浴过滤器,43772865,971079175,12%,18%,18%
建筑和装修,水暖器材和配件,散热器连接件?,43772865,971084491,12%,18%,18%
建筑和装修,水暖器材和配件,马桶自动冲洗装置,43772865,971086130,12%,18%,18%
建筑和装修,水暖器材和配件,水暖螺纹固定器,43772865,971100744,12%,18%,18%
建筑和装修,水暖器材和配件,水疗按摩设备配件,43772865,971109343,12%,18%,18%
建筑和装修,水暖器材和配件,浴缸装饰拉手,43772865,971116969,12%,18%,18%
建筑和装修,水暖器材和配件,水流量调节器,43772865,971117543,12%,18%,18%
建筑和装修,水暖器材和配件,恒温混合阀,43772865,971138518,12%,18%,18%
建筑和装修,水暖器材和配件,滑动闸阀,43772865,971870659,12%,18%,18%
建筑和装修,水暖器材和配件,分流器,43772865,98992,12%,18%,18%
建筑和装修,水暖器材和配件,水龙头滤芯,43772865,98994,12%,18%,18%
建筑和装修,水暖器材和配件,管道维修套件,43772865,98996,12%,18%,18%
建筑和装修,水暖器材和配件,球形浴水切换器,43772865,98998,12%,18%,18%
建筑和装修,水暖器材和配件,混合单元,43772865,99469,12%,18%,18%
建筑和装修,水暖器材和配件,恒温头,43772865,99471,12%,18%,18%
建筑和装修,通风系统,活性炭过滤材料,17034110,970806228,12%,18%,18%
建筑和装修,通风系统,通风过滤器滤芯,17034110,970955701,12%,18%,18%
建筑和装修,通风系统,压缩冷凝机组,17034110,971323321,12%,18%,18%
建筑和装修,通风系统,工业风扇,43429714,970780832,12%,18%,18%
建筑和装修,通风系统,风管式空气加热器,43429714,971124190,12%,18%,18%
建筑和装修,通风系统,风管式空气冷却器,43429714,971124191,12%,18%,18%
建筑和装修,通风系统,工业冷水机,43429714,971684552,12%,18%,18%
建筑和装修,通风系统,进气装置,43429714,971948446,12%,18%,18%
建筑和装修,通风系统,排气扇,43429714,97272,12%,18%,18%
建筑和装修,通风系统,管道通风机,43429714,97273,12%,18%,18%
建筑和装修,通风系统,新风风机,43429714,97274,12%,18%,18%
建筑和装修,通风系统,新风换气机组,43429714,97286,12%,18%,18%
建筑和装修,通风系统,送排风扇,43429714,97304,12%,18%,18%
建筑和装修,建筑混合料,建筑石膏,17986679,639962817,12%,18%,18%
建筑和装修,建筑混合料,石灰,17986679,639962818,12%,18%,18%
建筑和装修,建筑混合料,水泥,17986679,640067226,12%,18%,18%
建筑和装修,建筑混合料,陶粒,17986679,970572623,12%,18%,18%
建筑和装修,建筑混合料,装饰腻子,17986679,97423,12%,18%,18%
建筑和装修,建筑混合料,油灰,17986679,97429,12%,18%,18%
建筑和装修,建筑混合料,建筑砂浆添加剂,43429704,97472,12%,18%,18%
建筑和装修,建筑混合料,预拌混凝土,43429843,971167621,12%,18%,18%
建筑和装修,建筑混合料,防水密封胶,43429844,970808274,12%,18%,18%
建筑和装修,建筑混合料,沥青底漆,43429844,970808275,12%,18%,18%
建筑和装修,建筑混合料,防水剂,43429844,971151761,12%,18%,18%
建筑和装修,建筑混合料,防水材料,43429844,97431,12%,18%,18%
建筑和装修,建筑混合料,地板硬化剂,43433880,971363863,12%,18%,18%
建筑和装修,建筑混合料,自流平地板,43433880,97426,12%,18%,18%
建筑和装修,建筑混合料,地板找平,43433880,97427,12%,18%,18%
建筑和装修,建筑混合料,刷白,43436576,970998257,12%,18%,18%
建筑和装修,建筑混合料,装饰石膏,43436576,97422,12%,18%,18%
建筑和装修,建筑混合料,灰泥,43436576,97430,12%,18%,18%
建筑和装修,建筑混合料,液体墙纸装饰添加剂,43436578,970687517,12%,18%,18%
建筑和装修,建筑混合料,液体壁纸,43436578,99106,12%,18%,18%
建筑和装修,建筑混合料,液体石材,43436579,971219690,12%,18%,18%
建筑和装修,建筑混合料,屋顶胶泥,80039259,970694355,12%,18%,18%
建筑和装修,建筑混合料,工业沥青,80039259,970986821,12%,18%,18%
建筑和装修,建筑混合料,砌体混合物,86868864,970708780,12%,18%,18%
建筑和装修,建筑混合料,干混凝土,86868864,970865686,12%,18%,18%
建筑和装修,建筑混合料,砂混凝土,86868864,970865687,12%,18%,18%
建筑和装修,建筑混合料,冷沥青,86868864,970873008,12%,18%,18%
建筑和装修,建筑混合料,石膏粘合剂混合物,86868864,970979894,12%,18%,18%
建筑和装修,建筑混合料,碎石,86868864,971042796,12%,18%,18%
建筑和装修,建筑混合料,聚合物粘结剂,86868864,971074213,12%,18%,18%
建筑和装修,建筑混合料,修补砂浆,86868864,971083618,12%,18%,18%
建筑和装修,建筑混合料,建筑用砂,86868864,971291562,12%,18%,18%
建筑和装修,建筑混合料,花岗岩筛除物,86868864,971291564,12%,18%,18%
建筑和装修,建筑混合料,注浆配件,88093106,970832923,12%,18%,18%
建筑和装修,建筑混合料,注浆防水,88093883,970832921,12%,18%,18%
建筑和装修,焊接设备,焊台,43433889,96142,12%,18%,18%
建筑和装修,焊接设备,烙铁,43433889,96145,12%,18%,18%
建筑和装修,焊接设备,热风台,43433889,97760,12%,18%,18%
建筑和装修,焊接设备,焊料,43434197,94937,12%,18%,18%
建筑和装修,焊接设备,焊接套件,43434197,96139,12%,18%,18%
建筑和装修,焊接设备,电子元件清洁剂,43434197,970878641,12%,18%,18%
建筑和装修,焊接设备,热风枪喷嘴,43434197,970969914,12%,18%,18%
建筑和装修,焊接设备,焊膏,43434197,971770791,12%,18%,18%
建筑和装修,焊接设备,焊接配件,43434197,971883192,12%,18%,18%
建筑和装修,焊接设备,实验室电源,43434197,97761,12%,18%,18%
建筑和装修,焊接设备,氯化铁,43434197,99114,12%,18%,18%
建筑和装修,地布,强化地板,19863211,97565,12%,18%,18%
建筑和装修,地布,工程板,19863213,970689894,12%,18%,18%
建筑和装修,地布,拼木地板,19863213,970855236,12%,18%,18%
建筑和装修,地布,格栅板,200001288,971807923,12%,18%,18%
建筑和装修,地布,踢脚板,30669980,115950808,12%,18%,18%
建筑和装修,地布,地面门槛,30669980,970797781,12%,18%,18%
建筑和装修,地布,踢脚线配件,30669980,970991742,12%,18%,18%
建筑和装修,地布,PVC地砖,43429853,970578154,12%,18%,18%
建筑和装修,地布,露台地板,43430484,970950653,12%,18%,18%
建筑和装修,地布,塑木户外拼接地板,43430484,971053798,12%,18%,18%
建筑和装修,地布,聚合板,43430484,971061663,12%,18%,18%
建筑和装修,地布,复合角,43430484,971278448,12%,18%,18%
建筑和装修,地布,复合托梁,43430484,971278449,12%,18%,18%
建筑和装修,地布,复合板,43430484,99318,12%,18%,18%
建筑和装修,地布,满铺地毯,43430485,97568,12%,18%,18%
建筑和装修,地布,按米售卖的油毡,43433260,971110201,12%,18%,18%
建筑和装修,地布,地板革,43433260,97564,12%,18%,18%
建筑和装修,地布,地板垫层,43434558,115950809,12%,18%,18%
建筑和装修,地布,软木地板,43434559,97566,12%,18%,18%
建筑和装修,地布,橡胶地砖,77160589,970672225,12%,18%,18%
建筑和装修,地布,卷装橡胶铺面,77160589,970684612,12%,18%,18%
建筑和装修,地布,无缝橡胶铺面,77160589,970834647,12%,18%,18%
建筑和装修,地布,户外地板配件,86694800,970996980,12%,18%,18%
建筑和装修,结构材料,结构材料,17032766,971433262,12%,18%,18%
建筑和装修,新增功能,燃气调压柜,73377904,971156454,12%,18%,18%
建筑和装修,新增功能,液化石油气储罐附件,73377904,971681170,12%,18%,18%
建筑和装修,井元素,井室构件,200001275,971751460,12%,18%,18%
建筑和装修,便携式照明灯,植物照明器,90111314,970715573,12%,18%,18%
建筑和装修,便携式照明灯,便携式照明灯,90111314,970868638,12%,18%,18%
建筑和装修,家居照明配饰和配件,照明配件,51635376,296400617,12%,18%,18%
建筑和装修,家居照明配饰和配件,浴缸变压器,51635376,91669,12%,18%,18%
建筑和装修,家居照明配饰和配件,灯具型材,51635376,970854635,12%,18%,18%
建筑和装修,家居照明配饰和配件,灯具型材配件,51635376,970854636,12%,18%,18%
建筑和装修,家居照明配饰和配件,灯罩,93233182,91931,12%,18%,18%
建筑和装修,家居照明配饰和配件,灯罩,93233182,970873235,12%,18%,18%
建筑和装修,管材、桩材、型材,型管,72544648,970618813,12%,18%,18%
建筑和装修,管材、桩材、型材,金属管,72544648,970693823,12%,18%,18%
建筑和装修,管材、桩材、型材,安装管,72544648,98761,12%,18%,18%
建筑和装修,管材、桩材、型材,桩,80201305,849617971,12%,18%,18%
建筑和装修,管材、桩材、型材,桩头,80201305,971444245,12%,18%,18%
建筑和装修,磁铁,工具磁吸座,43433892,92094,12%,18%,18%
建筑和装修,磁铁,磁性胶带，磁性片,43433892,99092,12%,18%,18%
建筑和装修,磁铁,铁氧体磁铁,43433892,99102,12%,18%,18%
建筑和装修,室内间壁,房间隔断,43429708,971035163,12%,18%,18%
建筑和装修,仓库设备,托盘,43434357,971007521,12%,18%,18%
建筑和装修,工业设备和组件,工业量规,200000846,971293378,12%,18%,18%
建筑和装修,工业设备和组件,工业实验室反应釜,43434360,971840129,12%,18%,18%
建筑和装修,工业设备和组件,工业软管,43435106,971086144,12%,18%,18%
建筑和装修,工业设备和组件,工业装备品,43435106,971086145,12%,18%,18%
建筑和装修,工业设备和组件,工业配件,43435106,971086146,12%,18%,18%
建筑和装修,工业设备和组件,液体灌装机,53884421,970985544,12%,18%,18%
建筑和装修,工业设备和组件,工业打标机,53884421,970985545,12%,18%,18%
建筑和装修,工业设备和组件,蝶阀,53884421,971147964,12%,18%,18%
建筑和装修,工业设备和组件,工业气动缸,53884421,971148005,12%,18%,18%
建筑和装修,工业设备和组件,工业过滤器,53884421,971148028,12%,18%,18%
建筑和装修,工业设备和组件,平台振动器,53884421,971148042,12%,18%,18%
建筑和装修,工业设备和组件,工业自动机械,53884421,971148054,12%,18%,18%
建筑和装修,工业设备和组件,自动工业润滑器,53884421,971149516,12%,18%,18%
建筑和装修,工业设备和组件,加强型密封圈，油封,53884421,971149900,12%,18%,18%
建筑和装修,工业设备和组件,工业压缩弹簧,53884421,971300086,12%,18%,18%
建筑和装修,工业设备和组件,工业化学,53884421,971404868,12%,18%,18%
建筑和装修,工业设备和组件,浮油收集器,53884421,971405519,12%,18%,18%
建筑和装修,工业设备和组件,钻井套件,73377899,971298296,12%,18%,18%
建筑和装修,屋面,屋面元件,44418946,970880162,12%,18%,18%
建筑和装修,屋面,屋面通风套件,44418946,970977912,12%,18%,18%
建筑和装修,屋面,屋顶配件,44418946,971420199,12%,18%,18%
建筑和装修,屋面,屋面压型钢板,44418946,99476,12%,18%,18%
建筑和装修,屋面,瓦片,44418946,99480,12%,18%,18%
建筑和装修,屋面,屋面,44418946,99481,12%,18%,18%
建筑和装修,墙板,墙板,59477397,801143463,12%,18%,18%
建筑和装修,墙板,厨房护墙板,59477397,888911126,12%,18%,18%
建筑和装修,墙板,护墙板,59477397,970702731,12%,18%,18%
建筑和装修,墙板,墙面软木涂料,59477397,970961819,12%,18%,18%
建筑和装修,墙板,立面面板附件,59477397,971150589,12%,18%,18%
建筑和装修,墙板,墙面装饰板,59477397,971280315,12%,18%,18%
建筑和装修,临时围栏,应急围栏,86987114,97412,12%,18%,18%
建筑和装修,水龙头和淋浴系统,淋浴套装,65011592,94630,12%,18%,18%
建筑和装修,水龙头和淋浴系统,淋浴控制面板,65011592,970587756,12%,18%,18%
建筑和装修,水龙头和淋浴系统,卫生淋浴喷水罐,65011602,94632,12%,18%,18%
建筑和装修,水龙头和淋浴系统,淋浴喷头,65011602,94633,12%,18%,18%
建筑和装修,水龙头和淋浴系统,雨淋花洒喷头,65011602,970580159,12%,18%,18%
建筑和装修,水龙头和淋浴系统,淋浴支架,65011627,94628,12%,18%,18%
建筑和装修,水龙头和淋浴系统,淋浴杆,65011627,94629,12%,18%,18%
建筑和装修,水龙头和淋浴系统,淋浴管,65011627,94631,12%,18%,18%
建筑和装修,水龙头和淋浴系统,隐藏式安装组件,65011679,970587759,12%,18%,18%
建筑和装修,水龙头和淋浴系统,软管接口,65011679,970587763,12%,18%,18%
建筑和装修,水龙头和淋浴系统,流量开关,65011679,98586,12%,18%,18%
建筑和装修,防护和消防设备,建筑护膝,17032932,893121588,12%,18%,18%
建筑和装修,防护和消防设备,防护臂套,17032932,92763,12%,18%,18%
建筑和装修,防护和消防设备,防油漆鞋套,17032932,970693193,12%,18%,18%
建筑和装修,防护和消防设备,防护套装,17032932,970708360,12%,18%,18%
建筑和装修,防护和消防设备,手套架,17032932,970855809,12%,18%,18%
建筑和装修,防护和消防设备,防砸安全鞋套,17032932,970855810,12%,18%,18%
建筑和装修,防护和消防设备,安装工马甲,17032932,970863643,12%,18%,18%
建筑和装修,防护和消防设备,防穿刺鞋垫,17032932,971292369,12%,18%,18%
建筑和装修,防护和消防设备,瓦工推车、瓦工座椅,17032932,971414430,12%,18%,18%
建筑和装修,防护和消防设备,工业外骨骼,200001290,971814538,12%,18%,18%
建筑和装修,防护和消防设备,防护手套，防护棉手套,43429964,888258667,12%,18%,18%
建筑和装修,防护和消防设备,焊接手套,43429964,96003,12%,18%,18%
建筑和装修,防护和消防设备,建筑头盔,43430546,93859,12%,18%,18%
建筑和装修,防护和消防设备,头盔配件,43430546,970682684,12%,18%,18%
建筑和装修,防护和消防设备,防护鸭舌帽,43430546,970829767,12%,18%,18%
建筑和装修,防护和消防设备,防噪耳罩,43433864,93862,12%,18%,18%
建筑和装修,防护和消防设备,降噪耳塞,43433864,970831661,12%,18%,18%
建筑和装修,防护和消防设备,降噪耳机配件,43433864,970942611,12%,18%,18%
建筑和装修,防护和消防设备,呼吸器、口罩用滤芯,43434527,558631551,12%,18%,18%
建筑和装修,防护和消防设备,专业呼吸阀口罩,43434527,970702246,12%,18%,18%
建筑和装修,防护和消防设备,呼吸面罩配件,43434527,970702638,12%,18%,18%
建筑和装修,防护和消防设备,防毒面具,43434527,970714382,12%,18%,18%
建筑和装修,防护和消防设备,焊接头盔,72163913,93860,12%,18%,18%
建筑和装修,防护和消防设备,焊接面罩配件,72163913,970682728,12%,18%,18%
建筑和装修,防护和消防设备,电介质垫,80663304,970861110,12%,18%,18%
建筑和装修,防护和消防设备,防护眼镜,87984187,93864,12%,18%,18%
建筑和装修,防护和消防设备,防护罩,87984187,93872,12%,18%,18%
建筑和装修,防护和消防设备,护目镜配件,87984187,970583310,12%,18%,18%
建筑和装修,防护和消防设备,灭火系统附件,88711000,971000658,12%,18%,18%
建筑和装修,防护和消防设备,消防器材,88711000,971024984,12%,18%,18%
建筑和装修,防护和消防设备,灭火器配件,88711000,971109638,12%,18%,18%
建筑和装修,防护和消防设备,安全腰带,89392180,93867,12%,18%,18%
建筑和装修,防护和消防设备,安全带,89392180,970832315,12%,18%,18%
建筑和装修,防护和消防设备,锚固安全装置,89392180,970863015,12%,18%,18%
建筑和装修,防护和消防设备,安全带,89392180,970863016,12%,18%,18%
建筑和装修,防护和消防设备,爬杆脚扣，电工爬杆爪,89392180,970889553,12%,18%,18%
建筑和装修,防护和消防设备,工具安全网,89392180,971053867,12%,18%,18%
建筑和装修,防护和消防设备,防坠落拦截系统,89392180,971436844,12%,18%,18%
建筑和装修,建筑砌块,玻璃块,79531232,970690466,12%,18%,18%
建筑和装修,建筑砌块,加气混凝土砌块,79531232,970690467,12%,18%,18%
建筑和装修,建筑砌块,石膏砌块,79531232,970690470,12%,18%,18%
建筑和装修,建筑砌块,陶粒混凝土砌块,79531232,970690471,12%,18%,18%
建筑和装修,建筑砌块,混凝土基础砌块,79531232,970690472,12%,18%,18%
建筑和装修,建筑砌块,建筑砖,79531264,971052270,12%,18%,18%
建筑和装修,建筑砌块,饰面砖,79531264,98291,12%,18%,18%
建筑和装修,绝缘材料,绝缘涂层,43430708,97455,12%,18%,18%
建筑和装修,绝缘材料,氟塑料胶带,43432827,970669866,12%,18%,18%
建筑和装修,绝缘材料,防水材料,43432827,970691422,12%,18%,18%
建筑和装修,绝缘材料,密封线,43432827,970990328,12%,18%,18%
建筑和装修,绝缘材料,聚碳酸酯胶带,43432827,971097523,12%,18%,18%
建筑和装修,绝缘材料,阻尼胶带,43432827,99470,12%,18%,18%
建筑和装修,绝缘材料,水封麻丝,43432827,99491,12%,18%,18%
建筑和装修,绝缘材料,水工密封线,43432827,99498,12%,18%,18%
建筑和装修,绝缘材料,门窗密封条,43435289,94945,12%,18%,18%
建筑和装修,绝缘材料,隔热材料,43435289,99473,12%,18%,18%
建筑和装修,绝缘材料,地板采暖隔热,43435289,99474,12%,18%,18%
建筑和装修,绝缘材料,隔音材料,51648354,313773778,12%,18%,18%
建筑和装修,绝缘材料,吸音板,51648354,970865094,12%,18%,18%
建筑和装修,绝缘材料,吸音泡沫,51648354,970972231,12%,18%,18%
建筑和装修,绝缘材料,隔音配件,51648354,970972234,12%,18%,18%
建筑和装修,绝缘材料,水暖隔音,51648354,970976336,12%,18%,18%
建筑和装修,绝缘材料,隔汽层,79564171,970694048,12%,18%,18%
建筑和装修,排水系统,污水管,80326939,970728075,12%,18%,18%
建筑和装修,排水系统,水井清洁抓泥斗,80326939,970805680,12%,18%,18%
建筑和装修,排水系统,排污系统部件,80326939,970836869,12%,18%,18%
建筑和装修,排水系统,排水管,80326939,970859591,12%,18%,18%
建筑和装修,排水系统,套管,80326939,971092313,12%,18%,18%
建筑和装修,排水系统,排水系统套件,80326939,971137302,12%,18%,18%
建筑和装修,排水系统,水槽下集水器,80326939,971742367,12%,18%,18%
建筑和装修,排水系统,污水井盖,80326939,98273,12%,18%,18%
建筑和装修,排水系统,排水部件,80326939,98276,12%,18%,18%
建筑和装修,排水系统,天沟排水系统配件,80326939,98277,12%,18%,18%
建筑和装修,排水和下水管道,化粪池,80196778,970696397,12%,18%,18%
建筑和装修,排水和下水管道,沉箱,80196778,970966961,12%,18%,18%
建筑和装修,排水和下水管道,化粪池配件,80196957,971103793,12%,18%,18%
建筑和装修,锯材,槽板,80203006,970825221,12%,18%,18%
建筑和装修,锯材,方木,80203006,970825222,12%,18%,18%
建筑和装修,锯材,板方材,80203006,970825223,12%,18%,18%
建筑和装修,锯材,板,80203006,970825235,12%,18%,18%
建筑和装修,锯材,家具板,80203006,970831235,12%,18%,18%
建筑和装修,锯材,木制角落,80203006,970831236,12%,18%,18%
建筑和装修,锯材,压缝板,80203006,970862363,12%,18%,18%
建筑和装修,锯材,木质阴角线,80203006,970862849,12%,18%,18%
建筑和装修,锯材,装饰木线条,80203006,970862852,12%,18%,18%
建筑和装修,锯材,弧面{木}刨,80203006,970862853,12%,18%,18%
建筑和装修,锯材,薄片泵片,80203006,971014468,12%,18%,18%
建筑和装修,锯材,工字梁,80203006,971034598,12%,18%,18%
建筑和装修,锯材,木板条,80203006,971220360,12%,18%,18%
建筑和装修,锯材,孔塞,80203006,971743364,12%,18%,18%
建筑和装修,装饰和雕塑,墙面造型,81865040,970709772,12%,18%,18%
建筑和装修,装饰和雕塑,顶角线,81865040,970806789,12%,18%,18%
建筑和装修,装饰和雕塑,灰泥装饰部件,81865040,970854091,12%,18%,18%
建筑和装修,装饰和雕塑,锻造部件,81865040,970939145,12%,18%,18%
建筑和装修,窗户和窗户配套件,定制尺寸窗户配件,200001365,971818049,12%,18%,18%
建筑和装修,窗户和窗户配套件,门窗防护栅,56173461,629727955,12%,18%,18%
建筑和装修,窗户和窗户配套件,窗台,56173461,888805947,12%,18%,18%
建筑和装修,窗户和窗户配套件,窗户,56173461,970726501,12%,18%,18%
建筑和装修,窗户和窗户配套件,阳台门,56173461,970972510,12%,18%,18%
建筑和装修,窗户和窗户配套件,自定义尺寸窗户 ,56173461,971100224,12%,18%,18%
建筑和装修,窗户和窗户配套件,无框双层玻璃窗,56173461,971682690,12%,18%,18%
建筑和装修,窗户和窗户配套件,卷帘布,82851877,971099414,12%,18%,18%
建筑和装修,窗户和窗户配套件,卷帘门窗配件,82851877,971099415,12%,18%,18%
建筑和装修,检修门,检查舱口,43434396,98295,12%,18%,18%
建筑和装修,起重设备,绞盘,86492186,92091,12%,18%,18%
建筑和装修,起重设备,手拉葫芦,86492186,95895,12%,18%,18%
建筑和装修,起重设备,吊车,86492186,95896,12%,18%,18%
建筑和装修,起重设备,建筑起重机,86492186,970661657,12%,18%,18%
建筑和装修,起重设备,堆垛机,86492186,970892540,12%,18%,18%
建筑和装修,起重设备,板材升降机,86492186,971084405,12%,18%,18%
建筑和装修,起重设备,工业车轮,86492190,970793548,12%,18%,18%
建筑和装修,起重设备,货钩,86492190,970857841,12%,18%,18%
建筑和装修,起重设备,电动葫芦、手拉葫芦遥控器,86492190,970859601,12%,18%,18%
建筑和装修,起重设备,锥形吨包卸料器,86492190,971025808,12%,18%,18%
建筑和装修,起重设备,起重设备备件,86492190,971364389,12%,18%,18%
建筑和装修,起重设备,吊装钳,86492190,971421391,12%,18%,18%
建筑和装修,起重设备,货物手推车,86492223,970793547,12%,18%,18%
建筑和装修,电池,工具电池,86539915,91884,12%,18%,18%
建筑和装修,清洁设备,建筑吸尘器,17039658,98393,12%,18%,18%
建筑和装修,清洁设备,地板清洗机,43429683,970944940,12%,18%,18%
建筑和装修,清洁设备,地板清洁设备备件,43429683,971034597,12%,18%,18%
建筑和装修,清洁设备,外墙、窗户清洗设备,78608798,971220355,12%,18%,18%
建筑和装修,清洁设备,外墙、窗户清洗配件,78608798,971220357,12%,18%,18%
建筑和装修,安装胶带,胶带,17037459,94550,12%,18%,18%
建筑和装修,安装胶带,防滑贴,17037459,96170,12%,18%,18%
建筑和装修,安装胶带,铝胶带,17037459,970801781,12%,18%,18%
建筑和装修,安装胶带,安装胶带套件,17037459,970832341,12%,18%,18%
建筑和装修,安装胶带,热封胶带,17037459,970861109,12%,18%,18%
建筑和装修,安装胶带,导电胶带,17037459,970995724,12%,18%,18%
建筑和装修,安装胶带,增强胶带,17037459,97944,12%,18%,18%
建筑和装修,安装胶带,油漆胶带,17037459,97954,12%,18%,18%
建筑和装修,安装胶带,安装胶带,17037459,99467,12%,18%,18%
建筑和装修,安装胶带,卫浴防水密封胶带,17037459,99490,12%,18%,18%
建筑和装修,家用胶水和施工用胶水,冷焊,87119092,92272,12%,18%,18%
建筑和装修,家用胶水和施工用胶水,液态塑料,87119092,970630314,12%,18%,18%
建筑和装修,家用胶水和施工用胶水,耐火混合物,87119092,970709002,12%,18%,18%
建筑和装修,家用胶水和施工用胶水,家用胶,87119092,970831345,12%,18%,18%
建筑和装修,家用胶水和施工用胶水,建筑胶粘剂,87119092,970849521,12%,18%,18%
建筑和装修,家用胶水和施工用胶水,胶水固化剂,87119092,971076243,12%,18%,18%
建筑和装修,固定式梯子,设备、轮椅用坡道,43436331,970865246,12%,18%,18%
建筑和装修,固定式梯子,房屋门廊,73377902,970904987,12%,18%,18%
建筑和装修,固定式梯子,扶手，栏杆,87241319,970828809,12%,18%,18%
建筑和装修,固定式梯子,台阶,87241319,970851809,12%,18%,18%
建筑和装修,固定式梯子,楼梯竖板,87241319,971084429,12%,18%,18%
建筑和装修,固定式梯子,楼梯部件,87241319,971324509,12%,18%,18%
建筑和装修,喷漆枪、喷枪,电动喷漆枪,17031592,91473,12%,18%,18%
建筑和装修,喷漆枪、喷枪,粉末喷涂设备,200001016,971409261,12%,18%,18%
建筑和装修,喷漆枪、喷枪,粉末喷涂设备零件,200001016,971409262,12%,18%,18%
建筑和装修,聚碳酸酯和有机玻璃,聚丙烯片材,87570325,270390131,12%,18%,18%
建筑和装修,聚碳酸酯和有机玻璃,实心聚碳酸酯板,87570325,970825249,12%,18%,18%
建筑和装修,聚碳酸酯和有机玻璃,蜂窝型聚碳酸酯,87570325,970825251,12%,18%,18%
建筑和装修,聚碳酸酯和有机玻璃,聚碳酸酯成型品,87570325,970905416,12%,18%,18%
建筑和装修,聚碳酸酯和有机玻璃,有机玻璃,87570325,970941853,12%,18%,18%
建筑和装修,聚碳酸酯和有机玻璃,聚乙烯板材 ,87570325,971058288,12%,18%,18%
建筑和装修,聚碳酸酯和有机玻璃,聚苯乙烯板材 ,87570325,971058289,12%,18%,18%
建筑和装修,聚碳酸酯和有机玻璃,聚酯片材,87570325,971073464,12%,18%,18%
建筑和装修,聚碳酸酯和有机玻璃,聚氯乙烯发泡板材,87570325,971158879,12%,18%,18%
建筑和装修,供水与工程管道,水暖歧管,43430710,96102,12%,18%,18%
建筑和装修,供水与工程管道,收集器组,43430710,96103,12%,18%,18%
建筑和装修,供水与工程管道,聚集管柜,43430710,970743746,12%,18%,18%
建筑和装修,供水与工程管道,安全阀组,43430710,970827709,12%,18%,18%
建筑和装修,供水与工程管道,水力分集器,43430710,971162360,12%,18%,18%
建筑和装修,供水与工程管道,分集水器配件,43430710,971738627,12%,18%,18%
建筑和装修,供水与工程管道,水暖配件,43435751,96118,12%,18%,18%
建筑和装修,供水与工程管道,阀门伸缩杆,43435751,971326612,12%,18%,18%
建筑和装修,供水与工程管道,加热系统支管,43435751,971395960,12%,18%,18%
建筑和装修,紧固件和配件,锚栓,17037451,94541,12%,18%,18%
建筑和装修,紧固件和配件,化学螺栓,17037451,94560,12%,18%,18%
建筑和装修,紧固件和配件,锚配件,17037451,970868758,12%,18%,18%
建筑和装修,紧固件和配件,膨胀螺栓套管,17037457,94547,12%,18%,18%
建筑和装修,紧固件和配件,增压压井环,17037457,970857833,12%,18%,18%
建筑和装修,紧固件和配件,安装套筒,17037457,971216373,12%,18%,18%
建筑和装修,紧固件和配件,安装灯座,17037457,971313496,12%,18%,18%
建筑和装修,紧固件和配件,自攻螺钉,17037746,94556,12%,18%,18%
建筑和装修,紧固件和配件,螺钉,17037746,94565,12%,18%,18%
建筑和装修,紧固件和配件,自攻螺丝胶带,17037746,971051882,12%,18%,18%
建筑和装修,紧固件和配件,模板配件,41587566,971880440,12%,18%,18%
建筑和装修,紧固件和配件,螺母,43429267,94544,12%,18%,18%
建筑和装修,紧固件和配件,安装条,43429267,94554,12%,18%,18%
建筑和装修,紧固件和配件,垫圈,43429267,94562,12%,18%,18%
建筑和装修,紧固件和配件,聚碳酸酯紧固件,43429267,970825248,12%,18%,18%
建筑和装修,紧固件和配件,钉子,43429269,94545,12%,18%,18%
建筑和装修,紧固件和配件,铆钉,43430101,94548,12%,18%,18%
建筑和装修,紧固件和配件,气垫船机架底座,43430390,970675227,12%,18%,18%
建筑和装修,紧固件和配件,瓷砖水平夹,43430390,970675228,12%,18%,18%
建筑和装修,紧固件和配件,楔形块，SVP垫板,43430390,970675271,12%,18%,18%
建筑和装修,紧固件和配件,瓷砖找平系统,43430390,970842086,12%,18%,18%
建筑和装修,紧固件和配件,楔子，安装垫片,43430390,970851065,12%,18%,18%
建筑和装修,紧固件和配件,抹灰导向条固定件,43430390,971034067,12%,18%,18%
建筑和装修,紧固件和配件,墙砖高度调节器,43430390,971279599,12%,18%,18%
建筑和装修,紧固件和配件,瓷砖十字卡,43430390,98774,12%,18%,18%
建筑和装修,紧固件和配件,镜子固定件,43430391,98783,12%,18%,18%
建筑和装修,紧固件和配件,管道固定件,43430395,98781,12%,18%,18%
建筑和装修,紧固件和配件,固定夹片,43430396,94551,12%,18%,18%
建筑和装修,紧固件和配件,建筑紧固件套装,43432828,94552,12%,18%,18%
建筑和装修,紧固件和配件,安装垫,43432828,970725933,12%,18%,18%
建筑和装修,紧固件和配件,弹簧单元,43432828,970871920,12%,18%,18%
建筑和装修,紧固件和配件,砌体柔性连接,43432828,970882085,12%,18%,18%
建筑和装修,紧固件和配件,紧固定位销,43432828,971196533,12%,18%,18%
建筑和装修,紧固件和配件,玻璃支架,43432828,98758,12%,18%,18%
建筑和装修,紧固件和配件,安装吸盘,43432828,98766,12%,18%,18%
建筑和装修,紧固件和配件,安装吊架,43432828,98769,12%,18%,18%
建筑和装修,紧固件和配件,连接角码,43433955,94553,12%,18%,18%
建筑和装修,紧固件和配件,横梁支架,43433955,970862354,12%,18%,18%
建筑和装修,紧固件和配件,柱子底部,43433955,971327049,12%,18%,18%
建筑和装修,紧固件和配件,孔铁片,43433955,98770,12%,18%,18%
建筑和装修,紧固件和配件,建筑订书钉,43434636,94557,12%,18%,18%
建筑和装修,紧固件和配件,全螺纹丝杆,43434636,94564,12%,18%,18%
建筑和装修,紧固件和配件,开口销紧固件,43434636,970843509,12%,18%,18%
建筑和装修,紧固件和配件,加热电缆夹,43434636,970966537,12%,18%,18%
建筑和装修,紧固件和配件,结构支架,43434636,98771,12%,18%,18%
建筑和装修,紧固件和配件,蚊帐纱网,43434965,95652,12%,18%,18%
建筑和装修,紧固件和配件,防蚊纱窗配件,43434965,970802095,12%,18%,18%
建筑和装修,紧固件和配件,扎带,43435542,94559,12%,18%,18%
建筑和装修,紧固件和配件,环箍,43435542,94561,12%,18%,18%
建筑和装修,紧固件和配件,紧固夹,43435542,970859618,12%,18%,18%
建筑和装修,紧固件和配件,卡钉枪配件包,43435542,970859619,12%,18%,18%
建筑和装修,紧固件和配件,夹具平台,43435542,98596,12%,18%,18%
建筑和装修,紧固件和配件,灯带型材,53568698,405801077,12%,18%,18%
建筑和装修,紧固件和配件,铝合金收边条,53568698,504866217,12%,18%,18%
建筑和装修,紧固件和配件,天花龙骨,53568698,970689935,12%,18%,18%
建筑和装修,紧固件和配件,聚碳酸酯型材,53568698,970825250,12%,18%,18%
建筑和装修,紧固件和配件,木制型材,53568698,970862851,12%,18%,18%
建筑和装修,紧固件和配件,螺栓,88305164,94542,12%,18%,18%
建筑和装修,紧固件和配件,螺丝,88305164,94543,12%,18%,18%
建筑和装修,紧固件和配件,固定安装机架,88305164,971296389,12%,18%,18%
建筑和装修,紧固件和配件,紧固钩,88305164,98773,12%,18%,18%
建筑和装修,紧固件和配件,安装支架,88902753,779860078,12%,18%,18%
建筑和装修,紧固件和配件,邮箱,90007400,99482,12%,18%,18%
建筑和装修,紧固件和配件,管道系统部件,90112537,971747509,12%,18%,18%
建筑和装修,电气,接地套件,17032755,970689886,12%,18%,18%
建筑和装修,电气,避雷针,17032755,970965354,12%,18%,18%
建筑和装修,电气,防雷套件,17032755,971012068,12%,18%,18%
建筑和装修,电气,防雷配件,17032755,971012849,12%,18%,18%
建筑和装修,电气,接地配件,17032755,971015745,12%,18%,18%
建筑和装修,电气,绝缘胶带,43430100,94549,12%,18%,18%
建筑和装修,电气,门铃,43434036,94537,12%,18%,18%
建筑和装修,电气,电子遥控门铃按钮,43434036,94539,12%,18%,18%
建筑和装修,电气,门铃配件,43434036,971457609,12%,18%,18%
建筑和装修,电气,电缆打标管,43434645,971032499,12%,18%,18%
建筑和装修,电气,热缩管,43434645,99036,12%,18%,18%
建筑和装修,电气,温度调节器，恒温器,43434952,95402,12%,18%,18%
建筑和装修,电气,线槽,43435544,859372952,12%,18%,18%
建筑和装修,电气,线槽连接器,43435544,970859695,12%,18%,18%
建筑和装修,电气,电缆用高密度聚乙烯管道,43435544,970952654,12%,18%,18%
建筑和装修,电气,门用柔性电缆接头,43435544,971149511,12%,18%,18%
建筑和装修,电气,电缆波纹管,43435544,99038,12%,18%,18%
建筑和装修,气动工具,电动螺丝刀,200001424,94783,12%,18%,18%
建筑和装修,气动工具,气动喷笔,200001424,94886,12%,18%,18%
建筑和装修,气动工具,喷漆枪,200001424,94887,12%,18%,18%
建筑和装修,气动工具,防护涂料喷枪,200001424,95839,12%,18%,18%
建筑和装修,气动工具,喷漆枪枪头,200001424,98590,12%,18%,18%
建筑和装修,索具,紧固链条,41587594,115950276,12%,18%,18%
建筑和装修,索具,万向旋转扣,41587594,743378981,12%,18%,18%
建筑和装修,索具,吊重带,41587594,761910059,12%,18%,18%
建筑和装修,索具,钢缆末端接头,41587594,970861157,12%,18%,18%
建筑和装修,索具,吊装钩,41587594,970863164,12%,18%,18%
建筑和装修,索具,传动带,41587594,970865205,12%,18%,18%
建筑和装修,索具,焊接环,41587594,971052268,12%,18%,18%
建筑和装修,索具,索具支架,41587594,98755,12%,18%,18%
建筑和装修,索具,链条连接扣/连接环,41587594,98757,12%,18%,18%
建筑和装修,索具,花兰,41587594,98760,12%,18%,18%
建筑和装修,索具,金属丝,41587594,98765,12%,18%,18%
建筑和装修,索具,套环,41587594,98779,12%,18%,18%
建筑和装修,索具,安装弹簧钩,41587594,98782,12%,18%,18%
建筑和装修,索具,绳索,41587594,98786,12%,18%,18%
建筑和装修,索具,电缆夹,41587594,98787,12%,18%,18%
建筑和装修,索具,紧固滑轮,41587594,98792,12%,18%,18%
建筑和装修,索具,环首螺母,41587594,98793,12%,18%,18%
建筑和装修,索具,吊环螺栓,41587594,98794,12%,18%,18%
建筑和装修,索具,绳 ,89409290,743505105,12%,18%,18%
建筑和装修,索具,绳索,89409290,92739,12%,18%,18%
建筑和装修,索具,固定升降索,89409290,970865206,12%,18%,18%
建筑和装修,索具,聚丙烯绳,89409290,98763,12%,18%,18%
建筑和装修,工位存储和归纳用品,工具腰带,17032817,95494,12%,18%,18%
建筑和装修,工位存储和归纳用品,建筑工具包,17032817,95500,12%,18%,18%
建筑和装修,工位存储和归纳用品,工具收纳盒,43436300,115946994,12%,18%,18%
建筑和装修,工位存储和归纳用品,工具箱,43436300,115947013,12%,18%,18%
建筑和装修,工位存储和归纳用品,工具推车,43436300,504866277,12%,18%,18%
建筑和装修,工位存储和归纳用品,工具箱配件,43436300,971168715,12%,18%,18%
建筑和装修,工位存储和归纳用品,工具架,43443295,93672,12%,18%,18%
建筑和装修,工位存储和归纳用品,刀具存储系统,43443295,95497,12%,18%,18%
建筑和装修,工位存储和归纳用品,穿孔板,43443295,970879045,12%,18%,18%
建筑和装修,木材和板材,胶合板,88913206,970853798,12%,18%,18%
建筑和装修,木材和板材,木质纤维板,88913206,970853823,12%,18%,18%
建筑和装修,木材和板材,刨花板,88913206,970853824,12%,18%,18%
建筑和装修,木材和板材,定向结构刨花板,88913206,970853825,12%,18%,18%
建筑和装修,木材和板材,高密度纤维板,88913206,971360771,12%,18%,18%
建筑和装修,干墙和板材,石膏纤维板,89123456,970857805,12%,18%,18%
建筑和装修,干墙和板材,石膏板,89123456,970857806,12%,18%,18%
建筑和装修,维修配件及工具,工具配件,200001727,94875,12%,18%,18%
建筑和装修,维修配件及工具,砂磨机护垫,200001727,970944591,12%,18%,18%
建筑和装修,维修配件及工具,维修防尘罩,43434920,970876104,12%,18%,18%
建筑和装修,维修配件及工具,帐篷固定架,43434920,971053797,12%,18%,18%
建筑和装修,维修配件及工具,饰面材料目录,43443619,970743880,12%,18%,18%
建筑和装修,维修配件及工具,混凝土模具,73377900,97473,12%,18%,18%
建筑和装修,维修配件及工具,技术模板,89202025,970859597,12%,18%,18%
建筑和装修,供暖设备,供暖锅炉,17030325,96482,12%,18%,18%
建筑和装修,供暖设备,热交换器,17030325,96570,12%,18%,18%
建筑和装修,供暖设备,锅炉配件、备件,17030325,971037694,12%,18%,18%
建筑和装修,供暖设备,热泵,17030325,971956653,12%,18%,18%
建筑和装修,供暖设备,加热炉,17040019,970949371,12%,18%,18%
建筑和装修,供暖设备,热风机备件,43443459,971101326,12%,18%,18%
建筑和装修,供暖设备,防冷凝罩,87235936,970849005,12%,18%,18%
建筑和装修,轧制金属产品和钢构品,钢筋固定器,91976993,970623467,12%,18%,18%
建筑和装修,轧制金属产品和钢构品,钢筋,91976993,970684872,12%,18%,18%
建筑和装修,轧制金属产品和钢构品,钢筋马凳,91976993,971042540,12%,18%,18%
建筑和装修,轧制金属产品和钢构品,轧制金属制品,91976993,971433307,12%,18%,18%
建筑和装修,轧制金属产品和钢构品,夹芯板,91976993,972755312,12%,18%,18%
建筑和装修,天花板系统,拉伸天花板套装,73088665,970623303,12%,18%,18%
建筑和装修,天花板系统,盒式天花板套件,73088665,970672062,12%,18%,18%
建筑和装修,天花板系统,吊顶配件,73088665,970689936,12%,18%,18%
建筑和装修,天花板系统,条扣天花板套装 ,80201981,970672061,12%,18%,18%
建筑和装修,天花板系统,条扣天花板龙骨条,80201981,971226654,12%,18%,18%
建筑和装修,天花板系统,天花板块,92255677,970943251,12%,18%,18%
建筑和装修,天花板系统,盒式天花板,92255677,970943252,12%,18%,18%
成人用品,情趣玩具,肛门刺激器,17031117,96503,12%,14%,21%
成人用品,情趣玩具,前列腺按摩器,17031126,96524,12%,14%,21%
成人用品,情趣玩具,飞机杯,17031127,96525,12%,14%,21%
成人用品,情趣玩具,情趣喷嘴、延长杆,17031134,971749404,12%,14%,21%
成人用品,情趣玩具,肛钩,17031139,96501,12%,14%,21%
成人用品,情趣玩具,肛门塞,17031139,96535,12%,14%,21%
成人用品,情趣玩具,扩张器?,17031139,96541,12%,14%,21%
成人用品,情趣玩具,腰戴式假阳具,17031140,96508,12%,14%,21%
成人用品,情趣玩具,假阳具,17031144,96554,12%,14%,21%
成人用品,情趣玩具,阴茎环,17031151,96560,12%,14%,21%
成人用品,情趣玩具,阴道球,17034111,96510,12%,14%,21%
成人用品,情趣玩具,凯格尔训练器,17034111,96511,12%,14%,21%
成人用品,情趣玩具,私处训练器配件,17034111,971895257,12%,14%,21%
成人用品,情趣玩具,情趣泵,17034113,96512,12%,14%,21%
成人用品,情趣玩具,泵配件,17034113,970958669,12%,14%,21%
成人用品,情趣玩具,阴茎增大套装,17034113,97451,12%,14%,21%
成人用品,情趣玩具,振动器,17034114,96513,12%,14%,21%
成人用品,情趣玩具,振动子弹,17034114,96514,12%,14%,21%
成人用品,情趣玩具,振动蛋,17034114,96515,12%,14%,21%
成人用品,情趣玩具,振动器配件,17034114,971096778,12%,14%,21%
成人用品,情趣玩具,女性乳房模拟器,17034124,324689473,12%,14%,21%
成人用品,情趣玩具,成人角色扮演配件,51749710,324771396,12%,14%,21%
成人用品,情趣玩具,情趣套装,51749710,96518,12%,14%,21%
成人用品,私处护理用品,催情产品,17031154,96562,12%,14%,21%
成人用品,私处护理用品,延长器,17034145,96565,12%,14%,21%
成人用品,私处护理用品,情趣按摩油,17040023,971749423,12%,14%,21%
成人用品,私处护理用品,私处护理霜,17040023,97194,12%,14%,21%
成人用品,性虐,BDSM套装,17031120,96506,12%,14%,21%
成人用品,性虐,性虐固定器,17031133,96529,12%,14%,21%
成人用品,性虐,BDSM配件,17031138,96534,12%,14%,21%
成人用品,性虐,乳头夹、乳头刺激器,17034119,96517,12%,14%,21%
成人用品,性虐,短鞭,17034125,96536,12%,14%,21%
成人用品,性虐,性虐鞭,17034125,96546,12%,14%,21%
成人用品,性虐,阴囊撑开器、分离器,17034128,96540,12%,14%,21%
成人用品,性虐,尿道扩张器,17034128,970669701,12%,14%,21%
成人用品,性虐,性爱机器,17034134,96545,12%,14%,21%
成人用品,性虐,BDSM情趣设备,17034134,970956271,12%,14%,21%
成人用品,性虐,情趣机器头,17034134,971314469,12%,14%,21%
成人用品,性虐,电击刺激器 (情趣),43436524,96559,12%,14%,21%
成人用品,成人的糖果点心,成人糖果,92492103,971363842,12%,14%,21%
成人用品,性爱家具和纺织品,情趣纺织品,17034127,96538,12%,14%,21%
成人用品,性爱家具和纺织品,情趣家具,200001497,96544,12%,14%,21%
成人用品,性爱玩具护理和储存,玩具清洁剂,17034146,96566,12%,14%,21%
成人用品,性爱玩具护理和储存,情趣用品收纳,17034146,971102746,12%,14%,21%
成人用品,情趣纪念品和游戏,情趣游戏,93102648,268217795,12%,14%,21%
成人用品,情趣纪念品和游戏,情趣纪念品,93102648,96561,12%,14%,21%
成人用品,费洛蒙香水,费洛蒙香水,23709943,97674,12%,14%,21%
爱好和创作,儿童创意活动与发展,教育海报,17031273,92895,12%,14%,18%
爱好和创作,儿童创意活动与发展,教学设备,17031273,971110554,12%,14%,18%
爱好和创作,儿童创意活动与发展,动力沙,17031483,92906,12%,14%,18%
爱好和创作,儿童创意活动与发展,塑造材料,17031484,92907,12%,14%,18%
爱好和创作,儿童创意活动与发展,纸艺套装,17031485,92908,12%,14%,18%
爱好和创作,儿童创意活动与发展,着色,17037216,92929,12%,14%,18%
爱好和创作,儿童创意活动与发展,纸雕,17037217,92930,12%,14%,18%
爱好和创作,儿童创意活动与发展,手工模板,17037219,92291,12%,14%,18%
爱好和创作,儿童创意活动与发展,魔术套件,17037220,92932,12%,14%,18%
爱好和创作,儿童创意活动与发展,魔术配件,17037220,971416102,12%,14%,18%
爱好和创作,儿童创意活动与发展,手绘屏,17037224,92934,12%,14%,18%
爱好和创作,儿童创意活动与发展,绘图投影仪,17037224,970880499,12%,14%,18%
爱好和创作,儿童创意活动与发展,磁性笔?,17037224,970965210,12%,14%,18%
爱好和创作,儿童创意活动与发展,马赛克,17039200,92909,12%,14%,18%
爱好和创作,儿童创意活动与发展,橡皮泥,17039217,92928,12%,14%,18%
爱好和创作,儿童创意活动与发展,3D打印笔,18091379,96800,12%,14%,18%
爱好和创作,儿童创意活动与发展,3D打印笔配件,18091379,971102243,12%,14%,18%
爱好和创作,儿童创意活动与发展,木雕电烙笔,43434094,98501,12%,14%,18%
爱好和创作,儿童创意活动与发展,解剖模型,79950889,970693913,12%,14%,18%
爱好和创作,儿童创意活动与发展,创意海绵,88569761,970841396,12%,14%,18%
爱好和创作,儿童创意活动与发展,史莱姆制作材料,88621460,970841923,12%,14%,18%
爱好和创作,儿童创意活动与发展,儿童显微镜,95589033,970985367,12%,14%,18%
爱好和创作,儿童创意活动与发展,儿童望远镜,95589033,970985368,12%,14%,18%
爱好和创作,拼图， 模型,3D立体拼图,17031497,92935,12%,14%,18%
爱好和创作,拼图， 模型,拼图配件,17031507,92941,12%,14%,18%
爱好和创作,拼图， 模型,拼图,17037232,92950,12%,14%,18%
爱好和创作,拼图， 模型,建模工具,43429890,92940,12%,14%,18%
爱好和创作,拼图， 模型,拼装模型,43432895,92937,12%,14%,18%
爱好和创作,拼图， 模型,房子拼装模型,43432898,98182,12%,14%,18%
爱好和创作,拼图， 模型,拼装模型附加组件,76780984,970667790,12%,14%,18%
爱好和创作,拼图， 模型,模型特效材料,88661944,970849150,12%,14%,18%
爱好和创作,拼图， 模型,拼装模型配件,88723965,970863160,12%,14%,18%
爱好和创作,拼图， 模型,模型制作材料,88723965,970951151,12%,14%,18%
爱好和创作,拼图， 模型,拼装模型的设计图,88723965,971045888,12%,14%,18%
爱好和创作,拼图， 模型,模型化学品,90282863,970870906,12%,14%,18%
爱好和创作,模特,人体模型,17031513,94857,12%,14%,18%
爱好和创作,模特,人体模型配件,17031513,94859,12%,14%,18%
爱好和创作,画布和画架,画布配件,17031524,970719121,12%,14%,18%
爱好和创作,画布和画架,手工模板,17031524,971159541,12%,14%,18%
爱好和创作,画布和画架,油画布,17031524,97302,12%,14%,18%
爱好和创作,画布和画架,厚纸框,43434421,92329,12%,14%,18%
爱好和创作,画布和画架,画框内衬,43434421,98330,12%,14%,18%
爱好和创作,手工用品,蒸馏机,17031169,971093692,12%,14%,18%
爱好和创作,手工用品,切割垫,17034157,92287,12%,14%,18%
爱好和创作,手工用品,手工收纳箱,73417495,95488,12%,14%,18%
爱好和创作,手工用品,创意围裙,76965592,93869,12%,14%,18%
爱好和创作,手工用品,劳动课防护用品,76965592,971074121,12%,14%,18%
爱好和创作,手工用品,顶针,88646741,92285,12%,14%,18%
爱好和创作,手工用品,手工环,88646741,92314,12%,14%,18%
爱好和创作,手工用品,特殊缝纫工具,88646741,94507,12%,14%,18%
爱好和创作,手工用品,线轴,88646741,970713491,12%,14%,18%
爱好和创作,手工用品,DIY电焊笔,88646741,971148445,12%,14%,18%
爱好和创作,手工用品,拆线器,88646741,97189,12%,14%,18%
爱好和创作,手工用品,十字绣绕线板,88646741,97192,12%,14%,18%
爱好和创作,手工用品,缝纫用测量带,88646741,97196,12%,14%,18%
爱好和创作,手工用品,裁缝熨衣板,88646741,97407,12%,14%,18%
爱好和创作,手工用品,穿针机,88646741,98201,12%,14%,18%
爱好和创作,手工用品,手工用夹子,88646741,98557,12%,14%,18%
爱好和创作,手工用品,针织配件,88650614,786521401,12%,14%,18%
爱好和创作,手工用品,标牌,89188655,971892212,12%,14%,18%
爱好和创作,手工用品,装饰衣夹,89200237,92336,12%,14%,18%
爱好和创作,手工用品,用于针线活的自粘塑料,89200237,970981967,12%,14%,18%
爱好和创作,手工用品,压凸工具,89200237,971058376,12%,14%,18%
爱好和创作,手工用品,压凸耗材,89200237,971081732,12%,14%,18%
爱好和创作,手工用品,剪贴簿配件,89200237,98303,12%,14%,18%
爱好和创作,针线活工具,装饰印章,17030119,94516,12%,14%,18%
爱好和创作,针线活工具,钩针,17034162,94508,12%,14%,18%
爱好和创作,针线活工具,绣圈,17034169,94513,12%,14%,18%
爱好和创作,针线活工具,箍架,17034169,970855263,12%,14%,18%
爱好和创作,针线活工具,绣绷配件,17034169,971109509,12%,14%,18%
爱好和创作,针线活工具,针织针,17034170,94514,12%,14%,18%
爱好和创作,针线活工具,针织针配件,17034170,970623773,12%,14%,18%
爱好和创作,针线活工具,彩色玻璃研磨机,200000043,971053038,12%,14%,18%
爱好和创作,针线活工具,研磨机配件,200000043,971078632,12%,14%,18%
爱好和创作,针线活工具,织布机床,200000752,971218623,12%,14%,18%
爱好和创作,针线活工具,织造工具,200000752,971432461,12%,14%,18%
爱好和创作,针线活工具,手工梳棉器,200000753,971218631,12%,14%,18%
爱好和创作,针线活工具,簇绒设备,200000923,971214795,12%,14%,18%
爱好和创作,针线活工具,纺纱工具,200000954,971891599,12%,14%,18%
爱好和创作,针线活工具,大头针,41589596,94500,12%,14%,18%
爱好和创作,针线活工具,针,41589597,94504,12%,14%,18%
爱好和创作,针线活工具,手工切割器,43430715,971049280,12%,14%,18%
爱好和创作,针线活工具,针盒,43430720,94506,12%,14%,18%
爱好和创作,针线活工具,模切压花机,43433110,98533,12%,14%,18%
爱好和创作,针线活工具,针织机,43433111,94510,12%,14%,18%
爱好和创作,针线活工具,针织工具套件,43433116,98548,12%,14%,18%
爱好和创作,针线活工具,手工刀,43433750,97255,12%,14%,18%
爱好和创作,针线活工具,布料裁切刀刃 ,43433750,97256,12%,14%,18%
爱好和创作,针线活工具,手工镊子,43433752,97737,12%,14%,18%
爱好和创作,针线活工具,缝纫锥,43435943,97190,12%,14%,18%
爱好和创作,针线活工具,针线活模板,43435944,98202,12%,14%,18%
爱好和创作,针线活工具,拼布熨斗,43435947,97408,12%,14%,18%
爱好和创作,针线活工具,衍纸工具,79606754,970691280,12%,14%,18%
爱好和创作,针线活工具,皮革和毛皮加工工具,82354876,970721641,12%,14%,18%
爱好和创作,针线活工具,缝纫裁剪图,88355784,970838697,12%,14%,18%
爱好和创作,针线活工具,花艺工具,88672878,971133771,12%,14%,18%
爱好和创作,针线活工具,缝纫配件安装设备,89893414,960809160,12%,14%,18%
爱好和创作,手工艺品材料,小珠子,17030121,92295,12%,14%,18%
爱好和创作,手工艺品材料,串珠机,17030121,971103566,12%,14%,18%
爱好和创作,手工艺品材料,珠粒,17030124,92297,12%,14%,18%
爱好和创作,手工艺品材料,凸圆面,17030124,92301,12%,14%,18%
爱好和创作,手工艺品材料,水钻,17030124,92342,12%,14%,18%
爱好和创作,手工艺品材料,水钻工具,17030124,971074024,12%,14%,18%
爱好和创作,手工艺品材料,喇叭珠子,17030124,971158288,12%,14%,18%
爱好和创作,手工艺品材料,装饰胶带,17030182,96602,12%,14%,18%
爱好和创作,手工艺品材料,软陶,17031478,92902,12%,14%,18%
爱好和创作,手工艺品材料,聚合体粘土软化剂,17031478,971042335,12%,14%,18%
爱好和创作,手工艺品材料,聚合物粘土的香料,17031478,971287250,12%,14%,18%
爱好和创作,手工艺品材料,黏土,17031478,98401,12%,14%,18%
爱好和创作,手工艺品材料,皮革,17032425,180528481,12%,14%,18%
爱好和创作,手工艺品材料,拉菲草绳,17032425,92339,12%,14%,18%
爱好和创作,手工艺品材料,布,17032425,92344,12%,14%,18%
爱好和创作,手工艺品材料,服装保暖材料,17032425,970804631,12%,14%,18%
爱好和创作,手工艺品材料,家具填料,17032425,970876448,12%,14%,18%
爱好和创作,手工艺品材料,热转印膜,17032426,92345,12%,14%,18%
爱好和创作,手工艺品材料,手工艺品装饰元件,17032427,92347,12%,14%,18%
爱好和创作,手工艺品材料,补丁,17034174,92305,12%,14%,18%
爱好和创作,手工艺品材料,袖章,17034174,970886657,12%,14%,18%
爱好和创作,手工艺品材料,刺绣帆布 ,17034178,92309,12%,14%,18%
爱好和创作,手工艺品材料,制皂原料,17034191,92326,12%,14%,18%
爱好和创作,手工艺品材料,制皂添加剂,17034191,92341,12%,14%,18%
爱好和创作,手工艺品材料,水洗贴纸,17034191,971099208,12%,14%,18%
爱好和创作,手工艺品材料,化妆品丙二醇,17034191,971195918,12%,14%,18%
爱好和创作,手工艺品材料,甘油,17034191,99056,12%,14%,18%
爱好和创作,手工艺品材料,亮片,17034193,92328,12%,14%,18%
爱好和创作,手工艺品材料,彩色玻璃材料,200000045,971119840,12%,14%,18%
爱好和创作,手工艺品材料,皮革化学品,200000048,971065942,12%,14%,18%
爱好和创作,手工艺品材料,首饰盒配件,200000198,971815165,12%,14%,18%
爱好和创作,手工艺品材料,创意丙烯酸树脂,200000347,971078281,12%,14%,18%
爱好和创作,手工艺品材料,手工铁丝,200000739,96599,12%,14%,18%
爱好和创作,手工艺品材料,金银丝线,200000739,970680554,12%,14%,18%
爱好和创作,手工艺品材料,工艺鱼丝线,200000739,971169755,12%,14%,18%
爱好和创作,手工艺品材料,手工用粘扣/贴纸,200000830,971682674,12%,14%,18%
爱好和创作,手工艺品材料,烛芯,200000913,970880745,12%,14%,18%
爱好和创作,手工艺品材料,蜡烛制作材料,200000913,970954617,12%,14%,18%
爱好和创作,手工艺品材料,熔蜡器,200000913,971301761,12%,14%,18%
爱好和创作,手工艺品材料,蜡芯固定器,200000913,971307034,12%,14%,18%
爱好和创作,手工艺品材料,手工染料,200000913,971313499,12%,14%,18%
爱好和创作,手工艺品材料,热升华金属,200000993,971364337,12%,14%,18%
爱好和创作,手工艺品材料,热升华油墨,200000993,971364338,12%,14%,18%
爱好和创作,手工艺品材料,圣像画术板,200001003,971390356,12%,14%,18%
爱好和创作,手工艺品材料,手工用蜡,200001465,971919690,12%,14%,18%
爱好和创作,手工艺品材料,创意水泥,43429394,970962316,12%,14%,18%
爱好和创作,手工艺品材料,创意浇注石材,43429394,971407846,12%,14%,18%
爱好和创作,手工艺品材料,石膏,43429394,97661,12%,14%,18%
爱好和创作,手工艺品材料,服装辅料,43430724,92313,12%,14%,18%
爱好和创作,手工艺品材料,纽扣,43430724,92337,12%,14%,18%
爱好和创作,手工艺品材料,扣环,43430724,98543,12%,14%,18%
爱好和创作,手工艺品材料,香料,43433756,92327,12%,14%,18%
爱好和创作,手工艺品材料,手工艺品填充剂,43433759,92323,12%,14%,18%
爱好和创作,手工艺品材料,天然材料,43434420,92335,12%,14%,18%
爱好和创作,手工艺品材料,织物稳定剂,43435145,92289,12%,14%,18%
爱好和创作,手工艺品材料,刺绣图案,43435147,92343,12%,14%,18%
爱好和创作,手工艺品材料,刺绣配件,43435147,970958445,12%,14%,18%
爱好和创作,手工艺品材料,火漆印,43435148,970680089,12%,14%,18%
爱好和创作,手工艺品材料,熔火漆配件,43435148,971418741,12%,14%,18%
爱好和创作,手工艺品材料,火漆,43435148,98421,12%,14%,18%
爱好和创作,手工艺品材料,熨烫工具,43435149,98465,12%,14%,18%
爱好和创作,手工艺品材料,热敏贴纸,43435152,92324,12%,14%,18%
爱好和创作,手工艺品材料,毛毡,43435952,98345,12%,14%,18%
爱好和创作,手工艺品材料,钟表毛胚,43435958,971156049,12%,14%,18%
爱好和创作,手工艺品材料,挂钟钟机芯,43435958,98100,12%,14%,18%
爱好和创作,手工艺品材料,手工制品用针,43436531,98209,12%,14%,18%
爱好和创作,手工艺品材料,画框,43443644,92338,12%,14%,18%
爱好和创作,手工艺品材料,浇注材料,77175139,970674008,12%,14%,18%
爱好和创作,手工艺品材料,里子料子,78058680,970680747,12%,14%,18%
爱好和创作,手工艺品材料,DIY环氧树脂,87263705,822555160,12%,14%,18%
爱好和创作,手工艺品材料,手工用刮板/抹刀,87263705,971311639,12%,14%,18%
爱好和创作,手工艺品材料,玩具制作元件,88575972,970841515,12%,14%,18%
爱好和创作,手工艺品材料,花艺海绵,88672877,92349,12%,14%,18%
爱好和创作,手工艺品材料,手工用纸,88672877,970688646,12%,14%,18%
爱好和创作,手工艺品材料,花艺吸试管,88672877,970862365,12%,14%,18%
爱好和创作,手工艺品材料,植物标本集,88672877,970871224,12%,14%,18%
爱好和创作,手工艺品材料,花艺造型骨架,88672877,970871225,12%,14%,18%
爱好和创作,手工艺品材料,用于花艺的稳定植物,88672877,970941663,12%,14%,18%
爱好和创作,手工艺品材料,花艺丝带,88672877,971005740,12%,14%,18%
爱好和创作,手工艺品材料,压花集文件夹,88672877,971032588,12%,14%,18%
爱好和创作,手工艺品材料,花艺海绵托盘,88672877,971162646,12%,14%,18%
爱好和创作,手工艺品材料,植物干燥剂,88672877,971163994,12%,14%,18%
爱好和创作,手工艺品材料,花艺热缩管,88672877,971423238,12%,14%,18%
爱好和创作,手工艺品材料,海绵纸,88672877,97297,12%,14%,18%
爱好和创作,手工艺品材料,花艺装饰,88672879,970892412,12%,14%,18%
爱好和创作,手工艺品材料,铆钉,89188651,92304,12%,14%,18%
爱好和创作,手工艺品材料,气眼扣,89188651,92319,12%,14%,18%
爱好和创作,手工艺品材料,金属扣眼工具,89188651,98581,12%,14%,18%
爱好和创作,手工艺品材料,化妆品制造部件,90724604,971424239,12%,14%,18%
爱好和创作,手工艺品材料,礼品包装纸,90724613,970671315,12%,14%,18%
爱好和创作,手工制作套件,刺绣套装,17030166,94896,12%,14%,18%
爱好和创作,手工制作套件,DIY版画套装,17031479,92903,12%,14%,18%
爱好和创作,手工制作套件,泥塑、雕塑套装,17031488,92916,12%,14%,18%
爱好和创作,手工制作套件,实验套装,17031490,92917,12%,14%,18%
爱好和创作,手工制作套件,织造套装,17031492,92919,12%,14%,18%
爱好和创作,手工制作套件,串珠套件,17031492,94895,12%,14%,18%
爱好和创作,手工制作套件,编织线,17031492,970804409,12%,14%,18%
爱好和创作,手工制作套件,编织底板,17031492,970957181,12%,14%,18%
爱好和创作,手工制作套件,编织用纸藤,17031492,971070706,12%,14%,18%
爱好和创作,手工制作套件,编藤撬刀,17031492,971078269,12%,14%,18%
爱好和创作,手工制作套件,编织藤条,17031492,971084314,12%,14%,18%
爱好和创作,手工制作套件,编织皮筋,17031492,98206,12%,14%,18%
爱好和创作,手工制作套件,绘画、描绘套装,17031493,97176,12%,14%,18%
爱好和创作,手工制作套件,钻石画,17032444,94899,12%,14%,18%
爱好和创作,手工制作套件,亮片画,17032444,98428,12%,14%,18%
爱好和创作,手工制作套件,数字油画,17039202,94897,12%,14%,18%
爱好和创作,手工制作套件,轮廓油画,17039202,970871699,12%,14%,18%
爱好和创作,手工制作套件,毡化套装,17039203,92910,12%,14%,18%
爱好和创作,手工制作套件,木材燃烧套装,17039211,92901,12%,14%,18%
爱好和创作,手工制作套件,DIY编织工具套装,17039211,92911,12%,14%,18%
爱好和创作,手工制作套件,装饰套装 ,17039211,92912,12%,14%,18%
爱好和创作,手工制作套件,DIY玩具套装,17039211,92913,12%,14%,18%
爱好和创作,手工制作套件,DIY肥皂套装,17039211,92914,12%,14%,18%
爱好和创作,手工制作套件,DIY蜡烛套装,17039211,92915,12%,14%,18%
爱好和创作,手工制作套件,混凝纸套装,17039211,92918,12%,14%,18%
爱好和创作,手工制作套件,"饰品创作套装
",17039211,92924,12%,14%,18%
爱好和创作,手工制作套件,剪贴簿与贴画制作套装,17039211,94901,12%,14%,18%
爱好和创作,手工制作套件,史莱姆制作套装,17039211,970585456,12%,14%,18%
爱好和创作,手工制作套件,DIY苔藓微景观套装,17039211,970826284,12%,14%,18%
爱好和创作,手工制作套件,DIY时钟套装,17039211,970865114,12%,14%,18%
爱好和创作,手工制作套件,化妆品、香水制作套装,17039211,97180,12%,14%,18%
爱好和创作,手工制作套件,缝纫、纺织套装,43435961,94904,12%,14%,18%
爱好和创作,线，纱线,带,17030176,96596,12%,14%,18%
爱好和创作,线，纱线,缝纫松紧带,17030176,96601,12%,14%,18%
爱好和创作,线，纱线,绦带,17030176,96603,12%,14%,18%
爱好和创作,线，纱线,花边,17030176,970886710,12%,14%,18%
爱好和创作,线，纱线,纺织吊绳,17030176,971877582,12%,14%,18%
爱好和创作,线，纱线,绣线,17030178,96597,12%,14%,18%
爱好和创作,线，纱线,线,17030178,96598,12%,14%,18%
爱好和创作,线，纱线,纱线,17030180,96600,12%,14%,18%
爱好和创作,线，纱线,羊毛,17030183,96604,12%,14%,18%
爱好和创作,线，纱线,手工编织绳,200000991,96605,12%,14%,18%
爱好和创作,画架和素描本,静物台,19034775,970617545,12%,14%,18%
爱好和创作,画架和素描本,画架配件,19034775,970629873,12%,14%,18%
爱好和创作,画架和素描本,艺术画架,19034775,97414,12%,14%,18%
爱好和创作,画架和素描本,画稿夹,19034775,97416,12%,14%,18%
爱好和创作,珠宝制造设备,珠宝手工工具,200000004,971074617,12%,14%,18%
爱好和创作,珠宝制造设备,珠宝首饰工具,200000004,971080264,12%,14%,18%
爱好和创作,珠宝制造设备,珠宝首饰耗材,200000004,971116681,12%,14%,18%
爱好和创作,珠宝制造设备,珠宝金属,200000995,971364722,12%,14%,18%
爱好和创作,配色产品,色彩诊断配件,200000250,971069466,12%,14%,18%
爱好和创作,昆虫学,捕虫网,200000509,971100637,12%,14%,18%
爱好和创作,法证科学,刑侦工具,200000627,971136879,12%,14%,18%
爱好和创作,法证科学,法证标签、包装材料,200000627,971136881,12%,14%,18%
爱好和创作,制陶,陶艺工具,200000859,92898,12%,14%,18%
爱好和创作,制陶,制陶工具,200000859,971155939,12%,14%,18%
爱好和创作,制陶,塑造板,200000859,99415,12%,14%,18%
爱好和创作,制陶,陶瓷釉料,200000860,971293832,12%,14%,18%
爱好和创作,制陶,陶瓷釉料,200000860,971293833,12%,14%,18%
爱好和创作,制陶,粘土成型机,93201719,970960411,12%,14%,18%
爱好和创作,制陶,陶轮,93201719,971112037,12%,14%,18%
爱好和创作,制陶,陶瓷烧制马弗炉,93201719,971197785,12%,14%,18%
爱好和创作,创作用化学品,珠宝制品化学品,200001046,971433298,12%,14%,18%
爱好和创作,手工艺毛坯、配件,珠宝毛坯,17030131,98605,12%,14%,18%
爱好和创作,手工艺毛坯、配件,手工坯料,17034172,92303,12%,14%,18%
爱好和创作,手工艺毛坯、配件,鞋类配件,200001273,92334,12%,14%,18%
爱好和创作,手工艺毛坯、配件,箱包配件,200001273,92340,12%,14%,18%
爱好和创作,手工艺毛坯、配件,内衣配件,200001273,92350,12%,14%,18%
爱好和创作,手工创作工具,灯工玻璃、熔合玻璃工具,100938692,971041756,12%,14%,18%
爱好和创作,手工创作工具,胶棒,17031438,94909,12%,14%,18%
爱好和创作,手工创作工具,手工胶枪,17031438,95575,12%,14%,18%
爱好和创作,手工创作工具,彩色玻璃工具,200000044,971080272,12%,14%,18%
爱好和创作,手工创作工具,丝网印刷设备,200000521,971103293,12%,14%,18%
爱好和创作,手工创作工具,硅胶模,43436529,97229,12%,14%,18%
爱好和创作,手工创作工具,版画制作工具,88661963,970872563,12%,14%,18%
爱好和创作,手工创作工具,湿拓画工具,88985097,970855492,12%,14%,18%
爱好和创作,手工创作工具,湿拓画颜料,88985097,970855494,12%,14%,18%
爱好和创作,手工创作工具,湿拓画专用增稠剂?,88985097,970855498,12%,14%,18%
爱好和创作,手工创作工具,画作烘干吹风机,91855084,970893285,12%,14%,18%
爱好和创作,角色手办,电子游戏、电影角色人偶,200001711,97962,12%,14%,18%
爱好和创作,占卜和神秘学用品,占卜牌,17032005,93752,12%,14%,18%
爱好和创作,占卜和神秘学用品,塔罗牌,17032005,93767,12%,14%,18%
爱好和创作,占卜和神秘学用品,占卜配件,43443472,93728,12%,14%,18%
爱好和创作,占卜和神秘学用品,魔法用具,43443472,93730,12%,14%,18%
爱好和创作,占卜和神秘学用品,魔法蜡烛,43443472,93782,12%,14%,18%
爱好和创作,占卜和神秘学用品,魔法护身符、辟邪物,88709082,93733,12%,14%,18%
爱好和创作,棋盘和纸牌游戏,益智游戏,17029246,92816,12%,14%,18%
爱好和创作,棋盘和纸牌游戏,拼图配件,17029246,971157847,12%,14%,18%
爱好和创作,棋盘和纸牌游戏,桌游配件,17029279,92885,12%,14%,18%
爱好和创作,棋盘和纸牌游戏,多米诺骨牌,17029282,92888,12%,14%,18%
爱好和创作,棋盘和纸牌游戏,麻将,17029282,970791574,12%,14%,18%
爱好和创作,棋盘和纸牌游戏,俄罗斯乐透,17031265,92892,12%,14%,18%
爱好和创作,棋盘和纸牌游戏,桌面游戏,17031270,92893,12%,14%,18%
爱好和创作,棋盘和纸牌游戏,棋盘游戏附加,17031270,970797528,12%,14%,18%
爱好和创作,棋盘和纸牌游戏,扑克桌,200000825,971218398,12%,14%,18%
爱好和创作,棋盘和纸牌游戏,扑克布,200000825,971287560,12%,14%,18%
爱好和创作,棋盘和纸牌游戏,纸牌,43430606,115944396,12%,14%,18%
爱好和创作,棋盘和纸牌游戏,扑克牌配件,43430606,98502,12%,14%,18%
爱好和创作,棋盘和纸牌游戏,骰子,43430607,98476,12%,14%,18%
爱好和创作,棋盘和纸牌游戏,扑克套装,43434445,98489,12%,14%,18%
爱好和创作,棋盘和纸牌游戏,双陆棋,43435970,98479,12%,14%,18%
爱好和创作,棋盘和纸牌游戏,国际象棋,43435970,98488,12%,14%,18%
爱好和创作,棋盘和纸牌游戏,跳棋,43435970,98492,12%,14%,18%
爱好和创作,棋盘和纸牌游戏,迷你高尔夫,47224259,91231,12%,14%,18%
爱好和创作,棋盘和纸牌游戏,轮盘赌,77378294,970675125,12%,14%,18%
爱好和创作,棋盘和纸牌游戏,国际象棋时钟,94106508,670219446,12%,14%,18%
爱好和创作,棋盘和纸牌游戏,隐喻卡,94293723,970855962,12%,14%,18%
爱好和创作,棋盘和纸牌游戏,心理游戏,94293723,970982050,12%,14%,18%
爱好和创作,创造收纳袋和包,艺术用品手提包,88577275,970842657,12%,14%,18%
爱好和创作,创作设备,工艺美术喷枪,88621600,970843532,12%,14%,18%
爱好和创作,创作设备,喷枪涂料,88621621,970849024,12%,14%,18%
爱好和创作,创作设备,喷笔配件,88621621,970849026,12%,14%,18%
爱好和创作,创作设备,喷枪耗材,88621621,971880987,12%,14%,18%
爱好和创作,修复和镀金,镀金套件,100188510,971027024,12%,14%,18%
爱好和创作,修复和镀金,装订设备,200000982,971362247,12%,14%,18%
爱好和创作,修复和镀金,贴金材料,43434521,98405,12%,14%,18%
爱好和创作,修复和镀金,镀金工具,88274006,98651,12%,14%,18%
爱好和创作,修复和镀金,装订材料,90282835,970870442,12%,14%,18%
家用电器,秤,行李秤,17034678,91416,10%,10%,10%
家用电器,秤,厨房秤,17034680,91418,10%,10%,10%
家用电器,秤,浴室秤,17036533,91419,10%,10%,10%
家用电器,秤,商用秤,89621004,638606215,10%,10%,10%
家用电器,秤,珠宝秤,89621004,91420,10%,10%,10%
家用电器,秤,校准砝码,89621004,95876,10%,10%,10%
家用电器,秤,吊秤,89621004,971168847,10%,10%,10%
家用电器,电动牙刷,冲牙器,17033915,91903,10%,10%,10%
家用电器,电动牙刷,牙齿美白系统,17033917,779860076,10%,10%,10%
家用电器,电动牙刷,电动牙刷,17033917,91905,10%,10%,10%
家用电器,电动牙刷,电动牙刷更换头,17033919,94700,10%,10%,10%
家用电器,电动牙刷,电动牙刷充电器,17033919,970681331,10%,10%,10%
家用电器,电动牙刷,电动牙刷配件,17033919,971074008,10%,10%,10%
家用电器,电动牙刷,冲牙器清洁液,200001527,98979,10%,10%,10%
家用电器,电动牙刷,冲牙器喷嘴,200001554,94699,10%,10%,10%
家用电器,电动牙刷,冲牙器配件,200001554,970671422,10%,10%,10%
家用电器,空调和分体式系统,便携式空调,17039649,95720,10%,10%,10%
家用电器,空调和分体式系统,窗式空调,17039649,95721,10%,10%,10%
家用电器,空调和分体式系统,分体式空调,17039651,95722,10%,10%,10%
家用电器,空调和分体式系统,风机盘管,17039651,970955810,10%,10%,10%
家用电器,吸尘器,汽车吸尘器,17039653,91584,10%,10%,10%
家用电器,吸尘器,卧式吸尘器,17039655,91586,10%,10%,10%
家用电器,吸尘器,湿式吸尘器,17039655,91588,10%,10%,10%
家用电器,吸尘器,电动扫帚,17039655,91595,10%,10%,10%
家用电器,吸尘器,除螨吸尘器,17039655,970684979,10%,10%,10%
家用电器,吸尘器,电动拖把,17039655,970744639,10%,10%,10%
家用电器,吸尘器,电刷,17039655,99323,10%,10%,10%
家用电器,吸尘器,擦玻璃机器人,17039661,91590,10%,10%,10%
家用电器,吸尘器,扫地机器人,17039661,91592,10%,10%,10%
家用电器,吸尘器,地板抛光机器人,17039661,97937,10%,10%,10%
家用电器,吸尘器,立式吸尘器,43429830,91587,10%,10%,10%
家用电器,吸尘器,手持吸尘器,43429830,91593,10%,10%,10%
家用电器,吸尘器,鼓风机,43429830,91617,10%,10%,10%
家用电器,吸尘器,直立式抛光机,43429830,971149304,10%,10%,10%
家用电器,理发设备和配件,电动剃须刀配件,17039664,91675,10%,10%,10%
家用电器,理发设备和配件,修剪机配件,17039664,96769,10%,10%,10%
家用电器,理发设备和配件,理发器,17039667,91678,10%,10%,10%
家用电器,理发设备和配件,修剪器,17039672,91683,10%,10%,10%
家用电器,理发设备和配件,电剃须刀,17039676,91687,10%,10%,10%
家用电器,熨斗和蒸笼,蒸汽发生器,17039678,115948871,10%,10%,10%
家用电器,熨斗和蒸笼,熨烫系统,17039678,91424,10%,10%,10%
家用电器,熨斗和蒸笼,平烫机,17039678,91425,10%,10%,10%
家用电器,熨斗和蒸笼,熨烫人台,17039678,971163248,10%,10%,10%
家用电器,熨斗和蒸笼,蒸汽清洁机,17039682,91428,10%,10%,10%
家用电器,熨斗和蒸笼,电熨斗,17039683,91429,10%,10%,10%
家用电器,熨斗和蒸笼,衣物挂烫机,43433867,91426,10%,10%,10%
家用电器,果蔬烘干机,电动果蔬烘干机,17039686,95851,10%,10%,10%
家用电器,果蔬烘干机,家用消毒器,43435267,95850,10%,10%,10%
家用电器,混合机、搅拌机、研磨机,料理机,17039687,94973,10%,10%,10%
家用电器,混合机、搅拌机、研磨机,牛奶起泡器,17039690,94975,10%,10%,10%
家用电器,混合机、搅拌机、研磨机,咖啡研磨机,17039693,94978,10%,10%,10%
家用电器,混合机、搅拌机、研磨机,食品加工机,17039694,94979,10%,10%,10%
家用电器,混合机、搅拌机、研磨机,意大利面机,17039694,96862,10%,10%,10%
家用电器,混合机、搅拌机、研磨机,厨师机,17039694,970686722,10%,10%,10%
家用电器,混合机、搅拌机、研磨机,厨房搅拌机,17039697,94982,10%,10%,10%
家用电器,混合机、搅拌机、研磨机,电动绞肉机,17039698,94983,10%,10%,10%
家用电器,混合机、搅拌机、研磨机,切碎机,43430548,94976,10%,10%,10%
家用电器,混合机、搅拌机、研磨机,食品切片机,43430548,94980,10%,10%,10%
家用电器,混合机、搅拌机、研磨机,电动磨粉机,43430548,94981,10%,10%,10%
家用电器,咖啡壶和咖啡机,土耳其电咖啡壶,17039701,504866212,10%,10%,10%
家用电器,咖啡壶和咖啡机,滴滤咖啡机,17039701,504866213,10%,10%,10%
家用电器,咖啡壶和咖啡机,全自动咖啡机,17039702,94971,10%,10%,10%
家用电器,咖啡壶和咖啡机,胶囊咖啡机,17039702,96852,10%,10%,10%
家用电器,咖啡壶和咖啡机,专业咖啡机,17039702,970658779,10%,10%,10%
家用电器,咖啡壶和咖啡机,咖啡烘焙机,89071065,970857137,10%,10%,10%
家用电器,慢炖锅、面包机、空气烤架,空气炸锅,17039703,94726,10%,10%,10%
家用电器,慢炖锅、面包机、空气烤架,酸奶机,17039705,94728,10%,10%,10%
家用电器,慢炖锅、面包机、空气烤架,腌制机,17039705,94729,10%,10%,10%
家用电器,慢炖锅、面包机、空气烤架,家用发酵罐,17039705,971067129,10%,10%,10%
家用电器,慢炖锅、面包机、空气烤架,冰淇淋机,17039707,94730,10%,10%,10%
家用电器,慢炖锅、面包机、空气烤架,电饭煲,17039708,94731,10%,10%,10%
家用电器,慢炖锅、面包机、空气烤架,电饭煲,17039708,94735,10%,10%,10%
家用电器,慢炖锅、面包机、空气烤架,低温慢煮机,17039708,94738,10%,10%,10%
家用电器,慢炖锅、面包机、空气烤架,电蒸锅 ,17039711,94734,10%,10%,10%
家用电器,慢炖锅、面包机、空气烤架,油炸锅,17039716,94740,10%,10%,10%
家用电器,慢炖锅、面包机、空气烤架,面包机,17039717,94741,10%,10%,10%
家用电器,热处理,汉堡机,17039718,696937868,10%,10%,10%
家用电器,热处理,棉花糖机,17039718,95604,10%,10%,10%
家用电器,热处理,爆米花机,17039718,95613,10%,10%,10%
家用电器,热处理,煎香肠机,17039718,95615,10%,10%,10%
家用电器,热处理,电动巧克力火锅,17039718,95619,10%,10%,10%
家用电器,热处理,热巧克力机,17039718,970829661,10%,10%,10%
家用电器,热处理,薄饼机,17039719,95605,10%,10%,10%
家用电器,热处理,三明治机,17039721,95606,10%,10%,10%
家用电器,热处理,华夫饼机,17039721,95607,10%,10%,10%
家用电器,热处理,甜甜圈机,17039721,970828016,10%,10%,10%
家用电器,热处理,多功能华夫饼机,17039721,98490,10%,10%,10%
家用电器,热处理,烟熏枪,17039729,129788425,10%,10%,10%
家用电器,热处理,电烤架,17039729,95616,10%,10%,10%
家用电器,热处理,电熏箱,17039729,95617,10%,10%,10%
家用电器,热处理,电煎锅,17039729,95618,10%,10%,10%
家用电器,热处理,电动烤肉串机,17039729,95620,10%,10%,10%
家用电器,热处理,煮蛋器,17039734,95621,10%,10%,10%
家用电器,热处理,餐具加热器,43430552,95612,10%,10%,10%
家用电器,热处理,加热午餐盒,43430552,97980,10%,10%,10%
家用电器,热处理,烤面包机,47156221,96031,10%,10%,10%
家用电器,电热水壶和热水器,热水壶,17039736,94966,10%,10%,10%
家用电器,电热水壶和热水器,餐饮用沸水器,17039736,971032927,10%,10%,10%
家用电器,电热水壶和热水器,电茶炊,17039738,94967,10%,10%,10%
家用电器,电热水壶和热水器,电水壶,17039738,94968,10%,10%,10%
家用电器,电热水壶和热水器,杯垫加热器,17039738,970740895,10%,10%,10%
家用电器,电热水壶和热水器,水蒸馏器,200001493,971291449,10%,10%,10%
家用电器,电热水壶和热水器,蒸馏水机配件,200001493,971291469,10%,10%,10%
家用电器,电热水壶和热水器,浸入式电热棒,43436567,94969,10%,10%,10%
家用电器,炉灶,烤箱,17039741,94047,10%,10%,10%
家用电器,炉灶,迷你烤箱,17039743,94048,10%,10%,10%
家用电器,炉灶,电烤箱,17039743,95614,10%,10%,10%
家用电器,炉灶,台式炉灶,17039744,94049,10%,10%,10%
家用电器,炉灶,炉灶,17039746,94051,10%,10%,10%
家用电器,炉灶,嵌入式电蒸机,43433873,94050,10%,10%,10%
家用电器,洗衣机,洗衣机,17039747,93828,10%,10%,10%
家用电器,洗衣机,甩干机,17039748,970797265,10%,10%,10%
家用电器,洗衣机,电动烘干机,43436569,122770105,10%,10%,10%
家用电器,洗衣机,滚筒式干衣机,43436569,93829,10%,10%,10%
家用电器,洗衣机,蒸汽衣柜,43436569,970828015,10%,10%,10%
家用电器,洗衣机,物、鞋子干燥柜,43436569,971012096,10%,10%,10%
家用电器,冰箱,酒柜,17039749,93821,10%,10%,10%
家用电器,冰箱,酒架配件,17039749,971284048,10%,10%,10%
家用电器,冰箱,酒瓶冷却器,17039749,98376,10%,10%,10%
家用电器,冰箱,冷冻室,17039752,93822,10%,10%,10%
家用电器,冰箱,酒吧冰箱,17039757,971310012,10%,10%,10%
家用电器,空调设备,风扇,17039758,91443,10%,10%,10%
家用电器,空调设备,加热垫,17039763,115950958,10%,10%,10%
家用电器,空调设备,加热器,17039763,91448,10%,10%,10%
家用电器,空调设备,电壁炉,17039763,91457,10%,10%,10%
家用电器,空调设备,太阳能集热器,17039763,970742591,10%,10%,10%
家用电器,空调设备,加热模块,17039763,971976255,10%,10%,10%
家用电器,空调设备,便携式空调,17039765,91450,10%,10%,10%
家用电器,空调设备,空气净化加湿器,17039766,91447,10%,10%,10%
家用电器,空调设备,空气除湿机,17039766,91449,10%,10%,10%
家用电器,空调设备,空气净化器,17039766,91451,10%,10%,10%
家用电器,空调设备,新风系统,17039766,91452,10%,10%,10%
家用电器,空调设备,臭氧发生器,17039766,91841,10%,10%,10%
家用电器,空调设备,空气离子发生器,17039766,971433266,10%,10%,10%
家用电器,空调设备,干手器,17039768,91453,10%,10%,10%
家用电器,空调设备,毛巾加热器,17039768,970840732,10%,10%,10%
家用电器,空调设备,干手机备件,17039768,971422282,10%,10%,10%
家用电器,空调设备,空气加湿器,17039771,91456,10%,10%,10%
家用电器,空调设备,超声波香气扩散器,17039771,97613,10%,10%,10%
家用电器,空调设备,风幕机,43429833,91446,10%,10%,10%
家用电器,空调设备,热风幕,43429833,970739246,10%,10%,10%
家用电器,空调设备,水幕,43429833,970740323,10%,10%,10%
家用电器,空调设备,水暖风机,43429833,971109685,10%,10%,10%
家用电器,空调设备,排气扇,43435274,97272,10%,10%,10%
家用电器,空调设备,送排风扇,43435274,97304,10%,10%,10%
家用电器,水冷却器,饮水机,17039773,94682,10%,10%,10%
家用电器,水冷却器,直饮水机,17039773,970952397,10%,10%,10%
家用电器,水冷却器,饮水机,17039773,97929,10%,10%,10%
家用电器,家用天气仪和温湿度计,气压计,17039810,91888,10%,10%,10%
家用电器,家用天气仪和温湿度计,湿度计,43434545,91691,10%,10%,10%
家用电器,家用天气仪和温湿度计,气象站,43434545,91891,10%,10%,10%
家用电器,家用天气仪和温湿度计,气象站配件,43434545,970829665,10%,10%,10%
家用电器,家用天气仪和温湿度计,空气质量检测仪,43434545,970879743,10%,10%,10%
家用电器,家用天气仪和温湿度计,电子温度计,53452981,970692078,10%,10%,10%
家用电器,吹风机和加热直发梳,美发造型工具配件,17039817,91725,10%,10%,10%
家用电器,吹风机和加热直发梳,电吹风,17039822,91730,10%,10%,10%
家用电器,吹风机和加热直发梳,多功能造型器,17039824,234850283,10%,10%,10%
家用电器,吹风机和加热直发梳,直发器,17039824,91724,10%,10%,10%
家用电器,吹风机和加热直发梳,负离子梳,17039824,91728,10%,10%,10%
家用电器,吹风机和加热直发梳,卷发棒,17039824,91732,10%,10%,10%
家用电器,吹风机和加热直发梳,接发钳,17039824,970948796,10%,10%,10%
家用电器,吹风机和加热直发梳,电动卷发器,17039825,91733,10%,10%,10%
家用电器,缝纫机,锁边机,17039829,91771,10%,10%,10%
家用电器,缝纫机,绷缝机,17039831,91772,10%,10%,10%
家用电器,缝纫机,缝纫机,17039831,91773,10%,10%,10%
家用电器,缝纫机,编织机,17039831,970852739,10%,10%,10%
家用电器,缝纫机,电动纺车,17039831,970904924,10%,10%,10%
家用电器,缝纫机,切割机,17039831,971296613,10%,10%,10%
家用电器,缝纫机,绣花机,43429841,91769,10%,10%,10%
家用电器,缝纫机,刻字机,92230594,970941852,10%,10%,10%
家用电器,电动刀、垃圾粉碎机,电动刀,17039836,91489,10%,10%,10%
家用电器,电动刀、垃圾粉碎机,电动开瓶机,17039836,91490,10%,10%,10%
家用电器,电动刀、垃圾粉碎机,电动磨刀机,17039838,91484,10%,10%,10%
家用电器,电动刀、垃圾粉碎机,食物垃圾处理器,17039841,91480,10%,10%,10%
家用电器,真空包装机,真空封口机,27300580,96075,10%,10%,10%
家用电器,真空包装机,便携式封口机,27300580,98099,10%,10%,10%
家用电器,微波烤箱,微波炉,41587431,94972,10%,10%,10%
家用电器,榨汁机,电动榨汁机,46748129,94989,10%,10%,10%
家用电器,榨汁机,家用榨油机,46748129,953995898,10%,10%,10%
家用电器,灶具面板,灶具面板,41724059,95262,10%,10%,10%
家用电器,抽油烟机,抽油烟机,43133061,93827,10%,10%,10%
家用电器,抽油烟机,排风罩,43133061,970988677,10%,10%,10%
家用电器,洗碗机,洗碗机,47676252,94566,10%,10%,10%
家用电器,洗碗机,餐具干燥柜,47676252,970876143,10%,10%,10%
家用电器,内置家用电器,嵌入式电器套装,200000312,970825893,10%,10%,10%
家用电器,热水器,储水式热水器,17039759,91444,10%,10%,10%
家用电器,热水器,即热式热水器,41587414,91445,10%,10%,10%
家用电器,热水器,燃气热水器,43429834,593989091,10%,10%,10%
家用电器,额外保修,保修卡,86133739,970783923,10%,10%,10%
家用电器,家用电器配件和备件,风扇配件,17033906,971133761,10%,10%,10%
家用电器,家用电器配件和备件,巧克力喷泉备件,17033906,971285999,10%,10%,10%
家用电器,家用电器配件和备件,榨油机备件,17033906,971362718,10%,10%,10%
家用电器,家用电器配件和备件,磨刀器备件,17033906,971408238,10%,10%,10%
家用电器,家用电器配件和备件,家用电器润滑剂,17033906,971473484,10%,10%,10%
家用电器,家用电器配件和备件,空调配件、备件,17033907,389152488,10%,10%,10%
家用电器,家用电器配件和备件,空气净化器配件、备件,17033907,91598,10%,10%,10%
家用电器,家用电器配件和备件,取暖器配件、备件,17033907,96866,10%,10%,10%
家用电器,家用电器配件和备件,加湿器配件、备件,17033907,98540,10%,10%,10%
家用电器,家用电器配件和备件,真空封口机配件,17039792,95798,10%,10%,10%
家用电器,家用电器配件和备件,咖啡机清洁剂,17039797,98642,10%,10%,10%
家用电器,家用电器配件和备件,吸尘器配件、备件,17040015,971002378,10%,10%,10%
家用电器,家用电器配件和备件,扫地机器人配件、备件,17040015,971080300,10%,10%,10%
家用电器,家用电器配件和备件,擦玻璃机器人的配件,17040015,972742308,10%,10%,10%
家用电器,家用电器配件和备件,包缝机备件,43429676,971223823,10%,10%,10%
家用电器,家用电器配件和备件,针织机备件,43429676,971429615,10%,10%,10%
家用电器,家用电器配件和备件,绣花机备件,43429676,971439372,10%,10%,10%
家用电器,家用电器配件和备件,缝纫机配件、备件,43429676,98532,10%,10%,10%
家用电器,家用电器配件和备件,饮水机配件、备件,59292884,94684,10%,10%,10%
家用电器,家用电器配件和备件,冷冻柜配件,59292884,970619987,10%,10%,10%
家用电器,家用电器配件和备件,冰箱配件、备件,59292884,970663046,10%,10%,10%
家用电器,家用电器配件和备件,抽油烟机配件、备件,59292884,970729309,10%,10%,10%
家用电器,家用电器配件和备件,直饮水机配件,59292884,971303852,10%,10%,10%
家用电器,家用电器配件和备件,食物脱水机备件,88667065,971306219,10%,10%,10%
家用电器,家用电器配件和备件,脱水盘,88667065,97941,10%,10%,10%
家用电器,餐饮业设备,餐饮甜品设备,200000486,971444386,10%,10%,10%
家用电器,餐饮业设备,餐饮行业加热设备,200000487,971096710,10%,10%,10%
家用电器,餐饮业设备,餐饮行业专业洗碗设备,88264556,970966335,10%,10%,10%
家用电器,餐饮业设备,自动售货机,89356283,970862356,10%,10%,10%
家用电器,餐饮业设备,自动售货机配件,89356283,971123834,10%,10%,10%
家用电器,餐饮业设备,餐饮设备备件,90310945,970870780,10%,10%,10%
家用电器,餐饮业设备,餐饮行业烘焙设备,91873905,970693032,10%,10%,10%
家用电器,餐饮业设备,餐饮冷藏设备,93473890,93825,10%,10%,10%
家用电器,餐饮业设备,软冰淇淋机,93473890,971046395,10%,10%,10%
家用电器,餐饮业设备,餐饮行业加工设备,99077577,971046393,10%,10%,10%
家用电器,其他家用电器,手持式电动玻璃清洁器,17033073,91472,10%,10%,10%
家用电器,其他家用电器,电磁辐射探测器,17034907,664056976,10%,10%,10%
家用电器,其他家用电器,剂量计,17034907,91550,10%,10%,10%
家用电器,其他家用电器,硝酸盐检测仪，环保测试仪,17034907,91563,10%,10%,10%
家用电器,其他家用电器,感应式皂液器?,200000024,971046472,10%,10%,10%
家用电器,其他家用电器,擦鞋机,74091407,970632191,10%,10%,10%
家用电器,其他家用电器,便携式洗衣机,92302316,971440233,10%,10%,10%
家用电器,酿酒,家用啤酒酿造机,17039735,90122721,10%,10%,10%
家用电器,酿酒,蒸馏设备,17039735,94965,10%,10%,10%
家用电器,酿酒,酒精设备配件,89365144,971138803,10%,10%,10%
家用电器,技术装备,包装设备,89373970,970862374,10%,10%,10%
家用电器,技术装备,包装设备配件,89373970,970987564,10%,10%,10%
宠物用品,步行和训练配件,宠物卫生袋分配器,17031525,308023,12%,14%,15%
宠物用品,步行和训练配件,宠物卫生包装,17031525,95225,12%,14%,15%
宠物用品,步行和训练配件,宠物牵绳,17031526,95226,12%,14%,15%
宠物用品,步行和训练配件,宠物零食包,17031533,95194,12%,14%,15%
宠物用品,步行和训练配件,胸背带,17031535,95234,12%,14%,15%
宠物用品,步行和训练配件,宠物身份牌,17037237,95213,12%,14%,15%
宠物用品,步行和训练配件,宠物项圈挂件,17037237,95216,12%,14%,15%
宠物用品,步行和训练配件,嘴套,17037246,95221,12%,14%,15%
宠物用品,步行和训练配件,宠物项圈,17037249,95224,12%,14%,15%
宠物用品,步行和训练配件,宠物身份牌挂绳,17037249,970957412,12%,14%,15%
宠物用品,步行和训练配件,宠物训练用品,200000833,95231,12%,14%,15%
宠物用品,步行和训练配件,止吠器,200000833,971080245,12%,14%,15%
宠物用品,步行和训练配件,项圈、牵引绳五金配件,81876537,970710040,12%,14%,15%
宠物用品,步行和训练配件,宠物地钉,90918463,970879109,12%,14%,15%
宠物用品,步行和训练配件,宠物站桩器,90918463,971083530,12%,14%,15%
宠物用品,兽医药房（耗材）,宠物尿液收集器,17030854,95953,12%,14%,15%
宠物用品,兽医药房（耗材）,宠物术后弹力连体衣,17030860,95959,12%,14%,15%
宠物用品,兽医药房（耗材）,宠物绷带,17031538,95939,12%,14%,15%
宠物用品,兽医药房（耗材）,宠物防护项圈,17037253,95942,12%,14%,15%
宠物用品,兽医药房（耗材）,兽医证明文件,17037255,95944,12%,14%,15%
宠物用品,兽医药房（耗材）,宠物芯片,200000736,971006605,12%,14%,15%
宠物用品,兽医药房（耗材）,狗狗助行器,200000802,971079223,12%,14%,15%
宠物用品,兽医药房（耗材）,兽医急救箱,200000987,971362426,12%,14%,15%
宠物用品,兽医药房（耗材）,兽医工具,43430202,95946,12%,14%,15%
宠物用品,兽医药房（耗材）,动物快速测试试纸,43430202,970951150,12%,14%,15%
宠物用品,兽医药房（耗材）,宠物心电图机,43430202,970960465,12%,14%,15%
宠物用品,兽医药房（耗材）,宠物轮椅,43430203,95945,12%,14%,15%
宠物用品,兽医药房（耗材）,动物温度计,43434789,95969,12%,14%,15%
宠物用品,兽医药房（耗材）,宠物矫形绷带,43443394,95938,12%,14%,15%
宠物用品,鱼缸和爬宠玻璃饲养缸配件,水族箱、爬虫箱底砂/底土,17030878,95274,12%,14%,15%
宠物用品,鱼缸和爬宠玻璃饲养缸配件,水族箱、爬虫箱照明,17030883,95292,12%,14%,15%
宠物用品,鱼缸和爬宠玻璃饲养缸配件,鱼缸水质测试仪,17030889,95298,12%,14%,15%
宠物用品,鱼缸和爬宠玻璃饲养缸配件,鱼缸消毒器,17030891,95300,12%,14%,15%
宠物用品,鱼缸和爬宠玻璃饲养缸配件,鱼缸过滤器填充物,17030892,324689474,12%,14%,15%
宠物用品,鱼缸和爬宠玻璃饲养缸配件,鱼缸潜水泵,17030892,95286,12%,14%,15%
宠物用品,鱼缸和爬宠玻璃饲养缸配件,水族箱、爬虫箱过滤器,17030892,95301,12%,14%,15%
宠物用品,鱼缸和爬宠玻璃饲养缸配件,鱼缸撇渣器,17030892,971215822,12%,14%,15%
宠物用品,鱼缸和爬宠玻璃饲养缸配件,水族箱、爬虫箱装饰品,17037276,95277,12%,14%,15%
宠物用品,鱼缸和爬宠玻璃饲养缸配件,水族箱、爬虫箱配件,17037278,95279,12%,14%,15%
宠物用品,鱼缸和爬宠玻璃饲养缸配件,鱼缸打气泵,17037279,95280,12%,14%,15%
宠物用品,鱼缸和爬宠玻璃饲养缸配件,鱼缸罩,17037280,95281,12%,14%,15%
宠物用品,鱼缸和爬宠玻璃饲养缸配件,鱼缸热水器,17037281,95282,12%,14%,15%
宠物用品,鱼缸和爬宠玻璃饲养缸配件,鱼缸二氧化碳设备,17037282,95283,12%,14%,15%
宠物用品,鱼缸和爬宠玻璃饲养缸配件,鱼缸空气扩散器,17037288,95289,12%,14%,15%
宠物用品,鱼缸和爬宠玻璃饲养缸配件,饲养缸加热器,86707239,970798020,12%,14%,15%
宠物用品,鱼缸和爬宠玻璃饲养缸配件,爬行动物孵化器,86707882,970798024,12%,14%,15%
宠物用品,鱼缸和爬宠玻璃饲养缸配件,饲养缸气候控制系统 ,86708049,970798055,12%,14%,15%
宠物用品,宠物餐具,饮水器、自动喂食器配件,17030897,95195,12%,14%,15%
宠物用品,宠物餐具,宠物自动喂食器,17037289,95183,12%,14%,15%
宠物用品,宠物餐具,宠物瓶,17037291,95185,12%,14%,15%
宠物用品,宠物餐具,饲料容器,17037292,95186,12%,14%,15%
宠物用品,宠物餐具,宠物碗垫,17037293,95187,12%,14%,15%
宠物用品,宠物餐具,鸟类、啮齿动物喂食器,17037294,95188,12%,14%,15%
宠物用品,宠物餐具,宠物碗,17037295,95189,12%,14%,15%
宠物用品,宠物餐具,宠物喂养用品,17037296,95190,12%,14%,15%
宠物用品,宠物餐具,宠物碗架,17037297,95191,12%,14%,15%
宠物用品,宠物餐具,饲料勺,17037299,95193,12%,14%,15%
宠物用品,宠物餐具,宠物湿粮包装压封器,200001074,971435190,12%,14%,15%
宠物用品,宠物餐具,宠物饮水器,43434104,95192,12%,14%,15%
宠物用品,宠物餐具,水消毒器,90441526,970872421,12%,14%,15%
宠物用品,携带和睡眠配件,狗屋,17030898,95196,12%,14%,15%
宠物用品,携带和睡眠配件,宠物汽车座椅,17030899,796002986,12%,14%,15%
宠物用品,携带和睡眠配件,宠物吊床 ,17030899,95198,12%,14%,15%
宠物用品,携带和睡眠配件,宠物汽车吊床,17030899,98056,12%,14%,15%
宠物用品,携带和睡眠配件,宠物屋,17030900,95199,12%,14%,15%
宠物用品,携带和睡眠配件,宠物帐篷,17030900,95207,12%,14%,15%
宠物用品,携带和睡眠配件,宠物笼子,17030902,95200,12%,14%,15%
宠物用品,携带和睡眠配件,鸟笼站台,17030902,971323353,12%,14%,15%
宠物用品,携带和睡眠配件,宠物垫,17030905,95201,12%,14%,15%
宠物用品,携带和睡眠配件,宠物躺床,17030905,95203,12%,14%,15%
宠物用品,携带和睡眠配件,宠物床垫,17030905,95205,12%,14%,15%
宠物用品,携带和睡眠配件,宠物床罩,17030905,95209,12%,14%,15%
宠物用品,携带和睡眠配件,宠物梯子,17030906,95204,12%,14%,15%
宠物用品,携带和睡眠配件,宠物坡道,17030906,971079222,12%,14%,15%
宠物用品,携带和睡眠配件,宠物门 ,17030908,504866297,12%,14%,15%
宠物用品,携带和睡眠配件,宠物围栏,17030908,95206,12%,14%,15%
宠物用品,携带和睡眠配件,宠物便携箱,17030910,95208,12%,14%,15%
宠物用品,携带和睡眠配件,狗用安全带,17037302,95210,12%,14%,15%
宠物用品,携带和睡眠配件,诱捕动物的工具,200000930,971025111,12%,14%,15%
宠物用品,携带和睡眠配件,宠物运输网,200000998,95211,12%,14%,15%
宠物用品,携带和睡眠配件,宠物携带箱套,200000998,95212,12%,14%,15%
宠物用品,携带和睡眠配件,宠物便携箱备件,200000998,971366829,12%,14%,15%
宠物用品,携带和睡眠配件,宠物围栏,43429401,95197,12%,14%,15%
宠物用品,携带和睡眠配件,宠物围栏部分,43429401,970971161,12%,14%,15%
宠物用品,携带和睡眠配件,笼子配件,93367228,971035250,12%,14%,15%
宠物用品,携带和睡眠配件,观赏鸟照明设备,93367228,971118030,12%,14%,15%
宠物用品,携带和睡眠配件,宠物骨灰盒,99126165,970995760,12%,14%,15%
宠物用品,宠物服装和靴子,宠物救生衣,17030187,863256801,12%,14%,15%
宠物用品,宠物服装和靴子,宠物服装,17030187,96063,12%,14%,15%
宠物用品,宠物服装和靴子,动物模型,17030187,971813657,12%,14%,15%
宠物用品,宠物服装和靴子,狗鞋,43433760,96062,12%,14%,15%
宠物用品,宠物服装和靴子,宠物饰品,43443646,971929672,12%,14%,15%
宠物用品,宠物服装和靴子,宠物爪套,43443646,98983,12%,14%,15%
宠物用品,宠物护理用品,猫砂,17030194,95168,12%,14%,15%
宠物用品,宠物护理用品,宠物化妆品,17032446,95153,12%,14%,15%
宠物用品,宠物护理用品,宠物湿巾,17032450,95157,12%,14%,15%
宠物用品,宠物护理用品,宠物脚底保护蜡,17032451,95158,12%,14%,15%
宠物用品,宠物护理用品,宠物护发素,17032457,95162,12%,14%,15%
宠物用品,宠物护理用品,宠物清洁剂,17032460,95178,12%,14%,15%
宠物用品,宠物护理用品,异味中和剂,17032463,95181,12%,14%,15%
宠物用品,宠物护理用品,动物洗发水,17032464,95182,12%,14%,15%
宠物用品,宠物护理用品,宠物化妆品套装,17032464,970987191,12%,14%,15%
宠物用品,宠物护理用品,宠物口腔护理药物,41587862,970865393,12%,14%,15%
宠物用品,宠物护理用品,宠物牙膏 ,41587862,970969743,12%,14%,15%
宠物用品,宠物护理用品,宠物香水,43429739,95161,12%,14%,15%
宠物用品,宠物护理用品,宠物肥皂 ,43433135,95167,12%,14%,15%
宠物用品,宠物护理用品,沙浴剂,43433763,95171,12%,14%,15%
宠物用品,宠物护理用品,宠物毛发护理剂,43435156,95154,12%,14%,15%
宠物用品,宠物护理用品,宠物行为矫正器,88577139,970841535,12%,14%,15%
宠物用品,宠物护理用品, 检测宠物尿渍手电筒,100126067,971026449,12%,14%,15%
宠物用品,宠物护理用品,可重复使用的动物尿垫,17030196,95166,12%,14%,15%
宠物用品,宠物护理用品,一次性宠物尿垫,17030196,95170,12%,14%,15%
宠物用品,宠物护理用品,宠物卫生巾,17030199,563432910,12%,14%,15%
宠物用品,宠物护理用品,宠物尿布,17030199,95172,12%,14%,15%
宠物用品,宠物护理用品,宠物玩具,17030205,95238,12%,14%,15%
宠物用品,宠物护理用品,宠物指甲剪刀,17030207,95239,12%,14%,15%
宠物用品,宠物护理用品,宠物美甲磨头,17030207,971065949,12%,14%,15%
宠物用品,宠物护理用品,猫抓柱,17030208,95240,12%,14%,15%
宠物用品,宠物护理用品,可替换的猫抓柱,17030208,971066730,12%,14%,15%
宠物用品,宠物护理用品,宠物开结毛梳,17030209,95241,12%,14%,15%
宠物用品,宠物护理用品,宠物厕所,17030211,95242,12%,14%,15%
宠物用品,宠物护理用品,自动宠物厕所电源适配器,17030211,971472428,12%,14%,15%
宠物用品,宠物护理用品,猫砂盆除臭剂,17030211,971962784,12%,14%,15%
宠物用品,宠物护理用品,宠物理发器,17030212,95243,12%,14%,15%
宠物用品,宠物护理用品,宠物理发器限位器,17030212,95244,12%,14%,15%
宠物用品,宠物护理用品,宠物理发器电池,17030212,970583363,12%,14%,15%
宠物用品,宠物护理用品,宠物理发器刀片,17030212,970990327,12%,14%,15%
宠物用品,宠物护理用品,宠物蜱虫工具,17030221,115946763,12%,14%,15%
宠物用品,宠物护理用品,宠物洗脚桶,17030224,504866268,12%,14%,15%
宠物用品,宠物护理用品,宠物洗澡海绵,17032468,95236,12%,14%,15%
宠物用品,宠物护理用品,宠物如厕训练器,17032477,95252,12%,14%,15%
宠物用品,宠物护理用品,猫砂铲,17032479,95254,12%,14%,15%
宠物用品,宠物护理用品,用于宠物美容的设备,17032480,95255,12%,14%,15%
宠物用品,宠物护理用品,宠物跑轮,200000046,971053076,12%,14%,15%
宠物用品,宠物护理用品,宠物垫材,200000549,971110206,12%,14%,15%
宠物用品,宠物护理用品,宠物美容配件,200000568,971155138,12%,14%,15%
宠物用品,宠物护理用品,宠物爬架,39482057,97667,12%,14%,15%
宠物用品,宠物护理用品,宠物牙刷,43430727,95237,12%,14%,15%
宠物用品,宠物护理用品,宠物指甲锉,43433764,95246,12%,14%,15%
宠物用品,宠物护理用品,宠物理发剪刀,43433766,95245,12%,14%,15%
宠物用品,宠物护理用品,动物梳子,43434434,95249,12%,14%,15%
宠物用品,宠物护理用品,宠物毛巾,43434436,95247,12%,14%,15%
宠物用品,宠物护理用品,宠物棉签,43443647,95156,12%,14%,15%
宠物用品,宠物护理用品,宠物游泳池,43443648,884550590,12%,14%,15%
宠物用品,宠物护理用品,宠物澡盆,43443648,95235,12%,14%,15%
宠物用品,宠物护理用品,洗猫网眼固定器,43443648,97951,12%,14%,15%
宠物用品,宠物护理用品,宠物吹风机,74688941,63569940,12%,14%,15%
宠物用品,宠物护理用品,宠物用莲蓬头,80375724,970580612,12%,14%,15%
宠物用品,宠物护理用品,猫砂盆垫,82399879,970721693,12%,14%,15%
宠物用品,宠物护理用品,宠物隧道玩具,92291099,970944599,12%,14%,15%
宠物用品,鱼缸和爬宠玻璃饲养缸,鱼缸,17030225,95263,12%,14%,15%
宠物用品,鱼缸和爬宠玻璃饲养缸,鱼缸套装,17030225,95264,12%,14%,15%
宠物用品,鱼缸和爬宠玻璃饲养缸,饲养缸,17030226,95265,12%,14%,15%
宠物用品,鱼缸和爬宠玻璃饲养缸,饲养缸套装,86706577,326660806,12%,14%,15%
宠物用品,兽医药房（膳食补充剂）,脱毛麦芽膏,17037262,971874820,12%,14%,15%
宠物用品,兽医药房（膳食补充剂）,宠物顺势疗剂,200001151,971452830,12%,14%,15%
宠物用品,兽医药房（膳食补充剂）,宠物皮肤病药物,200001152,971457037,12%,14%,15%
宠物用品,兽医药房（膳食补充剂）,宠物抗寄生虫药,200001153,971451526,12%,14%,15%
宠物用品,兽医药房（膳食补充剂）,宠物镇静剂,200001154,971452843,12%,14%,15%
宠物用品,兽医药房（膳食补充剂）,饲料添加剂,200001380,91922,12%,14%,15%
宠物用品,水族养殖化学品,鱼缸植物肥料,39482055,97206,12%,14%,15%
宠物用品,水族养殖化学品,鱼缸用盐,44368063,970969702,12%,14%,15%
宠物用品,水族养殖化学品,鱼缸水处理用品,44368063,99423,12%,14%,15%
宠物用品,蚂蚁农场,用于饲养观赏鱼的鱼子酱,200000354,971079262,12%,14%,15%
宠物用品,蚂蚁农场,蚂蚁农场,47579598,193084523,12%,14%,15%
宠物用品,宠物小工具,驱虫器,17037248,95223,12%,14%,15%
宠物用品,昆虫养殖场,昆虫农场,99735336,971012213,12%,14%,15%
宠物用品,昆虫养殖场,蝴蝶观察盒,99735336,971326596,12%,14%,15%
儿童用品,教学和游戏垫,游戏垫,17037308,95934,12%,14%,17.50%
儿童用品,教学和游戏垫,拼接地垫,17037308,95935,12%,14%,17.50%
儿童用品,教学和游戏垫,感官室设备,43429895,971012568,12%,14%,17.50%
儿童用品,教学和游戏垫,儿童早教游戏垫,43434105,95937,12%,14%,17.50%
儿童用品,儿童背带,婴儿提篮,17030913,95462,12%,14%,17.50%
儿童用品,儿童背带,便携用品配件,17037312,95458,12%,14%,17.50%
儿童用品,儿童背带,待产包收纳袋,17037824,970662051,12%,14%,17.50%
儿童用品,儿童背带,儿童飞机吊床,43429402,971051590,12%,14%,17.50%
儿童用品,儿童背带,手提摇篮 ,43432905,95461,12%,14%,17.50%
儿童用品,儿童背带,哺乳巾,43432906,99007,12%,14%,17.50%
儿童用品,灭菌器和奶瓶加热器,奶瓶加热器,17030918,92998,12%,14%,17.50%
儿童用品,灭菌器和奶瓶加热器,微波炉消毒袋,17030920,92997,12%,14%,17.50%
儿童用品,灭菌器和奶瓶加热器,消毒器,17030920,93000,12%,14%,17.50%
儿童用品,婴儿餐椅,高脚椅配件,17030922,95399,12%,14%,17.50%
儿童用品,婴儿餐椅,婴儿餐椅,17030922,95400,12%,14%,17.50%
儿童用品,游戏及体育设施,儿童滑梯,17030926,94842,12%,14%,17.50%
儿童用品,游戏及体育设施,儿童游乐房子,17030931,94847,12%,14%,17.50%
儿童用品,游戏及体育设施,多功能滑梯秋千组合,17030932,94844,12%,14%,17.50%
儿童用品,游戏及体育设施,儿童秋千,17030933,94849,12%,14%,17.50%
儿童用品,游戏及体育设施,蹦极,17030933,970696413,12%,14%,17.50%
儿童用品,游戏及体育设施,沙箱用沙子,17030935,718886853,12%,14%,17.50%
儿童用品,游戏及体育设施,沙池,17030935,94850,12%,14%,17.50%
儿童用品,游戏及体育设施,保护性沙箱盖,17030935,970783982,12%,14%,17.50%
儿童用品,游戏及体育设施,多功能攀爬游乐组合,17030936,94851,12%,14%,17.50%
儿童用品,游戏及体育设施,游乐、体育综合设施配件,43429409,970946405,12%,14%,17.50%
儿童用品,婴儿声画监视器,婴儿监视器,17035817,95465,12%,14%,17.50%
儿童用品,婴儿声画监视器,无线电、视频婴儿监视器配件,17035817,971045482,12%,14%,17.50%
儿童用品,婴儿声画监视器,婴儿监听器,17035819,95467,12%,14%,17.50%
儿童用品,婴儿声画监视器,白噪音器,17035819,971409187,12%,14%,17.50%
儿童用品,婴儿声画监视器,婴儿监控看护器,17035819,971748875,12%,14%,17.50%
儿童用品,儿童便盆和坐便器,儿童便盆配件,17030938,94467,12%,14%,17.50%
儿童用品,儿童便盆和坐便器,儿童便盆,17030943,94472,12%,14%,17.50%
儿童用品,儿童电动秋千和躺椅,婴儿秋千,17030948,95913,12%,14%,17.50%
儿童用品,儿童电动秋千和躺椅,儿童贵妃椅配件,17030950,95914,12%,14%,17.50%
儿童用品,儿童电动秋千和躺椅,婴儿摇摇椅,17030950,95915,12%,14%,17.50%
儿童用品,儿童乐器,儿童乐器,17030951,96036,12%,14%,17.50%
儿童用品,儿童安全座椅,汽车安全座椅,17030228,92979,12%,14%,17.50%
儿童用品,儿童安全座椅,儿童安全座椅增高垫,17030228,92983,12%,14%,17.50%
儿童用品,儿童安全座椅,汽车安全座椅配件,17030229,92980,12%,14%,17.50%
儿童用品,瓶子和奶嘴,围嘴,17029229,93010,12%,14%,17.50%
儿童用品,瓶子和奶嘴,婴儿辅食奶嘴,17029229,93013,12%,14%,17.50%
儿童用品,瓶子和奶嘴,食物咬咬袋网,17029229,93020,12%,14%,17.50%
儿童用品,瓶子和奶嘴,牛奶收集袋,17029233,93014,12%,14%,17.50%
儿童用品,瓶子和奶嘴,吸管杯,17029235,93016,12%,14%,17.50%
儿童用品,瓶子和奶嘴,磨牙胶,17029236,93017,12%,14%,17.50%
儿童用品,瓶子和奶嘴,奶嘴夹,17029237,93003,12%,14%,17.50%
儿童用品,瓶子和奶嘴,安抚奶嘴,17029237,93018,12%,14%,17.50%
儿童用品,瓶子和奶嘴,安抚奶嘴盒,17029237,93025,12%,14%,17.50%
儿童用品,瓶子和奶嘴,奶嘴,17029240,93022,12%,14%,17.50%
儿童用品,瓶子和奶嘴,奶瓶,17032485,93002,12%,14%,17.50%
儿童用品,瓶子和奶嘴,奶瓶/水杯配件,17032486,93005,12%,14%,17.50%
儿童用品,瓶子和奶嘴,婴儿食品盒,17032490,93006,12%,14%,17.50%
儿童用品,铁路,玩具车厢,17032496,96124,12%,14%,17.50%
儿童用品,铁路,玩具铁路附加元件,17032496,96125,12%,14%,17.50%
儿童用品,铁路,玩具铁路,17032496,96126,12%,14%,17.50%
儿童用品,铁路,玩具蒸汽机车,17032496,96127,12%,14%,17.50%
儿童用品,铁路,玩具轨道,17032496,96128,12%,14%,17.50%
儿童用品,玩具,玩具航空交通工具,17029242,92812,12%,14%,17.50%
儿童用品,玩具,水枪,17029244,92814,12%,14%,17.50%
儿童用品,玩具,玩具屋,17029249,92818,12%,14%,17.50%
儿童用品,玩具,娃娃家具,17029249,92845,12%,14%,17.50%
儿童用品,玩具,发条玩具,17029252,92821,12%,14%,17.50%
儿童用品,玩具,玩具武器,17029255,98527,12%,14%,17.50%
儿童用品,玩具,玩具轨道,17029256,92825,12%,14%,17.50%
儿童用品,玩具,玩具小汽车停车场,17029256,92858,12%,14%,17.50%
儿童用品,玩具,娃娃,17029258,92840,12%,14%,17.50%
儿童用品,玩具,手偶玩具,17029259,92841,12%,14%,17.50%
儿童用品,玩具,玩具车配件,17029261,92807,12%,14%,17.50%
儿童用品,玩具,玩具水上交通工具,17029261,92813,12%,14%,17.50%
儿童用品,玩具,玩具宇宙飞船,17029261,92837,12%,14%,17.50%
儿童用品,玩具,玩具小汽车,17029261,92843,12%,14%,17.50%
儿童用品,玩具,玩具摩托车,17029261,92847,12%,14%,17.50%
儿童用品,玩具,玩具坦克,17029261,92872,12%,14%,17.50%
儿童用品,玩具,儿童汽车城,17029261,970952817,12%,14%,17.50%
儿童用品,玩具,玩具自行车,17029261,970995259,12%,14%,17.50%
儿童用品,玩具,音乐玩具,17029265,92848,12%,14%,17.50%
儿童用品,玩具,八音盒,17029266,92849,12%,14%,17.50%
儿童用品,玩具,儿童泡泡机,17029267,92842,12%,14%,17.50%
儿童用品,玩具,泡泡液,17029267,92850,12%,14%,17.50%
儿童用品,玩具,睡眠安抚玩具,17029268,92831,12%,14%,17.50%
儿童用品,玩具,毛绒玩具,17029268,92851,12%,14%,17.50%
儿童用品,玩具,小雕塑,17029274,115944384,12%,14%,17.50%
儿童用品,玩具,小雕像配件,17029274,92810,12%,14%,17.50%
儿童用品,玩具,士兵玩具套装,17029274,92854,12%,14%,17.50%
儿童用品,玩具,手指运动,17029275,92880,12%,14%,17.50%
儿童用品,玩具,电动玩具,17029277,92883,12%,14%,17.50%
儿童用品,玩具,娃娃、毛绒玩具的鞋子和衣服,17031249,92857,12%,14%,17.50%
儿童用品,玩具,玩具武器配件,17031251,92859,12%,14%,17.50%
儿童用品,玩具,玩具枪砸炮,17031251,97238,12%,14%,17.50%
儿童用品,玩具,花楞棒,17031253,92861,12%,14%,17.50%
儿童用品,玩具,婴儿娃娃,17031254,92862,12%,14%,17.50%
儿童用品,玩具,早教中心玩具,17031256,92864,12%,14%,17.50%
儿童用品,玩具,玩具机器人,17031257,92865,12%,14%,17.50%
儿童用品,玩具,故事角色扮演玩具,17031260,92871,12%,14%,17.50%
儿童用品,玩具,娃娃玩具推车,17031261,853163911,12%,14%,17.50%
儿童用品,玩具,变形金刚,17031262,92875,12%,14%,17.50%
儿童用品,玩具,万花筒,17031481,92905,12%,14%,17.50%
儿童用品,玩具,娃娃配件,17032499,92806,12%,14%,17.50%
儿童用品,玩具,抗压玩具,17032503,92811,12%,14%,17.50%
儿童用品,玩具,磁力珠,17032503,972055032,12%,14%,17.50%
儿童用品,玩具,沐浴玩具,17032505,92827,12%,14%,17.50%
儿童用品,玩具,充气玩具,17032505,96988,12%,14%,17.50%
儿童用品,玩具,沙坑玩具,17032506,92828,12%,14%,17.50%
儿童用品,玩具,悬浮玩具,17032510,92832,12%,14%,17.50%
儿童用品,玩具,互动玩具,17032511,92833,12%,14%,17.50%
儿童用品,玩具,溜溜球,17032512,92834,12%,14%,17.50%
儿童用品,玩具,呼吸模拟器玩具 ,200000748,971080578,12%,14%,17.50%
儿童用品,玩具,编发练习娃娃,30671435,97978,12%,14%,17.50%
儿童用品,玩具,玩具书,43430604,92835,12%,14%,17.50%
儿童用品,玩具,轮子玩具,43434441,92830,12%,14%,17.50%
儿童用品,玩具,积木,43434441,92839,12%,14%,17.50%
儿童用品,玩具,不倒翁,43434441,92856,12%,14%,17.50%
儿童用品,玩具,叠叠乐玩具,43434441,92860,12%,14%,17.50%
儿童用品,玩具,形状认知玩具,43434441,92868,12%,14%,17.50%
儿童用品,玩具,陀螺,43434441,92884,12%,14%,17.50%
儿童用品,玩具,玩具迷宫,43434441,92891,12%,14%,17.50%
儿童用品,玩具,穿线玩具,43434441,92896,12%,14%,17.50%
儿童用品,玩具,玩具保暖器,43434441,94288,12%,14%,17.50%
儿童用品,玩具,敲击玩具,43434441,970965252,12%,14%,17.50%
儿童用品,玩具,平衡杆,43434441,971049244,12%,14%,17.50%
儿童用品,玩具,球,43434441,971150563,12%,14%,17.50%
儿童用品,玩具,忙碌板,43434441,97696,12%,14%,17.50%
儿童用品,玩具,玩具套装,43435167,970895715,12%,14%,17.50%
儿童用品,教学玩具,幻灯机,17029280,92886,12%,14%,17.50%
儿童用品,教学玩具,儿童故事投影仪,17029281,92887,12%,14%,17.50%
儿童用品,教学玩具,教育游戏,17031271,92894,12%,14%,17.50%
儿童用品,教学玩具,儿童多功能学习挂图,17031271,971749720,12%,14%,17.50%
儿童用品,童车,儿童滑行玩具车,17029298,92959,12%,14%,17.50%
儿童用品,童车,摇摇马,17029298,92960,12%,14%,17.50%
儿童用品,童车,儿童交通工具配件,17029298,970896163,12%,14%,17.50%
儿童用品,童车,跳跳椅,17031283,92969,12%,14%,17.50%
儿童用品,童车,婴儿学步车,17031285,92970,12%,14%,17.50%
儿童用品,童车,儿童四轮摩托车,43429326,970828017,12%,14%,17.50%
儿童用品,童车,儿童摩托车,43429326,970967803,12%,14%,17.50%
儿童用品,童车,儿童汽车,43429326,971447132,12%,14%,17.50%
儿童用品,童车,儿童雪地摩托,43429326,971742428,12%,14%,17.50%
儿童用品,儿童洗澡,洗澡海绵垫,17029308,95704,12%,14%,17.50%
儿童用品,儿童洗澡,新生儿沐浴枕,17029308,95708,12%,14%,17.50%
儿童用品,儿童洗澡,儿童浴缸,17031287,95697,12%,14%,17.50%
儿童用品,儿童洗澡,婴儿浴床,17031288,95698,12%,14%,17.50%
儿童用品,儿童洗澡,婴儿洗澡椅,17031288,95711,12%,14%,17.50%
儿童用品,儿童洗澡,浴室防滑垫,43430743,95699,12%,14%,17.50%
儿童用品,儿童洗澡,儿童洗澡帽,43430743,95701,12%,14%,17.50%
儿童用品,儿童洗澡,游泳圈,43430743,95703,12%,14%,17.50%
儿童用品,儿童洗澡,儿童水龙头喷嘴,43430743,95705,12%,14%,17.50%
儿童用品,儿童洗澡,婴儿洗澡盆支架,43430743,95707,12%,14%,17.50%
儿童用品,儿童洗澡,浴室玩具收纳用品,43430743,95710,12%,14%,17.50%
儿童用品,儿童洗澡,婴儿洗澡躺椅,43430743,95713,12%,14%,17.50%
儿童用品,儿童洗澡,婴儿沐浴套装,43430743,970967766,12%,14%,17.50%
儿童用品,婴儿围栏,围栏/运动场配件、备件,17031291,96449,12%,14%,17.50%
儿童用品,婴儿围栏,婴儿围栏,17031291,96450,12%,14%,17.50%
儿童用品,婴儿围栏,婴儿床挡板,41588647,96447,12%,14%,17.50%
儿童用品,婴儿围栏,安全门栏,41588647,96448,12%,14%,17.50%
儿童用品,婴儿围栏,安全门配件、备件,41588647,970577498,12%,14%,17.50%
儿童用品,婴儿床悬挂式摇铃,婴儿床铃,17031293,96495,12%,14%,17.50%
儿童用品,婴儿床悬挂式摇铃,婴儿床推车挂,17031293,96496,12%,14%,17.50%
儿童用品,婴儿床悬挂式摇铃,婴儿床铃及悬挂玩具配件及零件,17031293,971448435,12%,14%,17.50%
儿童用品,吸奶器,喂料系统,17031296,93021,12%,14%,17.50%
儿童用品,吸奶器,吸奶器,17031296,95397,12%,14%,17.50%
儿童用品,吸奶器,吸奶器配件、备件,17031296,95398,12%,14%,17.50%
儿童用品,户外游戏,弹跳玩具,17029318,92992,12%,14%,17.50%
儿童用品,户外游戏,雪球夹,17029320,97886,12%,14%,17.50%
儿童用品,户外游戏,风筝,17031301,92988,12%,14%,17.50%
儿童用品,户外游戏,竹蜻蜓,43433158,92987,12%,14%,17.50%
儿童用品,户外游戏,儿童飞镖,43433158,92989,12%,14%,17.50%
儿童用品,户外游戏,户外游戏套装 ,43433158,92991,12%,14%,17.50%
儿童用品,户外游戏,跳跳球,43433158,970990105,12%,14%,17.50%
儿童用品,户外游戏,儿童捕虫网,43433158,971469925,12%,14%,17.50%
儿童用品,户外游戏,发射玩具,43433158,97300,12%,14%,17.50%
儿童用品,无线电遥控玩具,遥控玩具,17029326,95528,12%,14%,17.50%
儿童用品,无线电遥控玩具,遥控模型配件、备件,43433789,970988171,12%,14%,17.50%
儿童用品,婴儿车及附属品,婴儿车配件,17029295,971036929,12%,14%,17.50%
儿童用品,婴儿车及附属品,婴儿散步手推车,17029302,92962,12%,14%,17.50%
儿童用品,婴儿车及附属品,婴儿车,17031278,92964,12%,14%,17.50%
儿童用品,婴儿车及附属品,通用婴儿车,17031279,92963,12%,14%,17.50%
儿童用品,婴儿车及附属品,变形婴儿车,17031279,92965,12%,14%,17.50%
儿童用品,婴儿车及附属品,婴儿车雪橇,43434857,93602,12%,14%,17.50%
儿童用品,儿童房,婴儿床蚊帐,17037880,628997053,12%,14%,17.50%
儿童用品,儿童房,婴儿床挂帘,17037880,91932,12%,14%,17.50%
儿童用品,儿童房,婴儿床防撞围栏,17037880,91935,12%,14%,17.50%
儿童用品,儿童房,挂帘支架,17037880,970874554,12%,14%,17.50%
儿童用品,儿童房,身长计,200001284,91989,12%,14%,17.50%
儿童用品,儿童房,儿童房墙壁装饰,200001284,971316095,12%,14%,17.50%
儿童用品,尿布和卫生用品,油布,17031320,93474,12%,14%,17.50%
儿童用品,尿布和卫生用品,可重复使用的防水尿布,17031320,971073602,12%,14%,17.50%
儿童用品,尿布和卫生用品,尿布,17031330,93495,12%,14%,17.50%
儿童用品,尿布和卫生用品,拉拉裤,17031330,93497,12%,14%,17.50%
儿童用品,尿布和卫生用品,可重复使用的尿布,17038341,93480,12%,14%,17.50%
儿童用品,尿布和卫生用品,尿布配件,17038347,93485,12%,14%,17.50%
儿童用品,尿布和卫生用品,新生儿卫生用品套装,200000979,971360402,12%,14%,17.50%
儿童用品,尿布和卫生用品,一次性油布,43433791,93492,12%,14%,17.50%
儿童用品,积木玩具套装,积木,17037234,92952,12%,14%,17.50%
儿童用品,儿童电动车,儿童电动车,17034764,92977,12%,14%,17.50%
儿童用品,儿童电动车,儿童汽车、摩托车配件及备件,17036531,970870421,12%,14%,17.50%
儿童用品,自行车，滑步车，滑板车,平衡车,17030574,94327,12%,14%,17.50%
儿童用品,自行车，滑步车，滑板车,自行车式婴儿车,200000008,971014516,12%,14%,17.50%
儿童用品,自行车，滑步车，滑板车,儿童自行车,200000008,971739850,12%,14%,17.50%
儿童用品,自行车，滑步车，滑板车,儿童交通工具配件,92145257,971046367,12%,14%,17.50%
儿童用品,儿童喂食产品,儿童喂食器具,17031983,92560,12%,14%,17.50%
儿童用品,儿童喂食产品,婴儿餐具套装,17037612,92512,12%,14%,17.50%
儿童用品,儿童喂食产品,儿童餐具吸盘,17037612,971147797,12%,14%,17.50%
儿童用品,儿童秤,新生儿秤,17034679,91417,12%,14%,17.50%
儿童用品,儿童安全,婴儿换尿布台,17033162,253134034,12%,14%,17.50%
儿童用品,儿童安全,尿布更换垫,17033162,92605,12%,14%,17.50%
儿童用品,儿童安全,婴儿连体衣,17038757,504866284,12%,14%,17.50%
儿童用品,儿童安全,定型枕,17038757,92627,12%,14%,17.50%
儿童用品,儿童安全,婴儿防压睡垫,17038757,97952,12%,14%,17.50%
儿童用品,儿童安全,反光器,200000882,92198,12%,14%,17.50%
儿童用品,儿童安全,婴儿头护套 ,92496476,812884311,12%,14%,17.50%
儿童用品,儿童安全,门、抽屉、窗户锁具,92496476,91934,12%,14%,17.50%
儿童用品,儿童安全,防护套件,92496476,91950,12%,14%,17.50%
儿童用品,儿童安全,家具保护角,92496476,91951,12%,14%,17.50%
儿童用品,儿童安全,插座插孔保护套,92496476,91960,12%,14%,17.50%
儿童用品,儿童安全,安全胶带,92496476,91963,12%,14%,17.50%
儿童用品,儿童安全,儿童牵引绳,92496476,92958,12%,14%,17.50%
儿童用品,儿童安全,儿童爬行护膝,92496476,93012,12%,14%,17.50%
儿童用品,儿童安全,儿童防跌保护,92496476,970985014,12%,14%,17.50%
儿童用品,儿童安全,儿童防触碰面板保护,92496476,970993457,12%,14%,17.50%
儿童用品,儿童安全,儿童安全护带,92496476,99524,12%,14%,17.50%
美容和卫生,身体卫生用品,止汗露,17029343,93466,12%,14%,18%
美容和卫生,身体卫生用品,爽身粉,17029344,93505,12%,14%,18%
美容和卫生,身体卫生用品,固体肥皂,17038344,93482,12%,14%,18%
美容和卫生,身体卫生用品,卫生用品包,17038345,93483,12%,14%,18%
美容和卫生,身体卫生用品,爽身粉,17038352,93499,12%,14%,18%
美容和卫生,身体卫生用品,护臀霜,17038352,970838691,12%,14%,18%
美容和卫生,身体卫生用品,私处卫生用品,200001236,93465,12%,14%,18%
美容和卫生,身体卫生用品,沐浴用品,23796314,97704,12%,14%,18%
美容和卫生,身体卫生用品,洗手液,24452085,97769,12%,14%,18%
美容和卫生,身体卫生用品,儿童沐浴用品,43435188,97624,12%,14%,18%
美容和卫生,化妆，美甲，澡堂，美黑的工具,美甲、足部护理工具套装,17029423,93972,12%,14%,18%
美容和卫生,化妆，美甲，澡堂，美黑的工具,眉毛剪刀,17029427,563529488,12%,14%,18%
美容和卫生,化妆，美甲，澡堂，美黑的工具,美发剪刀,17029427,93974,12%,14%,18%
美容和卫生,化妆，美甲，澡堂，美黑的工具,直剃刀刀片,17029427,97320,12%,14%,18%
美容和卫生,化妆，美甲，澡堂，美黑的工具,睫毛卷翘仪,17029431,93981,12%,14%,18%
美容和卫生,化妆，美甲，澡堂，美黑的工具,美黑套装,17031345,970601734,12%,14%,18%
美容和卫生,化妆，美甲，澡堂，美黑的工具,美黑帽,17031345,97260,12%,14%,18%
美容和卫生,化妆，美甲，澡堂，美黑的工具,日光浴护目镜,17031345,97262,12%,14%,18%
美容和卫生,化妆，美甲，澡堂，美黑的工具,胸贴,17031345,97263,12%,14%,18%
美容和卫生,化妆，美甲，澡堂，美黑的工具,美妆盒子,17036272,970850387,12%,14%,18%
美容和卫生,化妆，美甲，澡堂，美黑的工具,假指甲,17037913,93433,12%,14%,18%
美容和卫生,化妆，美甲，澡堂，美黑的工具,美甲甲片,17037913,971105615,12%,14%,18%
美容和卫生,化妆，美甲，澡堂，美黑的工具,美甲延长配件,17037913,971118012,12%,14%,18%
美容和卫生,化妆，美甲，澡堂，美黑的工具,修脚刀片,17038382,93966,12%,14%,18%
美容和卫生,化妆，美甲，澡堂，美黑的工具,护手手套 ,17038382,93978,12%,14%,18%
美容和卫生,化妆，美甲，澡堂，美黑的工具,脚趾分离器,17038382,93982,12%,14%,18%
美容和卫生,化妆，美甲，澡堂，美黑的工具,死皮推,17038382,93995,12%,14%,18%
美容和卫生,化妆，美甲，澡堂，美黑的工具,美甲配件,17038382,970796687,12%,14%,18%
美容和卫生,化妆，美甲，澡堂，美黑的工具,美甲纤维胶,17038382,970957529,12%,14%,18%
美容和卫生,化妆，美甲，澡堂，美黑的工具,蜡疗配件,17038382,971101542,12%,14%,18%
美容和卫生,化妆，美甲，澡堂，美黑的工具,硅胶袜,17038382,971304946,12%,14%,18%
美容和卫生,化妆，美甲，澡堂，美黑的工具,指甲锉,17038385,93968,12%,14%,18%
美容和卫生,化妆，美甲，澡堂，美黑的工具,美甲剪刀,17038386,93969,12%,14%,18%
美容和卫生,化妆，美甲，澡堂，美黑的工具,死皮剪,17038387,93959,12%,14%,18%
美容和卫生,化妆，美甲，澡堂，美黑的工具,磨脚石,17038396,93976,12%,14%,18%
美容和卫生,化妆，美甲，澡堂，美黑的工具,镊子,17038399,93979,12%,14%,18%
美容和卫生,化妆，美甲，澡堂，美黑的工具,修脚机,17038408,93975,12%,14%,18%
美容和卫生,化妆，美甲，澡堂，美黑的工具,磨脚搓,17038408,93992,12%,14%,18%
美容和卫生,化妆，美甲，澡堂，美黑的工具,化妆笔卷笔刀,17038409,93993,12%,14%,18%
美容和卫生,化妆，美甲，澡堂，美黑的工具,浴帽,17040033,97267,12%,14%,18%
美容和卫生,化妆，美甲，澡堂，美黑的工具,瓶子配件,19171407,971004194,12%,14%,18%
美容和卫生,化妆，美甲，澡堂，美黑的工具,试香纸,19171407,971053339,12%,14%,18%
美容和卫生,化妆，美甲，澡堂，美黑的工具,睫毛延长配件,200000952,412991025,12%,14%,18%
美容和卫生,化妆，美甲，澡堂，美黑的工具,睫毛角蛋白翘睫工具,200000952,971290244,12%,14%,18%
美容和卫生,化妆，美甲，澡堂，美黑的工具,眉毛模板,43433166,93994,12%,14%,18%
美容和卫生,化妆，美甲，澡堂，美黑的工具,化妆品仪器盒,43433166,970683154,12%,14%,18%
美容和卫生,化妆，美甲，澡堂，美黑的工具,半永久纹绣配件,43433166,970683192,12%,14%,18%
美容和卫生,化妆，美甲，澡堂，美黑的工具,化妆品清洁配件,43433166,971026575,12%,14%,18%
美容和卫生,化妆，美甲，澡堂，美黑的工具,眼线辅助贴,43433166,971108810,12%,14%,18%
美容和卫生,化妆，美甲，澡堂，美黑的工具,尖头棉签,43433166,971200269,12%,14%,18%
美容和卫生,化妆，美甲，澡堂，美黑的工具,眉毛、睫毛角蛋白护理配件,43433166,971200274,12%,14%,18%
美容和卫生,化妆，美甲，澡堂，美黑的工具,修眉线,43433166,971306444,12%,14%,18%
美容和卫生,化妆，美甲，澡堂，美黑的工具,彩妆配件套装,43433166,97494,12%,14%,18%
美容和卫生,化妆，美甲，澡堂，美黑的工具,彩妆盘,43433166,98367,12%,14%,18%
美容和卫生,化妆，美甲，澡堂，美黑的工具,美甲装饰,43434465,970829683,12%,14%,18%
美容和卫生,化妆，美甲，澡堂，美黑的工具,美甲硅胶印章,43434465,971814509,12%,14%,18%
美容和卫生,化妆，美甲，澡堂，美黑的工具,美容碗,43435980,93998,12%,14%,18%
美容和卫生,化妆，美甲，澡堂，美黑的工具,化妆品喷雾器,43435980,97985,12%,14%,18%
美容和卫生,化妆，美甲，澡堂，美黑的工具,梳子,43436545,93999,12%,14%,18%
美容和卫生,化妆，美甲，澡堂，美黑的工具,洁面刷,56261152,568954307,12%,14%,18%
美容和卫生,化妆，美甲，澡堂，美黑的工具,化妆品搅拌机,56261152,644957738,12%,14%,18%
美容和卫生,化妆，美甲，澡堂，美黑的工具,美容手套,56261152,93901,12%,14%,18%
美容和卫生,化妆，美甲，澡堂，美黑的工具,纤体保鲜膜,56261152,93990,12%,14%,18%
美容和卫生,化妆，美甲，澡堂，美黑的工具,气循环压力裤,56261152,970576838,12%,14%,18%
美容和卫生,化妆，美甲，澡堂，美黑的工具,化妆喷枪,56261152,970623766,12%,14%,18%
美容和卫生,化妆，美甲，澡堂，美黑的工具,面膜刮棒,56261152,970849831,12%,14%,18%
美容和卫生,化妆，美甲，澡堂，美黑的工具,化妆品瓶,56261152,970942613,12%,14%,18%
美容和卫生,化妆，美甲，澡堂，美黑的工具,化妆品罐,56261152,970943341,12%,14%,18%
美容和卫生,化妆，美甲，澡堂，美黑的工具,一次性垫子,56261152,970987375,12%,14%,18%
美容和卫生,化妆，美甲，澡堂，美黑的工具,一次性文胸,56261152,971150971,12%,14%,18%
美容和卫生,化妆，美甲，澡堂，美黑的工具,装饰性护肘垫,56261152,97436,12%,14%,18%
美容和卫生,化妆，美甲，澡堂，美黑的工具,洗脸发带,56261152,98192,12%,14%,18%
美容和卫生,化妆，美甲，澡堂，美黑的工具,美甲架,93367160,970956109,12%,14%,18%
美容和卫生,香料,香水,17038419,93397,12%,14%,18%
美容和卫生,香料,香水溶剂,17038419,971429833,12%,14%,18%
美容和卫生,香料,香氛喷雾,17038420,93398,12%,14%,18%
美容和卫生,香料,古龙水,17038424,93402,12%,14%,18%
美容和卫生,香料,香水,17038425,93403,12%,14%,18%
美容和卫生,香料,芳香喷雾,17038425,971214875,12%,14%,18%
美容和卫生,香料,香水套装,17038426,93404,12%,14%,18%
美容和卫生,香料,淡香水,17038427,93405,12%,14%,18%
美容和卫生,香料,散装香水,17038427,970681400,12%,14%,18%
美容和卫生,香料,香水油,200000869,970674005,12%,14%,18%
美容和卫生,香料,固体香膏,200000869,970681401,12%,14%,18%
美容和卫生,脱毛品,脱毛剂,17029455,94001,12%,14%,18%
美容和卫生,脱毛品,脱毛前护理剂,17029455,970806268,12%,14%,18%
美容和卫生,脱毛品,脱毛后护理剂,43433176,94004,12%,14%,18%
美容和卫生,脱毛品,脱毛套件,43433177,94007,12%,14%,18%
美容和卫生,彩妆,眉笔,17029461,93418,12%,14%,18%
美容和卫生,彩妆,眉毛套装,17029461,970948820,12%,14%,18%
美容和卫生,彩妆,眼线笔,17029462,93419,12%,14%,18%
美容和卫生,彩妆,唇线笔,17029463,93420,12%,14%,18%
美容和卫生,彩妆,指甲胶,17029465,93422,12%,14%,18%
美容和卫生,彩妆,指甲修复纤维布,17029465,971301561,12%,14%,18%
美容和卫生,彩妆,遮瑕,17029467,93424,12%,14%,18%
美容和卫生,彩妆,水晶甲粉,17029471,760986346,12%,14%,18%
美容和卫生,彩妆,美甲魔镜粉,17029471,796002985,12%,14%,18%
美容和卫生,彩妆,指甲油,17029471,93427,12%,14%,18%
美容和卫生,彩妆,美甲套装,17029471,971080583,12%,14%,18%
美容和卫生,彩妆,水晶甲液,17029471,971229766,12%,14%,18%
美容和卫生,彩妆,粉饼,17029472,93442,12%,14%,18%
美容和卫生,彩妆,腮红,17029473,93443,12%,14%,18%
美容和卫生,彩妆,指甲油快干液,17029474,93444,12%,14%,18%
美容和卫生,彩妆,死皮软化剂,17029475,93445,12%,14%,18%
美容和卫生,彩妆,眉影,17029477,93447,12%,14%,18%
美容和卫生,彩妆,眼影,17029478,93448,12%,14%,18%
美容和卫生,彩妆,BB霜,17029482,93409,12%,14%,18%
美容和卫生,彩妆,CC霜,17029482,93410,12%,14%,18%
美容和卫生,彩妆,粉底液,17029482,93450,12%,14%,18%
美容和卫生,彩妆,DD霜,17029482,971074674,12%,14%,18%
美容和卫生,彩妆,松紧调节扣,17029482,971306476,12%,14%,18%
美容和卫生,彩妆,洗甲水,17034199,93908,12%,14%,18%
美容和卫生,彩妆,彩妆套装,17037911,93431,12%,14%,18%
美容和卫生,彩妆,护甲底油,17037915,93435,12%,14%,18%
美容和卫生,彩妆,指甲脱脂剂,17037915,970681973,12%,14%,18%
美容和卫生,彩妆,凝胶状蜜粉,17037915,970807543,12%,14%,18%
美容和卫生,彩妆,妆前乳,17037916,93436,12%,14%,18%
美容和卫生,彩妆,眼部妆前乳,17037916,93441,12%,14%,18%
美容和卫生,彩妆,暂时性纹身,17037917,93437,12%,14%,18%
美容和卫生,彩妆,面部、身体用水钻,17037917,970865887,12%,14%,18%
美容和卫生,彩妆,眼线,17037919,93439,12%,14%,18%
美容和卫生,彩妆,口红,17037920,93440,12%,14%,18%
美容和卫生,彩妆,眉毛凝胶,17037923,93414,12%,14%,18%
美容和卫生,彩妆,染眉膏,17037923,93452,12%,14%,18%
美容和卫生,彩妆,眉蜡,17037923,970945765,12%,14%,18%
美容和卫生,彩妆,睫毛膏,17037924,93453,12%,14%,18%
美容和卫生,彩妆,"高光
",17037925,93454,12%,14%,18%
美容和卫生,彩妆,润唇膏,17038434,93411,12%,14%,18%
美容和卫生,彩妆,唇彩,17038436,93412,12%,14%,18%
美容和卫生,彩妆,染唇液,17038436,93449,12%,14%,18%
美容和卫生,彩妆,修容粉,17038437,93413,12%,14%,18%
美容和卫生,彩妆,造型发胶,17038439,253861770,12%,14%,18%
美容和卫生,彩妆,凝胶指甲油,17038439,93415,12%,14%,18%
美容和卫生,彩妆,指甲油稀释剂,17038440,93416,12%,14%,18%
美容和卫生,彩妆,美甲封层胶,17038441,93417,12%,14%,18%
美容和卫生,彩妆,接睫毛套装,200000926,971147305,12%,14%,18%
美容和卫生,彩妆,睫毛胶水,200000926,97938,12%,14%,18%
美容和卫生,彩妆,修容棒,43433800,970915534,12%,14%,18%
美容和卫生,彩妆,修容盘,43433800,97735,12%,14%,18%
美容和卫生,彩妆,化妆工具清洁剂,43435180,93991,12%,14%,18%
美容和卫生,彩妆,定妆喷雾,43435984,97927,12%,14%,18%
美容和卫生,彩妆,脸部、身体亮片,51634593,289778311,12%,14%,18%
美容和卫生,护理化妆品,护肤品套装,17029487,93882,12%,14%,18%
美容和卫生,护理化妆品,化妆品倒数日历,17029487,970626197,12%,14%,18%
美容和卫生,护理化妆品,皮肤护理香膏、乳液、润肤乳,17029488,93873,12%,14%,18%
美容和卫生,护理化妆品,护肤凝胶,17029488,93876,12%,14%,18%
美容和卫生,护理化妆品,护肤霜,17029488,93883,12%,14%,18%
美容和卫生,护理化妆品,棒状产品,17029488,93912,12%,14%,18%
美容和卫生,护理化妆品,超声导胶,17029488,970686301,12%,14%,18%
美容和卫生,护理化妆品,护肤凡士林,17029488,970992159,12%,14%,18%
美容和卫生,护理化妆品,指甲、指缘护理产品,17029489,93884,12%,14%,18%
美容和卫生,护理化妆品,化妆品石蜡,17029489,93894,12%,14%,18%
美容和卫生,护理化妆品,足浴用品,17034197,93906,12%,14%,18%
美容和卫生,护理化妆品,卸妆液,17034200,93909,12%,14%,18%
美容和卫生,护理化妆品,护肤精华,17034203,93881,12%,14%,18%
美容和卫生,护理化妆品,精华素,17034203,93913,12%,14%,18%
美容和卫生,护理化妆品,美容液,17034203,93916,12%,14%,18%
美容和卫生,护理化妆品,护肤精华,17034203,93917,12%,14%,18%
美容和卫生,护理化妆品,护肤乳液,17034203,93918,12%,14%,18%
美容和卫生,护理化妆品,护肤精华,17034203,93919,12%,14%,18%
美容和卫生,护理化妆品,护肤爽肤水,17034205,93915,12%,14%,18%
美容和卫生,护理化妆品,洗面奶,17037942,93897,12%,14%,18%
美容和卫生,护理化妆品,去角质产品,17037943,93898,12%,14%,18%
美容和卫生,护理化妆品,换肤中和剂,17037943,971095452,12%,14%,18%
美容和卫生,护理化妆品,磨砂膏,17037946,93902,12%,14%,18%
美容和卫生,护理化妆品,纯露,17037948,93878,12%,14%,18%
美容和卫生,护理化妆品,护肤喷雾,17037948,93904,12%,14%,18%
美容和卫生,护理化妆品,美黑助晒剂,19171427,970983098,12%,14%,18%
美容和卫生,护理化妆品,日光浴室美黑霜,19171427,97443,12%,14%,18%
美容和卫生,护理化妆品,化妆水,23796132,93874,12%,14%,18%
美容和卫生,护理化妆品,温泉水,23796132,97702,12%,14%,18%
美容和卫生,护理化妆品,卸妆水,23796132,97703,12%,14%,18%
美容和卫生,护理化妆品,按摩蜡烛,23819170,971081366,12%,14%,18%
美容和卫生,护理化妆品,按摩霜,23819170,971447124,12%,14%,18%
美容和卫生,护理化妆品,按摩油,23819170,97707,12%,14%,18%
美容和卫生,护理化妆品,美黑霜,43443676,97881,12%,14%,18%
美容和卫生,护理化妆品,护肤油,43443677,93887,12%,14%,18%
美容和卫生,护理化妆品,指压板,43443677,971098089,12%,14%,18%
美容和卫生,护理化妆品,防晒霜,56174312,629618165,12%,14%,18%
美容和卫生,护理化妆品,晒伤舒缓凝胶,56174312,971751234,12%,14%,18%
美容和卫生,护理化妆品,晒后护理用品,57038118,708190925,12%,14%,18%
美容和卫生,护理化妆品,纤体产品,61861415,970573561,12%,14%,18%
美容和卫生,护理化妆品,去妊娠纹霜,62105843,970575415,12%,14%,18%
美容和卫生,护理化妆品,造型产品,62105843,971068009,12%,14%,18%
美容和卫生,护理化妆品,按摩膏,62105843,971300777,12%,14%,18%
美容和卫生,护发产品,发蜡,17034210,93923,12%,14%,18%
美容和卫生,护发产品,头发定型凝胶,17034211,93924,12%,14%,18%
美容和卫生,护发产品,角蛋白,17034213,93926,12%,14%,18%
美容和卫生,护发产品,护发膏,17034214,93920,12%,14%,18%
美容和卫生,护发产品,头发乳液,17034214,970951258,12%,14%,18%
美容和卫生,护发产品,护理发套装,17034216,93929,12%,14%,18%
美容和卫生,护发产品,头发增稠剂,17034217,341668697,12%,14%,18%
美容和卫生,护发产品,染发剂,17034217,93930,12%,14%,18%
美容和卫生,护发产品,胡须染色剂,17034217,971306429,12%,14%,18%
美容和卫生,护发产品,头发指甲花染料,17034217,98375,12%,14%,18%
美容和卫生,护发产品,头发精华素,17034219,93945,12%,14%,18%
美容和卫生,护发产品,美发液,17034219,93949,12%,14%,18%
美容和卫生,护发产品,护发精华,17034219,93951,12%,14%,18%
美容和卫生,护发产品,护发精华,17034219,93952,12%,14%,18%
美容和卫生,护发产品,接发卸除剂,17034219,970593719,12%,14%,18%
美容和卫生,护发产品,染色防护乳,17034219,970955993,12%,14%,18%
美容和卫生,护发产品,头皮磨砂膏,17034219,971049457,12%,14%,18%
美容和卫生,护发产品,头皮焕肤膏,17034219,971217759,12%,14%,18%
美容和卫生,护发产品,头发角蛋白护理剂,17034219,97762,12%,14%,18%
美容和卫生,护发产品,染发皮肤清洁巾,17034219,97766,12%,14%,18%
美容和卫生,护发产品,染发退色剂,17034219,97767,12%,14%,18%
美容和卫生,护发产品,头发填充剂,17034219,97768,12%,14%,18%
美容和卫生,护发产品,"修颜乳
",17034221,93947,12%,14%,18%
美容和卫生,护发产品,染发粉笔,17034222,93937,12%,14%,18%
美容和卫生,护发产品,头发染色膏,17034222,93948,12%,14%,18%
美容和卫生,护发产品,固体洗发水,17034224,707147362,12%,14%,18%
美容和卫生,护发产品,洗发水,17034224,93950,12%,14%,18%
美容和卫生,护发产品,干洗发水,17034224,97700,12%,14%,18%
美容和卫生,护发产品,护发霜,17037963,93932,12%,14%,18%
美容和卫生,护发产品,头发打底造型液,17037963,970859603,12%,14%,18%
美容和卫生,护发产品,宠物毛发调理喷雾,17037963,971408170,12%,14%,18%
美容和卫生,护发产品,发胶,17037964,93933,12%,14%,18%
美容和卫生,护发产品,头发护理液,17037965,93934,12%,14%,18%
美容和卫生,护发产品,头皮爽肤水,17037965,93946,12%,14%,18%
美容和卫生,护发产品,发膜,17037966,93935,12%,14%,18%
美容和卫生,护发产品,头发肉毒护理,17037966,971004398,12%,14%,18%
美容和卫生,护发产品,发油,17037967,93936,12%,14%,18%
美容和卫生,护发产品,头发摩丝,17037969,93938,12%,14%,18%
美容和卫生,护发产品,泡沫发蜡,17037969,93940,12%,14%,18%
美容和卫生,护发产品,定型发膏,17037971,93939,12%,14%,18%
美容和卫生,护发产品,发膏,17037971,971036246,12%,14%,18%
美容和卫生,护发产品,头发造型粉,17037973,93941,12%,14%,18%
美容和卫生,护发产品,定型喷雾,17037974,97910,12%,14%,18%
美容和卫生,护发产品,造型发蜡,43429777,970667891,12%,14%,18%
美容和卫生,护发产品,发泥,43429777,97247,12%,14%,18%
美容和卫生,护发产品,氧化剂,43433804,97764,12%,14%,18%
美容和卫生,护发产品,漂发结构还原剂,43433805,970824555,12%,14%,18%
美容和卫生,护发产品,头发漂白剂,43433805,97765,12%,14%,18%
美容和卫生,护发产品,长效定型产品,43435196,970702667,12%,14%,18%
美容和卫生,护发产品,烫发剂,43435196,97645,12%,14%,18%
美容和卫生,护发产品,直发剂,43435196,97763,12%,14%,18%
美容和卫生,护发产品,护发喷雾,43435197,93942,12%,14%,18%
美容和卫生,剃须和梳毛用品,剃须产品,17054876,97309,12%,14%,18%
美容和卫生,剃须和梳毛用品,须后水,17054881,97311,12%,14%,18%
美容和卫生,剃须和梳毛用品,胡须护理产品,43436050,970593490,12%,14%,18%
美容和卫生,剃须和梳毛用品,胡须护理套件,43436050,970678875,12%,14%,18%
美容和卫生,剃须和梳毛用品,胡须造型产品,43436050,970702979,12%,14%,18%
美容和卫生,按摩床配件,按摩床、台配件,200000682,971151950,12%,14%,18%
美容和卫生,剃须用品,脱毛锉刀,200001245,971404997,12%,14%,18%
美容和卫生,剃须用品,剃须刀,200001245,97318,12%,14%,18%
美容和卫生,剃须用品,剃须套装,200001247,97315,12%,14%,18%
美容和卫生,剃须用品,剃刀配件,200001247,97322,12%,14%,18%
美容和卫生,剃须用品,修容刷,200001248,97321,12%,14%,18%
美容和卫生,剃须用品,剃须刀刀片,200001249,412915549,12%,14%,18%
美容和卫生,剃须用品,剃须刀替换刀,200001249,97317,12%,14%,18%
美容和卫生,口腔卫生用品,牙粉,200001257,93472,12%,14%,18%
美容和卫生,口腔卫生用品,牙膏,200001258,93469,12%,14%,18%
美容和卫生,口腔卫生用品,牙齿美白凝胶,200001258,93471,12%,14%,18%
美容和卫生,口腔卫生用品,牙齿湿巾,200001258,971298666,12%,14%,18%
美容和卫生,口腔卫生用品,漱口水,200001259,93488,12%,14%,18%
美容和卫生,口腔卫生用品,口腔喷雾,200001259,970593718,12%,14%,18%
美容和卫生,口腔卫生用品,牙刷,200001261,93470,12%,14%,18%
美容和卫生,口腔卫生用品,单簇牙刷刷头,200001261,93481,12%,14%,18%
美容和卫生,口腔卫生用品,正畸牙刷,200001261,970973487,12%,14%,18%
美容和卫生,口腔卫生用品,口腔护理包,200001261,97225,12%,14%,18%
美容和卫生,口腔卫生用品,牙签,200001262,92364,12%,14%,18%
美容和卫生,口腔卫生用品,牙签支架,200001262,97595,12%,14%,18%
美容和卫生,口腔卫生用品,牙间刷,200001263,93479,12%,14%,18%
美容和卫生,口腔卫生用品,舌头刮刀,200001264,97210,12%,14%,18%
美容和卫生,口腔卫生用品,牙线,200001265,93468,12%,14%,18%
美容和卫生,棉花和纸制品,厨房纸巾,200001250,93456,12%,14%,18%
美容和卫生,棉花和纸制品,马桶座套,200001251,970713340,12%,14%,18%
美容和卫生,棉花和纸制品,纸巾,200001252,93455,12%,14%,18%
美容和卫生,棉花和纸制品,餐巾纸,200001252,96019,12%,14%,18%
美容和卫生,棉花和纸制品,化妆棉,200001253,93457,12%,14%,18%
美容和卫生,棉花和纸制品,加厚化妆棉,200001253,93459,12%,14%,18%
美容和卫生,棉花和纸制品,棉球,200001253,93460,12%,14%,18%
美容和卫生,棉花和纸制品,棉签,200001254,93458,12%,14%,18%
美容和卫生,棉花和纸制品,耳鼻清洁工具,200001254,970876555,12%,14%,18%
美容和卫生,棉花和纸制品,防汗垫,200001255,99437,12%,14%,18%
美容和卫生,个人卫生用品,湿巾,200001266,93462,12%,14%,18%
美容和卫生,个人卫生用品,女士卫生巾,200001267,93500,12%,14%,18%
美容和卫生,个人卫生用品,个人护理用品收纳包,200001267,970715586,12%,14%,18%
美容和卫生,个人卫生用品,月经内裤,200001267,970940079,12%,14%,18%
美容和卫生,个人卫生用品,可重复使用的卫生巾,200001267,99439,12%,14%,18%
美容和卫生,个人卫生用品,卫生棉条,200001268,93506,12%,14%,18%
美容和卫生,个人卫生用品,乳头保护罩,200001270,93011,12%,14%,18%
美容和卫生,个人卫生用品,防溢乳垫,200001270,93463,12%,14%,18%
美容和卫生,个人卫生用品,收腹裤,200001270,93508,12%,14%,18%
美容和卫生,个人卫生用品,产后卫生巾,200001270,99440,12%,14%,18%
美容和卫生,个人卫生用品,卫生湿纸巾,200001271,93461,12%,14%,18%
美容和卫生,个人卫生用品,卫生纸,200001271,93507,12%,14%,18%
美容和卫生,假发和发饰,假发,22778921,115949136,12%,14%,18%
美容和卫生,假发和发饰,美发练习模特头,22778921,94856,12%,14%,18%
美容和卫生,假发和发饰,假胡子、络腮胡、眉毛,22778921,970626281,12%,14%,18%
美容和卫生,假发和发饰,教学头模三脚架,22778921,970702676,12%,14%,18%
美容和卫生,假发和发饰,接发发束,22778921,971151445,12%,14%,18%
美容和卫生,假发和发饰,假发髻,22778921,97641,12%,14%,18%
美容和卫生,假发和发饰,卡尼卡伦丝,22778921,97642,12%,14%,18%
美容和卫生,假发和发饰,假发配件,22778921,97643,12%,14%,18%
美容和卫生,按摩,水力按摩浴缸,17033007,91821,12%,14%,18%
美容和卫生,按摩,"刮痧按摩器
",30960285,93985,12%,14%,18%
美容和卫生,按摩,热石按摩石,30960285,971049181,12%,14%,18%
美容和卫生,按摩,按摩枕,30960287,97894,12%,14%,18%
美容和卫生,按摩,肌肉刺激仪,30960320,91838,12%,14%,18%
美容和卫生,按摩,按摩器配件,30960320,970678130,12%,14%,18%
美容和卫生,按摩,按摩服,30960320,970824557,12%,14%,18%
美容和卫生,按摩,电动按摩器,30960320,97897,12%,14%,18%
美容和卫生,按摩,按摩台,30960354,97898,12%,14%,18%
美容和卫生,按摩,按摩床垫,43433263,97896,12%,14%,18%
美容和卫生,按摩,按摩椅,43433265,97895,12%,14%,18%
美容和卫生,按摩,按摩床,43433265,98990,12%,14%,18%
美容和卫生,按摩,微针滚轮,94309623,91837,12%,14%,18%
美容和卫生,按摩,脸部按摩轮,94309623,970977928,12%,14%,18%
美容和卫生,按摩,头部按摩爪,94953160,970983727,12%,14%,18%
美容和卫生,按摩,按摩配件,94953160,971003856,12%,14%,18%
美容和卫生,美容院家具和设备,美甲器械消毒器,17033026,91855,12%,14%,18%
美容和卫生,美容院家具和设备,高温消毒柜,17033026,91858,12%,14%,18%
美容和卫生,美容院家具和设备,美甲工具杀菌配件 ,17033026,971136567,12%,14%,18%
美容和卫生,美容院家具和设备,加热发帽,17038366,970623764,12%,14%,18%
美容和卫生,美容院家具和设备,美发手套 ,17038366,970713457,12%,14%,18%
美容和卫生,美容院家具和设备,美发师配件 ,17038366,970782437,12%,14%,18%
美容和卫生,美容院家具和设备,美发套装,17038366,970939282,12%,14%,18%
美容和卫生,美容院家具和设备,接发工具、材料,17038366,970948805,12%,14%,18%
美容和卫生,美容院家具和设备,一次性毛巾,17038366,971151112,12%,14%,18%
美容和卫生,美容院家具和设备,理发店洗头床备件,43433573,970976184,12%,14%,18%
美容和卫生,美容院家具和设备,理发围布,43433795,93977,12%,14%,18%
美容和卫生,美容院家具和设备,理发椅备件,56514277,970976185,12%,14%,18%
美容和卫生,美容院家具和设备,美容院排烟机,56514277,971220315,12%,14%,18%
美容和卫生,美容院家具和设备,飞梭烫发机,99050241,970915535,12%,14%,18%
美容和卫生,美容院家具和设备,头盔式吹风机,99050241,970994639,12%,14%,18%
美容和卫生,美容院家具和设备,美容院推车,99050352,95091,12%,14%,18%
美容和卫生,美容院家具和设备,修脚架,99050353,95094,12%,14%,18%
美容和卫生,美容院家具和设备,美甲桌,99076331,95007,12%,14%,18%
美容和卫生,美容院家具和设备,化妆台,99076331,970994883,12%,14%,18%
美容和卫生,美容院家具和设备,便携式化妆师工作站,99076331,970994884,12%,14%,18%
美容和卫生,美容设备,蜡加热器,17029433,93983,12%,14%,18%
美容和卫生,美容设备,粉刺针/去黑头工具,17031541,602717823,12%,14%,18%
美容和卫生,美容设备,面部清洁电动刷,17031541,91844,12%,14%,18%
美容和卫生,美容设备,喷雾仪,17031543,91817,12%,14%,18%
美容和卫生,美容设备,便携式蒸汽桑拿,17031543,970946397,12%,14%,18%
美容和卫生,美容设备,皮肤保湿霜,17032773,91862,12%,14%,18%
美容和卫生,美容设备,超声波清洁仪,17032788,91813,12%,14%,18%
美容和卫生,美容设备,微电流美容仪,17032788,91820,12%,14%,18%
美容和卫生,美容设备,达松伐尔,17032788,91823,12%,14%,18%
美容和卫生,美容设备,美容多机组合机,17032788,91831,12%,14%,18%
美容和卫生,美容设备,激光治疗仪,17032788,91834,12%,14%,18%
美容和卫生,美容设备,热式减重系统,17032788,970599026,12%,14%,18%
美容和卫生,美容设备,真空清洁器,17032788,970853368,12%,14%,18%
美容和卫生,美容设备,真空吸附按摩仪,17032788,971365882,12%,14%,18%
美容和卫生,美容设备,微晶磨皮仪,17032788,97746,12%,14%,18%
美容和卫生,美容设备,激光嫩肤,17032788,97749,12%,14%,18%
美容和卫生,美容设备,皮肤水分测试仪,17032788,97750,12%,14%,18%
美容和卫生,美容设备,微针美塑仪,17032788,97751,12%,14%,18%
美容和卫生,美容设备,光子嫩肤仪,17032788,97752,12%,14%,18%
美容和卫生,美容设备,面膜制作机,17032788,97753,12%,14%,18%
美容和卫生,美容设备,RF射频提升仪,17032788,97754,12%,14%,18%
美容和卫生,美容设备,微电流美容仪,17032788,97755,12%,14%,18%
美容和卫生,美容设备,美甲、足疗设备,17032998,91812,12%,14%,18%
美容和卫生,美容设备,指甲油喷枪,17032998,971281322,12%,14%,18%
美容和卫生,美容设备,电动磨脚器,17032998,971306471,12%,14%,18%
美容和卫生,美容设备,美甲打磨机配件,17032998,971313891,12%,14%,18%
美容和卫生,美容设备,日光浴床配件、备件,17033025,971472518,12%,14%,18%
美容和卫生,美容设备,美甲、足部护理吸尘器,17038380,91836,12%,14%,18%
美容和卫生,美容设备,手足护理蜡疗仪,17038380,91845,12%,14%,18%
美容和卫生,美容设备,美甲灯,17038380,93964,12%,14%,18%
美容和卫生,美容设备,美甲机,17038380,970623765,12%,14%,18%
美容和卫生,美容设备,美甲吹风机,17038380,971013427,12%,14%,18%
美容和卫生,美容设备,美容仪器配件,200000945,971311427,12%,14%,18%
美容和卫生,纹身沙龙设备和材料,纹身机,62128124,970575699,12%,14%,18%
美容和卫生,纹身沙龙设备和材料,纹身去除激光 ,62128124,970693194,12%,14%,18%
美容和卫生,纹身沙龙设备和材料,纹身套件,62128210,970575698,12%,14%,18%
美容和卫生,纹身沙龙设备和材料,纹身机针,62128285,970575704,12%,14%,18%
美容和卫生,纹身沙龙设备和材料,穿刺针,62128285,970575710,12%,14%,18%
美容和卫生,纹身沙龙设备和材料,医用绷带,62128285,970575712,12%,14%,18%
美容和卫生,纹身沙龙设备和材料,纹身人造皮革 ,62128285,970825489,12%,14%,18%
美容和卫生,纹身沙龙设备和材料,吸附粉,62128285,970939390,12%,14%,18%
美容和卫生,纹身沙龙设备和材料,纹身墨水帽,62128285,970970170,12%,14%,18%
美容和卫生,纹身沙龙设备和材料,半永久纹绣针,62128285,970976084,12%,14%,18%
美容和卫生,纹身沙龙设备和材料,纹身机防护套,62128285,971010741,12%,14%,18%
美容和卫生,纹身沙龙设备和材料,纹身店家具,62128302,970585024,12%,14%,18%
美容和卫生,纹身沙龙设备和材料,纹身沙龙灯,62128302,971806526,12%,14%,18%
美容和卫生,纹身沙龙设备和材料,转印耗材,62128439,970972560,12%,14%,18%
美容和卫生,纹身沙龙设备和材料,转印打印机,62128439,971854174,12%,14%,18%
美容和卫生,纹身沙龙设备和材料,纹身愈合剂,62128625,970575711,12%,14%,18%
美容和卫生,纹身沙龙设备和材料,麻醉剂,62128625,970803627,12%,14%,18%
美容和卫生,纹身沙龙设备和材料,纹身去除剂,62128625,970824579,12%,14%,18%
美容和卫生,纹身沙龙设备和材料,抗菌皂浓缩物,62128625,970857454,12%,14%,18%
美容和卫生,纹身沙龙设备和材料,纹身凡士林、纹身油,62128625,970915220,12%,14%,18%
美容和卫生,纹身沙龙设备和材料,纹身清洁泡沫,62128625,970915221,12%,14%,18%
美容和卫生,纹身沙龙设备和材料,纹身清凉凝胶 ,62128625,971010737,12%,14%,18%
美容和卫生,纹身沙龙设备和材料,穿孔护理产品,62128625,971098009,12%,14%,18%
美容和卫生,纹身沙龙设备和材料,穿孔工具,62128684,970586898,12%,14%,18%
美容和卫生,纹身沙龙设备和材料,纹身机配件、备件,62129581,971806556,12%,14%,18%
美容和卫生,纹身沙龙设备和材料,纹身色料,62157577,970576969,12%,14%,18%
美容和卫生,纹身沙龙设备和材料,纹身色料,62157577,971391523,12%,14%,18%
美容和卫生,眉毛和睫毛护理产品,眉毛、睫毛染剂,19170794,93931,12%,14%,18%
美容和卫生,眉毛和睫毛护理产品,染眉打底膏,19170794,970671292,12%,14%,18%
美容和卫生,眉毛和睫毛护理产品,半永久纹绣色料,19170794,970683214,12%,14%,18%
美容和卫生,眉毛和睫毛护理产品,纳米喷绘、永久化妆套装,19170794,970826418,12%,14%,18%
美容和卫生,眉毛和睫毛护理产品,眉膏,19170794,970863837,12%,14%,18%
美容和卫生,眉毛和睫毛护理产品,眉毛、睫毛染色套装,19170794,970939842,12%,14%,18%
美容和卫生,眉毛和睫毛护理产品,染眉海娜粉,19170794,971303900,12%,14%,18%
美容和卫生,眉毛和睫毛护理产品,海娜粉调和液,19170794,971310053,12%,14%,18%
美容和卫生,眉毛和睫毛护理产品,睫毛角蛋白护理、生物烫产品,43435190,14907073,12%,14%,18%
美容和卫生,眉毛和睫毛护理产品,睫毛、眉毛生长液,43435190,93907,12%,14%,18%
美容和卫生,眉毛和睫毛护理产品,眉毛定型液,43435190,970669164,12%,14%,18%
美容和卫生,眉毛和睫毛护理产品,眉毛去油剂,43435190,970672011,12%,14%,18%
美容和卫生,眉毛和睫毛护理产品,睫毛、眉毛打底液,43435190,970723155,12%,14%,18%
美容和卫生,眉毛和睫毛护理产品,眉毛、睫毛蛋白质重建液,43435190,970965328,12%,14%,18%
美容和卫生,眉毛和睫毛护理产品,睫毛角蛋白翘睫工具,43435190,971290244,12%,14%,18%
美容和卫生,眉毛和睫毛护理产品,睫毛角蛋白护理、生物烫套装,43435190,97368,12%,14%,18%
美容和卫生,眉毛和睫毛护理产品,眉毛清洁泡沫,43435190,99373,12%,14%,18%
美容和卫生,假睫毛和嫁接睫毛,嫁接睫毛,17037914,625346539,12%,14%,18%
美容和卫生,假睫毛和嫁接睫毛,假睫毛,17037914,93434,12%,14%,18%
美容和卫生,面膜,面膜,17029491,93886,12%,14%,18%
美容和卫生,面膜,清洁鼻贴,17029491,93893,12%,14%,18%
美容和卫生,面膜,面膜基底,17029491,970975126,12%,14%,18%
美容和卫生,面膜,面膜套装,17029491,97441,12%,14%,18%
美容和卫生,面膜,足部护理袜,17037937,93892,12%,14%,18%
美容和卫生,面膜,硬皮软化膏,17037937,93910,12%,14%,18%
美容和卫生,面膜,眼贴膜,17037940,93895,12%,14%,18%
美容和卫生,面膜,面部吸油纸,43433179,93429,12%,14%,18%
美容和卫生,面膜,V脸提拉贴,92258084,970829682,12%,14%,18%
美容和卫生,面膜,瘦脸绷带,92258084,971227786,12%,14%,18%
美容和卫生,卷发器,卷发筒,17038371,93955,12%,14%,18%
美容和卫生,脱毛器,脱毛器头,17039669,91680,12%,14%,18%
美容和卫生,脱毛器,光子脱毛仪,17039675,91686,12%,14%,18%
美容和卫生,脱毛器,激光脱毛器,17039675,96767,12%,14%,18%
美容和卫生,脱毛器,脱毛器,17039677,91688,12%,14%,18%
美容和卫生,搓澡巾和海绵,澡巾,17038388,93971,12%,14%,18%
美容和卫生,搓澡巾和海绵,化妆绵,17038404,93989,12%,14%,18%
美容和卫生,搓澡巾和海绵,洁面刷,200000814,971410054,12%,14%,18%
美容和卫生,美甲打磨头,美甲打磨机磨头,78022714,702556871,12%,14%,18%
美容和卫生,美甲打磨头,修脚机打磨砂片,78022714,971393544,12%,14%,18%
美容和卫生,美甲打磨头,修脚机打磨头,78022714,971393548,12%,14%,18%
美容和卫生,化妆刷,化妆刷,17029419,93961,12%,14%,18%
美容和卫生,化妆刷,化妆品涂抹器,17029419,93963,12%,14%,18%
美容和卫生,化妆刷,染发套件,17029419,971202447,12%,14%,18%
美容和卫生,化妆刷,染发刷,17029419,97336,12%,14%,18%
美容和卫生,干按摩刷,干式按摩刷,52158172,352274038,12%,14%,18%
美容和卫生,沐浴产品,沐浴泡沫,17037941,93896,12%,14%,18%
美容和卫生,沐浴产品,浴盐,17037947,93903,12%,14%,18%
美容和卫生,沐浴产品,沐浴准备用品,17037947,970966454,12%,14%,18%
美容和卫生,沐浴产品,浴盐球,99248640,971000672,12%,14%,18%
美容和卫生,芳香疗法,芳香疗法套件,32247767,93401,12%,14%,18%
美容和卫生,芳香疗法,精油,32247767,93408,12%,14%,18%
美容和卫生,芳香疗法,身体芳香蜡,32247767,970896715,12%,14%,18%
美容和卫生,芳香疗法,桑拿香薰,43430374,93396,12%,14%,18%
美容和卫生,芳香疗法,桑拿草药熏蒸包,43430374,93399,12%,14%,18%
美容和卫生,芳香疗法,桑拿盐,43430374,970589360,12%,14%,18%
古董和收藏品,古玩和复古,古董吸烟用品，复古风格,17033703,971909334,12%,14%,18%
古董和收藏品,古玩和复古,古董钟表，复古风格,17033715,970619208,12%,14%,18%
古董和收藏品,古玩和复古,古董室内装饰品，复古风格,17037165,96386,12%,14%,18%
古董和收藏品,古玩和复古,古董玩具、游戏，复古风格,17037999,96298,12%,14%,18%
古董和收藏品,古玩和复古,古董宗教用品，复古风格,17038001,971909502,12%,14%,18%
古董和收藏品,古玩和复古,古董军事历史物品，复古风格,17038012,971045359,12%,14%,18%
古董和收藏品,古玩和复古,古董医疗器械，复古风格,200001095,971281191,12%,14%,18%
古董和收藏品,古玩和复古,古董五金制品，复古风格,200001427,96283,12%,14%,18%
古董和收藏品,古玩和复古,古董餐具，复古风格,43430761,970619094,12%,14%,18%
古董和收藏品,古玩和复古,古董文具，复古风格,43433816,971909157,12%,14%,18%
古董和收藏品,古玩和复古,古董手工工具，复古风格,43434480,971004415,12%,14%,18%
古董和收藏品,古玩和复古,古董厨房用具，复古风格,43436548,96341,12%,14%,18%
古董和收藏品,古玩和复古,古董照明灯具，复古风格,72620959,970619133,12%,14%,18%
古董和收藏品,古玩和复古,古董纺纺织品，复古风格,72633780,96402,12%,14%,18%
古董和收藏品,古玩和复古,古董测量仪器，复古风格,72703457,971895579,12%,14%,18%
古董和收藏品,古玩和复古,古董饰品，复古风格,72716188,971907960,12%,14%,18%
古董和收藏品,古玩和复古,复古印刷品,76774125,970667734,12%,14%,18%
古董和收藏品,古玩和复古,古董生活用品，复古风格,85710829,970752274,12%,14%,18%
古董和收藏品,古玩和复古,古董小百货/服饰配件，复古风格,89808719,971895690,12%,14%,18%
古董和收藏品,古玩和复古,古董家具，复古风格,92402142,970619199,12%,14%,18%
古董和收藏品,收藏品,收藏纪念章,17033717,93833,12%,14%,18%
古董和收藏品,收藏品,收藏徽章,17033719,93834,12%,14%,18%
古董和收藏品,收藏品,收藏邮票,17033726,93840,12%,14%,18%
古董和收藏品,收藏品,收藏奖章,17033727,93841,12%,14%,18%
古董和收藏品,收藏品,收藏钱币,17033730,93844,12%,14%,18%
古董和收藏品,收藏品,收藏家工具,17037167,115945355,12%,14%,18%
古董和收藏品,收藏品,收藏品套装,17037167,95870,12%,14%,18%
古董和收藏品,收藏品,杂志收纳盒,17037167,95872,12%,14%,18%
古董和收藏品,收藏品,收藏版车票,17037167,971096874,12%,14%,18%
古董和收藏品,收藏品,化石,17037167,971196253,12%,14%,18%
古董和收藏品,收藏品,亲笔签名,17037167,971214469,12%,14%,18%
古董和收藏品,收藏品,火柴盒，收藏标签,17037167,971437112,12%,14%,18%
古董和收藏品,收藏品,明信片，收藏用信封,17037167,97163,12%,14%,18%
古董和收藏品,收藏品,收藏娃娃,17038016,970619421,12%,14%,18%
古董和收藏品,收藏品,昆虫标本,200000421,971093594,12%,14%,18%
古董和收藏品,收藏品,收藏品收纳配件,41587392,93830,12%,14%,18%
古董和收藏品,收藏品,收藏旗帜和三角旗,43430758,96297,12%,14%,18%
古董和收藏品,收藏品,收藏品模型,43433189,93842,12%,14%,18%
古董和收藏品,收藏品,收藏品护理用品,43435209,93853,12%,14%,18%
古董和收藏品,收藏品,收藏纸币及有价证券,43443685,93831,12%,14%,18%
古董和收藏品,收藏品,收藏品雕像,77098870,970671899,12%,14%,18%
古董和收藏品,收藏品,收藏卡,77855082,970678575,12%,14%,18%
古董和收藏品,收藏品,收藏贴纸,79466775,970689718,12%,14%,18%
古董和收藏品,收藏品,收集勺子,82678511,970724788,12%,14%,18%
古董和收藏品,收藏品,收藏矿物和晶体,86782096,970801724,12%,14%,18%
运动与休闲,武器养护产品,枪油,43432917,98143,12%,14%,18%
运动与休闲,武器养护产品,武器脱脂剂,43433455,98142,12%,14%,18%
运动与休闲,武器养护产品,喷枪漆,43434826,971405345,12%,14%,18%
运动与休闲,武器养护产品,枪械养护剂,43434826,98132,12%,14%,18%
运动与休闲,滑雪和滑雪板配件,单板套,17030959,91377,12%,14%,18%
运动与休闲,滑雪和滑雪板配件,滑雪面罩盒,17030959,970802129,12%,14%,18%
运动与休闲,滑雪和滑雪板配件,滑雪板包,17030959,970845479,12%,14%,18%
运动与休闲,滑雪和滑雪板配件,滑雪靴套,17030959,97393,12%,14%,18%
运动与休闲,滑雪和滑雪板配件,滑雪板、单板滑雪板支架,17035822,227219282,12%,14%,18%
运动与休闲,滑雪和滑雪板配件,滑雪机美腿训练器,17035822,970728928,12%,14%,18%
运动与休闲,滑雪和滑雪板配件,滑雪板、单板滑雪板配件,17035822,971109030,12%,14%,18%
运动与休闲,滑雪和滑雪板配件,眼镜、滑雪镜防雾剂,17035822,971117463,12%,14%,18%
运动与休闲,滑雪和滑雪板配件,高山滑雪杖,17035823,95332,12%,14%,18%
运动与休闲,滑雪和滑雪板配件,高山滑雪板支架,17035825,95334,12%,14%,18%
运动与休闲,滑雪和滑雪板配件,单板支架,17035826,95335,12%,14%,18%
运动与休闲,滑雪和滑雪板配件,单板雪鞋快穿固定器,17035826,971109907,12%,14%,18%
运动与休闲,滑雪和滑雪板配件,滑雪板支架,17035827,95336,12%,14%,18%
运动与休闲,滑雪和滑雪板配件,滑雪杖,17035828,95337,12%,14%,18%
运动与休闲,滑雪和滑雪板配件,徒步杖、北欧健走杖配件,17035829,240774473,12%,14%,18%
运动与休闲,滑雪和滑雪板配件,北欧式健走手杖,17035830,95339,12%,14%,18%
运动与休闲,滑雪和滑雪板配件,雪崩探测器,30671491,97970,12%,14%,18%
运动与休闲,滑雪和滑雪板配件,滚轮滑雪板固定装置,81732061,970707313,12%,14%,18%
运动与休闲,滑雪和滑雪板配件,轮滑滑雪杖,81732061,970707314,12%,14%,18%
运动与休闲,旅游配件,登山弹簧钩,17030491,94289,12%,14%,18%
运动与休闲,旅游配件,野营急救箱,17039417,95570,12%,14%,18%
运动与休闲,旅游配件,登山绳索,43429423,115949620,12%,14%,18%
运动与休闲,旅游配件,登山绳,43429423,98126,12%,14%,18%
运动与休闲,旅游配件,上升器?,43429430,98320,12%,14%,18%
运动与休闲,旅游配件,登山攀岩保护器材,43433443,98118,12%,14%,18%
运动与休闲,旅游配件,引火物,43434807,970852729,12%,14%,18%
运动与休闲,旅游配件,吊索,43443404,94283,12%,14%,18%
运动与休闲,旅游配件,登山、攀岩配件,43443404,970984674,12%,14%,18%
运动与休闲,旅游配件,攀岩握点?,43443404,98112,12%,14%,18%
运动与休闲,旅游配件,指南针,77011101,91282,12%,14%,18%
运动与休闲,旅游配件,生存工具包,77011101,94300,12%,14%,18%
运动与休闲,旅游配件,便携式淋浴,77011101,94308,12%,14%,18%
运动与休闲,旅游配件,充气枕头,77011101,94309,12%,14%,18%
运动与休闲,旅游配件,旅游手杖,77011101,94321,12%,14%,18%
运动与休闲,旅游配件,旅游配件,77011101,971453304,12%,14%,18%
运动与休闲,狩猎和射击,狩猎帐篷,17029591,94390,12%,14%,18%
运动与休闲,狩猎和射击,树上野兽窥望台,17029591,971477485,12%,14%,18%
运动与休闲,狩猎和射击,武器清洁垫,200001129,971435631,12%,14%,18%
运动与休闲,狩猎和射击,狩猎伪装,43429910,970827604,12%,14%,18%
运动与休闲,狩猎和射击,狩猎反光装备,43429910,971369396,12%,14%,18%
运动与休闲,狩猎和射击,迷彩胶带,43429910,97974,12%,14%,18%
运动与休闲,狩猎和射击,诱笛,43432936,96937,12%,14%,18%
运动与休闲,狩猎和射击,打猎项圈,43432936,970884550,12%,14%,18%
运动与休闲,狩猎和射击,枪械润滑剂,43433457,98141,12%,14%,18%
运动与休闲,狩猎和射击,战术眼镜,43433848,94119,12%,14%,18%
运动与休闲,狩猎和射击,武器支架,43434697,970863487,12%,14%,18%
运动与休闲,狩猎和射击,武器保险箱,43434697,98241,12%,14%,18%
运动与休闲,狩猎和射击,稻草人,43435699,97771,12%,14%,18%
运动与休闲,狩猎和射击,捕兽夹，捕兽夹配件,74203831,970634347,12%,14%,18%
运动与休闲,狩猎和射击,捕兽夹专用夹持钳,74203831,971011972,12%,14%,18%
运动与休闲,狩猎和射击,奖章，狩猎战利品支架,85876042,970893377,12%,14%,18%
运动与休闲,狩猎和射击,奖杯加工工具,85876042,970894583,12%,14%,18%
运动与休闲,狩猎和射击,相机陷阱,87486884,970824547,12%,14%,18%
运动与休闲,狩猎和射击,相机陷阱防护罩,87486884,970974756,12%,14%,18%
运动与休闲,狩猎和射击,射击靶,89356724,93556,12%,14%,18%
运动与休闲,狩猎和射击,球、鱼叉、弹弓箭,89356724,93574,12%,14%,18%
运动与休闲,狩猎和射击,射箭手套 ,89356724,96454,12%,14%,18%
运动与休闲,狩猎和射击,指垫,89356724,96455,12%,14%,18%
运动与休闲,狩猎和射击,弩弦,89356724,96457,12%,14%,18%
运动与休闲,狩猎和射击,弓弦,89356724,96458,12%,14%,18%
运动与休闲,狩猎和射击,弓、弩工具,89356724,970951474,12%,14%,18%
运动与休闲,狩猎和射击,箭袋,89356724,970951478,12%,14%,18%
运动与休闲,狩猎和射击,弹弓橡皮筋,89356724,971053234,12%,14%,18%
运动与休闲,狩猎和射击,弓、弩、弹弓配件,89356724,971225378,12%,14%,18%
运动与休闲,狩猎和射击,鱼叉枪配件,90528382,970607523,12%,14%,18%
运动与休闲,狩猎和射击,鱼叉头,90528382,970607524,12%,14%,18%
运动与休闲,狩猎和射击,绕线板,90528382,970942187,12%,14%,18%
运动与休闲,狩猎和射击,水底狩猎鱼扣,90528382,971076692,12%,14%,18%
运动与休闲,狩猎和射击,捕鱼用三叉戟,90528382,971299484,12%,14%,18%
运动与休闲,狩猎和射击,狩猎诱饵,92487324,970588162,12%,14%,18%
运动与休闲,狩猎和射击,狩猎配件,92487324,970831548,12%,14%,18%
运动与休闲,游泳池,泳池遮阳篷,100173888,93524,12%,14%,18%
运动与休闲,游泳池,泳池防滑垫,100173888,95082,12%,14%,18%
运动与休闲,游泳池,钢架泳池,17030525,95812,12%,14%,18%
运动与休闲,游泳池,移动泳池罩,17030525,971011898,12%,14%,18%
运动与休闲,游泳池,泳池梯,17040003,94518,12%,14%,18%
运动与休闲,游泳池,游泳池喷泉,17040003,971310505,12%,14%,18%
运动与休闲,游泳池,球池,200000616,971748877,12%,14%,18%
运动与休闲,游泳池,泳池热水器,43436345,814233457,12%,14%,18%
运动与休闲,游泳池,泳池过滤泵,43436345,971002568,12%,14%,18%
运动与休闲,游泳池,游泳池制氯机,43436345,971006882,12%,14%,18%
运动与休闲,游泳池,泳池臭氧发生器 ,43436345,971006883,12%,14%,18%
运动与休闲,游泳池,池离子发生器,43436345,971039447,12%,14%,18%
运动与休闲,游泳池,游泳池照明 ,43436345,971054994,12%,14%,18%
运动与休闲,游泳池,泳池清洗机,43436345,971061541,12%,14%,18%
运动与休闲,台球,台球杆,17030526,95682,12%,14%,18%
运动与休闲,台球,台球手套,17030531,95687,12%,14%,18%
运动与休闲,台球,台球三角架,17030535,95691,12%,14%,18%
运动与休闲,台球,台球,17030537,95693,12%,14%,18%
运动与休闲,台球,台球桌,17035871,95677,12%,14%,18%
运动与休闲,台球,台球椅,17035871,970593455,12%,14%,18%
运动与休闲,台球,球杆架,17040004,95681,12%,14%,18%
运动与休闲,台球,台球球杆粉笔,17040004,95684,12%,14%,18%
运动与休闲,台球,台球杆架,17040004,95685,12%,14%,18%
运动与休闲,台球,台球护理产品,17040004,95690,12%,14%,18%
运动与休闲,台球,台球布,17040004,970592519,12%,14%,18%
运动与休闲,台球,台球配件、耗材,17040004,970637865,12%,14%,18%
运动与休闲,台球,台球口袋,17040004,971077323,12%,14%,18%
运动与休闲,台球,台球灯,200000578,971117529,12%,14%,18%
运动与休闲,自行车运动用品,自行车挡泥板套件,17033531,94834,12%,14%,18%
运动与休闲,自行车运动用品,自行车全包式挡泥板,17033531,96221,12%,14%,18%
运动与休闲,自行车运动用品,自行车挡泥板,17033531,971306223,12%,14%,18%
运动与休闲,自行车运动用品,自行车润滑脂,17035884,96205,12%,14%,18%
运动与休闲,自行车运动用品,电动自行车电机,17040005,971013187,12%,14%,18%
运动与休闲,自行车运动用品,自行车配件、备件,17040005,971067228,12%,14%,18%
运动与休闲,自行车运动用品,儿童自行车安全座椅,24667427,96210,12%,14%,18%
运动与休闲,自行车运动用品,自行车座椅挡风玻璃,24667427,970782244,12%,14%,18%
运动与休闲,自行车运动用品,自行车座垫,24667427,971426421,12%,14%,18%
运动与休闲,自行车运动用品,自行车座椅杆,24667427,98351,12%,14%,18%
运动与休闲,自行车运动用品,自行车制动液,43429437,96885,12%,14%,18%
运动与休闲,自行车运动用品,自行车内胎,43429443,96203,12%,14%,18%
运动与休闲,自行车运动用品,自行车轮胎,43429443,96206,12%,14%,18%
运动与休闲,自行车运动用品,轮胎,43429443,96237,12%,14%,18%
运动与休闲,自行车运动用品,自行车车轮,43429914,96217,12%,14%,18%
运动与休闲,自行车运动用品,内接头罩,43429914,96219,12%,14%,18%
运动与休闲,自行车运动用品,辐条套装,43429914,96228,12%,14%,18%
运动与休闲,自行车运动用品,轮缘 ,43429914,96231,12%,14%,18%
运动与休闲,自行车运动用品,轮圈胶带,43429914,96232,12%,14%,18%
运动与休闲,自行车运动用品,辐条,43429914,96242,12%,14%,18%
运动与休闲,自行车运动用品,自行车花鼓,43429914,97063,12%,14%,18%
运动与休闲,自行车运动用品,自行车偏心轮,43429914,97906,12%,14%,18%
运动与休闲,自行车运动用品,轮毂轴,43429914,98364,12%,14%,18%
运动与休闲,自行车运动用品,踏板,43430219,115948563,12%,14%,18%
运动与休闲,自行车运动用品,自行车链条,43430219,96878,12%,14%,18%
运动与休闲,自行车运动用品,自行车中轴,43430219,97064,12%,14%,18%
运动与休闲,自行车运动用品,自行车卡式飞轮,43430219,97065,12%,14%,18%
运动与休闲,自行车运动用品,自行车链轮,43430219,970662734,12%,14%,18%
运动与休闲,自行车运动用品,连杆,43430219,971025778,12%,14%,18%
运动与休闲,自行车运动用品,自行车棘轮,43430219,98091,12%,14%,18%
运动与休闲,自行车运动用品,牙盘,43430219,98092,12%,14%,18%
运动与休闲,自行车运动用品,刹车线保护编织层,43430228,971288953,12%,14%,18%
运动与休闲,自行车运动用品,速度切换电缆,43430228,971289080,12%,14%,18%
运动与休闲,自行车运动用品,变速线管,43430228,97918,12%,14%,18%
运动与休闲,自行车运动用品,编织电缆,43430228,97919,12%,14%,18%
运动与休闲,自行车运动用品,管帽,43430228,97920,12%,14%,18%
运动与休闲,自行车运动用品,自行车护理用品,43432927,96884,12%,14%,18%
运动与休闲,自行车运动用品,自行车刷,43432927,96888,12%,14%,18%
运动与休闲,自行车运动用品,链条清洗机,43432927,970663066,12%,14%,18%
运动与休闲,自行车运动用品,车把把立,43434136,96208,12%,14%,18%
运动与休闲,自行车运动用品,方向盘喇叭,43434136,96238,12%,14%,18%
运动与休闲,自行车运动用品,自行车车把,43434136,96889,12%,14%,18%
运动与休闲,自行车运动用品,自行车转向柱,43434136,970662795,12%,14%,18%
运动与休闲,自行车运动用品,间隔环,43434136,970662797,12%,14%,18%
运动与休闲,自行车运动用品,自行车车把加长件,43434136,970967804,12%,14%,18%
运动与休闲,自行车运动用品,转子,43434835,970662769,12%,14%,18%
运动与休闲,自行车运动用品,刹车线液压系统,43434835,971456811,12%,14%,18%
运动与休闲,自行车运动用品,自行车制动系统,43434835,97905,12%,14%,18%
运动与休闲,自行车运动用品,碟刹,43434835,97916,12%,14%,18%
运动与休闲,自行车运动用品,自行车把手,43434835,98366,12%,14%,18%
运动与休闲,自行车运动用品,自行车医疗包,43443414,96200,12%,14%,18%
运动与休闲,自行车运动用品,自行车变速拨杆,75350223,96211,12%,14%,18%
运动与休闲,自行车运动用品,自行车适配器,75350223,970662768,12%,14%,18%
运动与休闲,自行车运动用品,山地车指拨,75350223,971013776,12%,14%,18%
运动与休闲,自行车运动用品,变速指拨,75350223,971013778,12%,14%,18%
运动与休闲,自行车运动用品,移位器,75350223,97911,12%,14%,18%
运动与休闲,自行车运动用品,变速轮,75350223,97917,12%,14%,18%
运动与休闲,自行车运动用品,自行车车架,75373051,970662798,12%,14%,18%
运动与休闲,自行车运动用品,辐条扳手,75469797,96216,12%,14%,18%
运动与休闲,自行车运动用品,撬胎棒,75469797,96223,12%,14%,18%
运动与休闲,自行车运动用品,多功能折叠工具,75469797,96224,12%,14%,18%
运动与休闲,自行车运动用品,自行车扭矩扳手,75469797,970663028,12%,14%,18%
运动与休闲,自行车运动用品,自行车工具,75469797,970739000,12%,14%,18%
运动与休闲,自行车运动用品,自行车训练器,76889324,970664758,12%,14%,18%
运动与休闲,自行车运动用品,自行车骑行台,76889324,970672766,12%,14%,18%
运动与休闲,自行车,电动自行车,17033559,94333,12%,14%,18%
运动与休闲,自行车,电动自行车电池 ,17033559,970579920,12%,14%,18%
运动与休闲,自行车,自行车,39488214,98396,12%,14%,18%
运动与休闲,自行车,脚踏卡丁车,43429456,94328,12%,14%,18%
运动与休闲,旅游餐具,瓶,17029563,94438,12%,14%,18%
运动与休闲,旅游餐具,运动水壶,17029568,94435,12%,14%,18%
运动与休闲,旅游餐具,运动摇杯,17029568,94443,12%,14%,18%
运动与休闲,旅游餐具,运动水壶盖,17029568,970863785,12%,14%,18%
运动与休闲,旅游餐具,带挂扣水瓶支架,17029568,970892987,12%,14%,18%
运动与休闲,旅游餐具,可折叠瓶子,17029568,971047160,12%,14%,18%
运动与休闲,旅游餐具,摇摇球,17029568,971083626,12%,14%,18%
运动与休闲,旅游餐具,水罐,17030592,94424,12%,14%,18%
运动与休闲,旅游餐具,直饮水龙头,17030592,971005040,12%,14%,18%
运动与休闲,旅游餐具,野营叉勺,17033571,94428,12%,14%,18%
运动与休闲,旅游餐具,登山叉,17033571,971420579,12%,14%,18%
运动与休闲,旅游餐具,户外折叠勺?,17033571,99450,12%,14%,18%
运动与休闲,旅游餐具,露营大汤勺,17033571,99451,12%,14%,18%
运动与休闲,旅游餐具,饮水系统,17033572,94433,12%,14%,18%
运动与休闲,旅游餐具,饮水系统附件,17033572,970677581,12%,14%,18%
运动与休闲,旅游餐具,篝火架,43433474,94426,12%,14%,18%
运动与休闲,旅游餐具,军用饭盒,43433474,94427,12%,14%,18%
运动与休闲,旅游餐具,野营碗,43433474,94429,12%,14%,18%
运动与休闲,旅游餐具,野营用具套装,43433474,94431,12%,14%,18%
运动与休闲,旅游餐具,野营餐具与餐刀叉,43433474,94434,12%,14%,18%
运动与休闲,旅游餐具,野营玻璃杯,43433474,94436,12%,14%,18%
运动与休闲,旅游餐具,野营盘子,43433474,94437,12%,14%,18%
运动与休闲,旅游餐具,野营水壶,43433474,94441,12%,14%,18%
运动与休闲,旅游餐具,登山杯,43433474,94442,12%,14%,18%
运动与休闲,旅游餐具,野营餐具套装,43433474,971302805,12%,14%,18%
运动与休闲,球拍,网球拍减震器,17029572,93577,12%,14%,18%
运动与休闲,球拍,羽毛球运动套装,17033577,93580,12%,14%,18%
运动与休闲,球拍,快速羽毛球套装,17033577,970850476,12%,14%,18%
运动与休闲,球拍,乒乓球套装,17033579,93582,12%,14%,18%
运动与休闲,球拍,电磁线圈,17033580,93583,12%,14%,18%
运动与休闲,球拍,羽毛球拍,17033582,93584,12%,14%,18%
运动与休闲,球拍,乒乓球拍,17033583,93585,12%,14%,18%
运动与休闲,球拍,球拍垫,17033583,970870245,12%,14%,18%
运动与休闲,球拍,乒乓球球底拍,17033583,970887341,12%,14%,18%
运动与休闲,球拍,网球套装,17033584,892800733,12%,14%,18%
运动与休闲,球拍,大网球拍,17033584,93586,12%,14%,18%
运动与休闲,球拍,壁球拍,17033584,970658589,12%,14%,18%
运动与休闲,球拍,网球拍,17033584,971060888,12%,14%,18%
运动与休闲,球拍,拍线,17033585,96935,12%,14%,18%
运动与休闲,球拍,羽毛球网,78232527,94146,12%,14%,18%
运动与休闲,球拍,球拍胶皮增粘剂,78232527,971301228,12%,14%,18%
运动与休闲,球拍,球拍垫胶,78232527,971301229,12%,14%,18%
运动与休闲,球拍,速球球拍,81730209,970707292,12%,14%,18%
运动与休闲,球拍,沙滩网球拍,81730209,970852110,12%,14%,18%
运动与休闲,球拍,罗利球球拍,81730209,971124801,12%,14%,18%
运动与休闲,球拍,匹克球拍,81730209,971441996,12%,14%,18%
运动与休闲,雪橇、雪橇、滑雪气垫圈,雪橇车,17029575,93603,12%,14%,18%
运动与休闲,雪橇、雪橇、滑雪气垫圈,滑雪气垫圈,17029578,93606,12%,14%,18%
运动与休闲,雪橇、雪橇、滑雪气垫圈,雪碟,17033586,93599,12%,14%,18%
运动与休闲,雪橇、雪橇、滑雪气垫圈,雪橇,17033587,93600,12%,14%,18%
运动与休闲,雪橇、雪橇、滑雪气垫圈,雪地摩托,17033587,93604,12%,14%,18%
运动与休闲,雪橇、雪橇、滑雪气垫圈,雪地滑板车,17033587,93605,12%,14%,18%
运动与休闲,雪橇、雪橇、滑雪气垫圈,电动雪地滑板车,200001070,971431582,12%,14%,18%
运动与休闲,雪橇、雪橇、滑雪气垫圈,雪圈内胎,43443421,970678767,12%,14%,18%
运动与休闲,雪橇、雪橇、滑雪气垫圈,雪橇背带,43443421,971441760,12%,14%,18%
运动与休闲,雪橇、雪橇、滑雪气垫圈,雪橇配件,43443421,98159,12%,14%,18%
运动与休闲,滑板和滑板车,弹跳玩具,17029581,93616,12%,14%,18%
运动与休闲,滑板和滑板车,跳跳杆,17029581,93619,12%,14%,18%
运动与休闲,滑板和滑板车,滑板车,17033589,93623,12%,14%,18%
运动与休闲,滑板和滑板车,"雪地滑板车
",17033589,971117470,12%,14%,18%
运动与休闲,滑板和滑板车,长板,17033590,93617,12%,14%,18%
运动与休闲,滑板和滑板车,巡航系统,17033590,93618,12%,14%,18%
运动与休闲,滑板和滑板车,活力板,17033590,93620,12%,14%,18%
运动与休闲,滑板和滑板车,滑板,17033590,93624,12%,14%,18%
运动与休闲,滑板和滑板车,小鱼板,17033590,970777597,12%,14%,18%
运动与休闲,滑板和滑板车,干舷,17033590,971042558,12%,14%,18%
运动与休闲,滑板和滑板车,电动滑板车,17033592,96958,12%,14%,18%
运动与休闲,滑板和滑板车,电动扭扭车,17033592,970725262,12%,14%,18%
运动与休闲,滑板和滑板车,电动滑板,17033593,92978,12%,14%,18%
运动与休闲,滑板和滑板车,滑板车专用停车架,200000877,970955992,12%,14%,18%
运动与休闲,滑板和滑板车,电动滑板车辅助轮支架,200000877,971196231,12%,14%,18%
运动与休闲,滑板和滑板车,滑板车手机座,200000877,971298965,12%,14%,18%
运动与休闲,滑板和滑板车,电动滑板车拖车,200000877,971313787,12%,14%,18%
运动与休闲,滑板和滑板车,滑板车车轮上的手柄,200000877,971438556,12%,14%,18%
运动与休闲,滑板和滑板车,滑板车方车把垫,200000877,971446324,12%,14%,18%
运动与休闲,滑板和滑板车,电动车油门手柄,200000877,971866594,12%,14%,18%
运动与休闲,钓鱼配件和附配件,底部铲球,17029589,94388,12%,14%,18%
运动与休闲,钓鱼配件和附配件,钓食肉鱼的钓钩,17029590,94389,12%,14%,18%
运动与休闲,钓鱼配件和附配件,线圈,17029593,94392,12%,14%,18%
运动与休闲,钓鱼配件和附配件,钓鱼陷阱,17029595,94394,12%,14%,18%
运动与休闲,钓鱼配件和附配件,鱼钩,17029596,94395,12%,14%,18%
运动与休闲,钓鱼配件和附配件,铅头钩,17029596,96941,12%,14%,18%
运动与休闲,钓鱼配件和附配件,转环,17029596,97786,12%,14%,18%
运动与休闲,钓鱼配件和附配件,冰钻,17029598,94397,12%,14%,18%
运动与休闲,钓鱼配件和附配件,鱼线,17029599,97773,12%,14%,18%
运动与休闲,钓鱼配件和附配件,拟饵,17029600,94399,12%,14%,18%
运动与休闲,钓鱼配件和附配件,钓鱼用编织线,17029604,94403,12%,14%,18%
运动与休闲,钓鱼配件和附配件,绞竿,17029605,94417,12%,14%,18%
运动与休闲,钓鱼配件和附配件,钓竿 ,17029605,94419,12%,14%,18%
运动与休闲,钓鱼配件和附配件,假饵,17033599,94383,12%,14%,18%
运动与休闲,钓鱼配件和附配件,鱼型鱼钩,17033600,94384,12%,14%,18%
运动与休闲,钓鱼配件和附配件,路亚饵,17033602,94386,12%,14%,18%
运动与休闲,钓鱼配件和附配件,路亚鱼饵,17033602,94409,12%,14%,18%
运动与休闲,钓鱼配件和附配件,捞鱼网,17033604,94405,12%,14%,18%
运动与休闲,钓鱼配件和附配件,浮子,17033607,94408,12%,14%,18%
运动与休闲,钓鱼配件和附配件,钓鱼软诱饵,17033609,94410,12%,14%,18%
运动与休闲,钓鱼配件和附配件,钓鱼有机诱饵,17033609,972197588,12%,14%,18%
运动与休闲,钓鱼配件和附配件,钓鱼鱼护网,17033613,94414,12%,14%,18%
运动与休闲,钓鱼配件和附配件,冰钻零件,200000948,29799404,12%,14%,18%
运动与休闲,钓鱼配件和附配件,诱饵船,43443426,970853103,12%,14%,18%
运动与休闲,钓鱼配件和附配件,"钓鱼配件、装备
",43443429,94381,12%,14%,18%
运动与休闲,钓鱼配件和附配件,铅锤,43443429,94387,12%,14%,18%
运动与休闲,钓鱼配件和附配件,钓鱼喂食器,43443429,94393,12%,14%,18%
运动与休闲,钓鱼配件和附配件,钓鱼前导线,43443429,94404,12%,14%,18%
运动与休闲,钓鱼配件和附配件,咬钩提醒,43443429,94416,12%,14%,18%
运动与休闲,乒乓球案,乒乓球台,17029645,95714,12%,14%,18%
运动与休闲,健身器材/训练器,跑步机,17029647,94241,12%,14%,18%
运动与休闲,健身器材/训练器,手腕训练器,17029649,94255,12%,14%,18%
运动与休闲,健身器材/训练器,体操长凳,17029658,94247,12%,14%,18%
运动与休闲,健身器材/训练器,俯卧挺身,17029658,94248,12%,14%,18%
运动与休闲,健身器材/训练器,杠铃架支架,17029658,94260,12%,14%,18%
运动与休闲,健身器材/训练器,哑铃凳,17029658,94264,12%,14%,18%
运动与休闲,健身器材/训练器,多功能哑铃凳的凳折叠凳,17029658,970952419,12%,14%,18%
运动与休闲,健身器材/训练器,承力支板,17029660,971073595,12%,14%,18%
运动与休闲,健身器材/训练器,运动治疗康复模拟器,17029660,971076501,12%,14%,18%
运动与休闲,健身器材/训练器,内置重量训练器,17029660,971103787,12%,14%,18%
运动与休闲,健身器材/训练器,自由重量训练器,17029660,971103789,12%,14%,18%
运动与休闲,健身器材/训练器,多功能力量训练架?,17029660,971103791,12%,14%,18%
运动与休闲,健身器材/训练器,多用途健身器械组合,17029660,971103792,12%,14%,18%
运动与休闲,健身器材/训练器,交叉训练机,17029660,971103794,12%,14%,18%
运动与休闲,健身器材/训练器,掰腕子桌,17029660,971109715,12%,14%,18%
运动与休闲,健身器材/训练器,拉伸训练器,17029660,971115472,12%,14%,18%
运动与休闲,健身器材/训练器,训练站,17029660,971154561,12%,14%,18%
运动与休闲,健身器材/训练器,十字拉力训练器,17029660,971217784,12%,14%,18%
运动与休闲,健身器材/训练器,踩踏机,17029662,115945775,12%,14%,18%
运动与休闲,健身器材/训练器,健身车,17031836,94243,12%,14%,18%
运动与休闲,健身器材/训练器,动感单车,17031836,94244,12%,14%,18%
运动与休闲,健身器材/训练器,迷你健身单车,17031836,971289258,12%,14%,18%
运动与休闲,健身器材/训练器,有氧自行车,17031836,971322258,12%,14%,18%
运动与休闲,健身器材/训练器,划船训练器,17031843,94250,12%,14%,18%
运动与休闲,健身器材/训练器,运动器材架,17031848,94269,12%,14%,18%
运动与休闲,健身器材/训练器,墙式支架，复合式,17031848,94270,12%,14%,18%
运动与休闲,健身器材/训练器,核心平衡板,17031850,93630,12%,14%,18%
运动与休闲,健身器材/训练器,俯卧撑支架,17031850,95931,12%,14%,18%
运动与休闲,健身器材/训练器,颈部训练器,17031850,970865533,12%,14%,18%
运动与休闲,健身器材/训练器,单杠,17031851,115945779,12%,14%,18%
运动与休闲,健身器材/训练器,双杠,17031851,94242,12%,14%,18%
运动与休闲,健身器材/训练器,水平条形挂钩 ,17031851,971110215,12%,14%,18%
运动与休闲,健身器材/训练器,踏步机,17031854,94275,12%,14%,18%
运动与休闲,健身器材/训练器,振动训练器,17033004,91818,12%,14%,18%
运动与休闲,健身器材/训练器,八边框硬拉器,200000525,971103801,12%,14%,18%
运动与休闲,健身器材/训练器,柔性牵引绳,200000525,971103805,12%,14%,18%
运动与休闲,健身器材/训练器,牵引模块,200000525,971103807,12%,14%,18%
运动与休闲,健身器材/训练器,训练器电缆,200000525,971114694,12%,14%,18%
运动与休闲,健身器材/训练器,健身器材套管,200000525,971138918,12%,14%,18%
运动与休闲,健身器材/训练器,教练皮带轮,200000525,971291623,12%,14%,18%
运动与休闲,健身器材/训练器,健身器材紧固件,200000525,971301594,12%,14%,18%
运动与休闲,健身器材/训练器,倒立机,200000912,94253,12%,14%,18%
运动与休闲,健身器材/训练器,“劳工和国防准备”场地,200000934,971310085,12%,14%,18%
运动与休闲,健身器材/训练器,户外运动场,200000934,971310086,12%,14%,18%
运动与休闲,健身器材/训练器,跑酷公园,200000934,971310087,12%,14%,18%
运动与休闲,健身器材/训练器,滑板公园,200000934,971310088,12%,14%,18%
运动与休闲,健身器材/训练器,手动高压打气筒,200000934,971310089,12%,14%,18%
运动与休闲,健身器材/训练器,户外运动器材,200000934,971907004,12%,14%,18%
运动与休闲,健身器材/训练器,体操横杆,200000939,971278229,12%,14%,18%
运动与休闲,健身器材/训练器,体操用环,200000940,97154,12%,14%,18%
运动与休闲,健身器材/训练器,鞍马,200000942,970949105,12%,14%,18%
运动与休闲,健身器材/训练器,体操山羊,200000946,970888909,12%,14%,18%
运动与休闲,健身器材/训练器,体操平衡木,200000946,970948318,12%,14%,18%
运动与休闲,健身器材/训练器,健康扭腰盘?,43429482,94251,12%,14%,18%
运动与休闲,健身器材/训练器,迷你训练器,43432944,93633,12%,14%,18%
运动与休闲,健身器材/训练器,互动运动模拟器,43432944,970856537,12%,14%,18%
运动与休闲,健身器材/训练器,背部训练器,43432944,970892898,12%,14%,18%
运动与休闲,健身器材/训练器,反应训练器,43432944,99529,12%,14%,18%
运动与休闲,健身器材/训练器,体操蹦床,43434872,971278444,12%,14%,18%
运动与休闲,健身器材/训练器,健身器材配件,84049370,970617425,12%,14%,18%
运动与休闲,健身器材/训练器,模拟器润滑剂,84049370,970728927,12%,14%,18%
运动与休闲,健身器材/训练器,跑步机传送带,84049370,970736862,12%,14%,18%
运动与休闲,健身器材/训练器,跳箱,86840497,970800934,12%,14%,18%
运动与休闲,举重配件和器材,哑铃杆,17029664,115947381,12%,14%,18%
运动与休闲,举重配件和器材,杠铃杠,17029664,115947382,12%,14%,18%
运动与休闲,举重配件和器材,指板锁紧螺母,17029664,971058028,12%,14%,18%
运动与休闲,举重配件和器材,杠铃片,17029665,115947383,12%,14%,18%
运动与休闲,举重配件和器材,哑铃,17031856,115947377,12%,14%,18%
运动与休闲,举重配件和器材,壶铃,17031858,115947379,12%,14%,18%
运动与休闲,举重配件和器材,镁粉,30671458,96945,12%,14%,18%
运动与休闲,举重配件和器材,杆,44836165,115947384,12%,14%,18%
运动与休闲,举重配件和器材,杠铃钩,77342580,970584634,12%,14%,18%
运动与休闲,举重配件和器材,杠铃握把,77342580,970673996,12%,14%,18%
运动与休闲,举重配件和器材,杠铃护肩垫,77342580,970727204,12%,14%,18%
运动与休闲,举重配件和器材,动力袖带,77342580,970954769,12%,14%,18%
运动与休闲,举重配件和器材,举重配件,77342580,971111111,12%,14%,18%
运动与休闲,举重配件和器材,肱二头肌板,77342580,971111349,12%,14%,18%
运动与休闲,举重配件和器材,助力带,77342580,98090,12%,14%,18%
运动与休闲,智能运动手表和心电监护仪,自行车电脑,17029667,115947475,12%,14%,18%
运动与休闲,智能运动手表和心电监护仪,自行车电脑套件,17029667,95973,12%,14%,18%
运动与休闲,智能运动手表和心电监护仪,健身手链,17029672,95976,12%,14%,18%
运动与休闲,智能运动手表和心电监护仪,计步器,17029673,91866,12%,14%,18%
运动与休闲,智能运动手表和心电监护仪,秒表,17038222,91763,12%,14%,18%
运动与休闲,智能运动手表和心电监护仪,运动计时器,17038222,91764,12%,14%,18%
运动与休闲,智能运动手表和心电监护仪,心脏监护仪,89352484,95972,12%,14%,18%
运动与休闲,智能运动手表和心电监护仪,踏频传感器,89352484,970829684,12%,14%,18%
运动与休闲,智能运动手表和心电监护仪,身体成分追踪器,89352484,971016147,12%,14%,18%
运动与休闲,智能运动手表和心电监护仪,心脏监护仪皮带,89352484,971296062,12%,14%,18%
运动与休闲,智能运动手表和心电监护仪,运动传感器,89352484,97943,12%,14%,18%
运动与休闲,健身与瑜伽,健身球,17031866,95921,12%,14%,18%
运动与休闲,健身与瑜伽,瑜伽、普拉提套装,17031867,95923,12%,14%,18%
运动与休闲,健身与瑜伽,足底按摩针板,17031867,970804379,12%,14%,18%
运动与休闲,健身与瑜伽,冥想用眼枕,17031867,971025807,12%,14%,18%
运动与休闲,健身与瑜伽,瑜伽椅,17031867,971114220,12%,14%,18%
运动与休闲,健身与瑜伽,普拉提塑身模拟器,17031867,971290276,12%,14%,18%
运动与休闲,健身与瑜伽,健身套装,17031869,95924,12%,14%,18%
运动与休闲,健身与瑜伽,体操圈,17031870,95925,12%,14%,18%
运动与休闲,健身与瑜伽,按摩呼啦圈,17031870,970664629,12%,14%,18%
运动与休闲,健身与瑜伽,呼啦圈箍带,17031870,970679867,12%,14%,18%
运动与休闲,健身与瑜伽,加重物,17039306,95932,12%,14%,18%
运动与休闲,健身与瑜伽,负重腰带,17039306,970599171,12%,14%,18%
运动与休闲,健身与瑜伽,负重背心,17039306,970685055,12%,14%,18%
运动与休闲,健身与瑜伽,灌沙运动器械,17039306,970781496,12%,14%,18%
运动与休闲,健身与瑜伽,手力器,17039307,115947437,12%,14%,18%
运动与休闲,健身与瑜伽,多功能弹力绳,17039307,970880122,12%,14%,18%
运动与休闲,健身与瑜伽,健身阻力带握把,17039307,971046368,12%,14%,18%
运动与休闲,健身与瑜伽,平衡训练器,75163530,970725247,12%,14%,18%
运动与休闲,健身与瑜伽,平衡垫,75163530,970725249,12%,14%,18%
运动与休闲,健身与瑜伽,瑜伽吊床,81730734,15691502,12%,14%,18%
运动与休闲,健身与瑜伽,瑜伽砖,81730734,95916,12%,14%,18%
运动与休闲,健身与瑜伽,普拉提圈,81730734,95919,12%,14%,18%
运动与休闲,健身与瑜伽,冥想长凳,81730734,970662302,12%,14%,18%
运动与休闲,健身与瑜伽,圆枕,81730734,970664630,12%,14%,18%
运动与休闲,健身与瑜伽,瑜伽配件,81730734,970707299,12%,14%,18%
运动与休闲,健身与瑜伽,肌筋膜释放按摩器 ,81730734,970807930,12%,14%,18%
运动与休闲,健身与瑜伽,瑜伽道具,81730734,98063,12%,14%,18%
运动与休闲,健身与瑜伽,瑜伽枕,81730734,98065,12%,14%,18%
运动与休闲,健身与瑜伽,瑜伽带,81730734,98066,12%,14%,18%
运动与休闲,健身与瑜伽,训练绳索,86563363,95930,12%,14%,18%
运动与休闲,健身与瑜伽,阶梯踏板,89295108,115947433,12%,14%,18%
运动与休闲,健身与瑜伽,运动毛巾,89295108,38737067,12%,14%,18%
运动与休闲,健身与瑜伽,空调轨道,89295108,859554895,12%,14%,18%
运动与休闲,健身与瑜伽,健身棒,89295108,95917,12%,14%,18%
运动与休闲,健身与瑜伽,瑜伽、健身垫,89295108,95918,12%,14%,18%
运动与休闲,健身与瑜伽,腹肌训练滚轮,89295108,95926,12%,14%,18%
运动与休闲,健身与瑜伽,跳绳,89295108,95928,12%,14%,18%
运动与休闲,健身与瑜伽,滑行健身盘,89295108,970589820,12%,14%,18%
运动与休闲,健身与瑜伽,普拉提滚轮,89295108,970664628,12%,14%,18%
运动与休闲,健身与瑜伽,瑜伽带肩带,89295108,970664927,12%,14%,18%
运动与休闲,健身与瑜伽,运动按摩器,89295108,970672227,12%,14%,18%
运动与休闲,健身与瑜伽,健身半球,89295108,970684767,12%,14%,18%
运动与休闲,健身与瑜伽,健身拉力带,89295108,970700415,12%,14%,18%
运动与休闲,健身与瑜伽,跳绳用绳,89295108,970725295,12%,14%,18%
运动与休闲,健身与瑜伽,反作用力训练带,89295108,971045336,12%,14%,18%
运动与休闲,健身与瑜伽,滑行板,89295108,971045889,12%,14%,18%
运动与休闲,健身与瑜伽,健身绳拉力绳,89295108,971126773,12%,14%,18%
运动与休闲,健身与瑜伽,健身球塞头,89295108,971364346,12%,14%,18%
运动与休闲,健身与瑜伽,脂肪分析仪,89295108,98041,12%,14%,18%
运动与休闲,健身与瑜伽,健身吊环?,89352539,970727018,12%,14%,18%
运动与休闲,手电筒及配件,潜水危险报警闪光灯,17031876,970974447,12%,14%,18%
运动与休闲,手电筒及配件,前照灯,17033973,115946627,12%,14%,18%
运动与休闲,手电筒及配件,手电筒,17033973,115946631,12%,14%,18%
运动与休闲,手电筒及配件,战术手电筒,17033973,115946633,12%,14%,18%
运动与休闲,手电筒及配件,自行车灯,17033973,91633,12%,14%,18%
运动与休闲,手电筒及配件,野营灯,17033973,95120,12%,14%,18%
运动与休闲,手电筒及配件,信号灯,17033973,95128,12%,14%,18%
运动与休闲,手电筒及配件,自行车转向信号灯,17033973,971305387,12%,14%,18%
运动与休闲,手电筒及配件,手电筒电池充电器,43443442,115949783,12%,14%,18%
运动与休闲,手电筒及配件,荧光棒,43443442,94294,12%,14%,18%
运动与休闲,手电筒及配件,灯笼紧固件,43443442,95121,12%,14%,18%
运动与休闲,手电筒及配件,手电筒配件,43443442,970988964,12%,14%,18%
运动与休闲,手电筒及配件,远程按钮,43443442,98033,12%,14%,18%
运动与休闲,装备与护具,潜水服,17031885,94167,12%,14%,18%
运动与休闲,装备与护具,潜水服装维修套件,17031885,971301613,12%,14%,18%
运动与休闲,装备与护具,举重腰带,17031917,94220,12%,14%,18%
运动与休闲,装备与护具,运动护齿,17039322,94159,12%,14%,18%
运动与休闲,装备与护具,拳击手套,17039323,94160,12%,14%,18%
运动与休闲,装备与护具,武术手套,17039323,94211,12%,14%,18%
运动与休闲,装备与护具,拳击绷带,17039324,94161,12%,14%,18%
运动与休闲,装备与护具,守门员手套,17039329,94166,12%,14%,18%
运动与休闲,装备与护具,护腕,17039346,93154,12%,14%,18%
运动与休闲,装备与护具,救生衣,17039360,94224,12%,14%,18%
运动与休闲,装备与护具,安全背心,17039360,970739447,12%,14%,18%
运动与休闲,装备与护具,救生衣充电传感器,17039360,970875772,12%,14%,18%
运动与休闲,装备与护具,救生衣充气重装套件,17039360,971422136,12%,14%,18%
运动与休闲,装备与护具,游泳呼吸管,17039362,94226,12%,14%,18%
运动与休闲,装备与护具,脚,17039363,94227,12%,14%,18%
运动与休闲,装备与护具,格斗拳套,17039363,970726848,12%,14%,18%
运动与休闲,装备与护具,裁判用品,17039363,971458818,12%,14%,18%
运动与休闲,装备与护具,泳帽,17039366,94229,12%,14%,18%
运动与休闲,装备与护具,护踝,17040008,94170,12%,14%,18%
运动与休闲,装备与护具,腕部保护,17040008,94172,12%,14%,18%
运动与休闲,装备与护具,膝盖保护,17040008,94173,12%,14%,18%
运动与休闲,装备与护具,肘部护具,17040008,94175,12%,14%,18%
运动与休闲,装备与护具,躯干护具,17040008,94180,12%,14%,18%
运动与休闲,装备与护具,运动防护套件,17040008,94183,12%,14%,18%
运动与休闲,装备与护具,脚掌保护,17040008,970670229,12%,14%,18%
运动与休闲,装备与护具,滑雪和滑雪板背部保护,17040008,971216349,12%,14%,18%
运动与休闲,装备与护具,登山头盔,30671401,97972,12%,14%,18%
运动与休闲,装备与护具,攀爬安全带,30671401,98748,12%,14%,18%
运动与休闲,装备与护具,曲棍球头盔帽,43429940,971284923,12%,14%,18%
运动与休闲,装备与护具,冰球护手,43429940,97994,12%,14%,18%
运动与休闲,装备与护具,曲棍球面罩,43429940,98178,12%,14%,18%
运动与休闲,装备与护具,肌肉贴,43429944,94225,12%,14%,18%
运动与休闲,装备与护具,胶带胶,43429944,970990060,12%,14%,18%
运动与休闲,装备与护具,胶带衬里,43429944,971046086,12%,14%,18%
运动与休闲,装备与护具,肌内效贴布,43429944,971047760,12%,14%,18%
运动与休闲,装备与护具,胶带去除剂,43429944,971134226,12%,14%,18%
运动与休闲,装备与护具,瘦身贴片,43429944,971325102,12%,14%,18%
运动与休闲,装备与护具,运动医用绷带,43429944,98011,12%,14%,18%
运动与休闲,装备与护具,护裆装备,43430254,971216350,12%,14%,18%
运动与休闲,装备与护具,运动眼镜,43433860,97306,12%,14%,18%
运动与休闲,装备与护具,反光背心,43434880,94222,12%,14%,18%
运动与休闲,装备与护具,保护头盔,43435727,94231,12%,14%,18%
运动与休闲,装备与护具,头盔耳垫,43435727,971032753,12%,14%,18%
运动与休闲,装备与护具,头盔护目镜,43435727,971390169,12%,14%,18%
运动与休闲,装备与护具,头盔,43435727,98008,12%,14%,18%
运动与休闲,装备与护具,训练面罩,75976409,625230538,12%,14%,18%
运动与休闲,装备与护具,运动头带,75976409,94218,12%,14%,18%
运动与休闲,装备与护具,防护面罩,75976409,970730468,12%,14%,18%
运动与休闲,装备与护具,针织腰带,76804808,98442,12%,14%,18%
运动与休闲,装备与护具,运动手套,77339325,94216,12%,14%,18%
运动与休闲,装备与护具,压缩绷带,77713761,94184,12%,14%,18%
运动与休闲,装备与护具,压缩袖套,77713761,970677199,12%,14%,18%
运动与休闲,装备与护具,手掌垫,77993808,970680398,12%,14%,18%
运动与休闲,装备与护具,花样滑冰帽,81196300,970702270,12%,14%,18%
运动与休闲,装备与护具,冰刀旋转器?,81196300,970958611,12%,14%,18%
运动与休闲,装备与护具,冰鞋胶带,81196300,970971276,12%,14%,18%
运动与休闲,装备与护具,气枪头盔,81650205,970703535,12%,14%,18%
运动与休闲,装备与护具,战术风镜,81650205,970703536,12%,14%,18%
运动与休闲,装备与护具,气枪头盔支架,81650205,971280906,12%,14%,18%
运动与休闲,装备与护具,钉鞋的钉,82675020,970702195,12%,14%,18%
运动与休闲,装备与护具,重力靴,83312966,970583659,12%,14%,18%
运动与休闲,装备与护具,滑水马甲,85964429,970780462,12%,14%,18%
运动与休闲,装备与护具,跑步胸包,86985294,970803524,12%,14%,18%
运动与休闲,装备与护具,旱地冰球装备,88751648,970849605,12%,14%,18%
运动与休闲,装备与护具,滑冰刀刀片,93318706,970963757,12%,14%,18%
运动与休闲,双筒望远镜和望远镜,单筒望远镜,17034675,91498,12%,14%,18%
运动与休闲,双筒望远镜和望远镜,望远镜,17034675,94824,12%,14%,18%
运动与休闲,双筒望远镜和望远镜,单筒望远镜,17034675,94826,12%,14%,18%
运动与休闲,双筒望远镜和望远镜,侦察望远镜,17034675,971101480,12%,14%,18%
运动与休闲,双筒望远镜和望远镜,潜望镜,17034675,971395306,12%,14%,18%
运动与休闲,双筒望远镜和望远镜,双筒望远镜、单筒望远镜配件及备件,17034675,971969485,12%,14%,18%
运动与休闲,双筒望远镜和望远镜,用于安装双筒望远镜的适配器,17034675,98031,12%,14%,18%
运动与休闲,燃烧器、旅行灯和户外野营炉具,油灯,17033742,96990,12%,14%,18%
运动与休闲,燃烧器、旅行灯和户外野营炉具,旅游燃烧器,17040048,970670274,12%,14%,18%
运动与休闲,燃烧器、旅行灯和户外野营炉具,烹饪系统,17040048,971474319,12%,14%,18%
运动与休闲,燃烧器、旅行灯和户外野营炉具,野营燃气灶,17040048,98038,12%,14%,18%
运动与休闲,燃烧器、旅行灯和户外野营炉具,露营灯,43430766,93531,12%,14%,18%
运动与休闲,燃烧器、旅行灯和户外野营炉具,灯芯,43430766,971419621,12%,14%,18%
运动与休闲,燃烧器、旅行灯和户外野营炉具,户外旅行取暖器,43433819,93539,12%,14%,18%
运动与休闲,燃烧器、旅行灯和户外野营炉具,野营炉,43433819,94351,12%,14%,18%
运动与休闲,燃烧器、旅行灯和户外野营炉具,户外旅行热交换器,43433819,970807900,12%,14%,18%
运动与休闲,燃烧器、旅行灯和户外野营炉具,燃烧器附件,43443688,93542,12%,14%,18%
运动与休闲,燃烧器、旅行灯和户外野营炉具,气体液位指示器,43443688,970976276,12%,14%,18%
运动与休闲,燃烧器、旅行灯和户外野营炉具,气缸盖,43443688,971092454,12%,14%,18%
运动与休闲,燃烧器、旅行灯和户外野营炉具,灯罩、燃烧器罩,43443688,971434988,12%,14%,18%
运动与休闲,燃烧器、旅行灯和户外野营炉具,燃气灶具专用加气接头,43443688,98035,12%,14%,18%
运动与休闲,燃烧器、旅行灯和户外野营炉具,煤气灯网,43443688,98036,12%,14%,18%
运动与休闲,燃烧器、旅行灯和户外野营炉具,煤气灯延长线,43443688,98037,12%,14%,18%
运动与休闲,燃烧器、旅行灯和户外野营炉具,点火针,43443688,98147,12%,14%,18%
运动与休闲,拳击沙袋,拳击手靶,17037195,94336,12%,14%,18%
运动与休闲,拳击沙袋,双面手靶,17037195,970601428,12%,14%,18%
运动与休闲,拳击沙袋,巻藁,17037195,970666976,12%,14%,18%
运动与休闲,拳击沙袋,拳击套装,17037195,970695846,12%,14%,18%
运动与休闲,拳击沙袋,拳击沙袋,17040049,94335,12%,14%,18%
运动与休闲,拳击沙袋,摔跤假人,17040049,94337,12%,14%,18%
运动与休闲,拳击沙袋,拳击沙袋,17040049,94338,12%,14%,18%
运动与休闲,打火机、火镰以及暖手袋,露营取暖器,43429799,90119559,12%,14%,18%
运动与休闲,打火机、火镰以及暖手袋,用于催化加热垫的可更换元件,43429799,90119564,12%,14%,18%
运动与休闲,打火机、火镰以及暖手袋,打火机配件,43433193,96896,12%,14%,18%
运动与休闲,旱冰鞋，滑板车，滑板更换零件,滑板配件及备件,43434494,972943130,12%,14%,18%
运动与休闲,旱冰鞋，滑板车，滑板更换零件,轮滑鞋配件及备件,43434494,972943132,12%,14%,18%
运动与休闲,运动器材,棒球套装,17033578,93581,12%,14%,18%
运动与休闲,运动器材,回飞棒,17033756,92986,12%,14%,18%
运动与休闲,运动器材,飞盘,17033756,98085,12%,14%,18%
运动与休闲,运动器材,墙上运动器材,17033787,94274,12%,14%,18%
运动与休闲,运动器材,瑞典墙的运动元素,17033787,94852,12%,14%,18%
运动与休闲,运动器材,飞镖套装,17036357,94138,12%,14%,18%
运动与休闲,运动器材,游泳套装,17036360,95328,12%,14%,18%
运动与休闲,运动器材,充气碰碰球,200000020,971045946,12%,14%,18%
运动与休闲,运动器材,OCR设备,200000027,971047080,12%,14%,18%
运动与休闲,运动器材,电子评审,200000894,971300743,12%,14%,18%
运动与休闲,运动器材,手球密封胶,200000910,971301218,12%,14%,18%
运动与休闲,运动器材,乒乓球模拟器,200000921,971303777,12%,14%,18%
运动与休闲,运动器材,花式沙包,43433194,970665327,12%,14%,18%
运动与休闲,运动器材,打碟游戏套装,43433194,970688795,12%,14%,18%
运动与休闲,运动器材,迷你盘游戏套装,43433194,970982549,12%,14%,18%
运动与休闲,运动器材,伸缩杆,43433194,971004342,12%,14%,18%
运动与休闲,运动器材,槌球套装,43433194,971035336,12%,14%,18%
运动与休闲,运动器材,沙包游戏套装,43433194,971279952,12%,14%,18%
运动与休闲,运动器材,奖项领奖台,43433194,971287971,12%,14%,18%
运动与休闲,运动器材,防护隔离网?,43433194,971299823,12%,14%,18%
运动与休闲,运动器材,水中有氧配件,43433197,221593755,12%,14%,18%
运动与休闲,运动器材,游泳浮标,43433197,238989884,12%,14%,18%
运动与休闲,运动器材,游泳臂圈,43433197,238989890,12%,14%,18%
运动与休闲,运动器材,游泳配件,43433197,238989892,12%,14%,18%
运动与休闲,运动器材,游泳浮板,43433197,94127,12%,14%,18%
运动与休闲,运动器材,游泳马甲,43433197,94129,12%,14%,18%
运动与休闲,运动器材,游泳浮板,43433197,94131,12%,14%,18%
运动与休闲,运动器材,游泳耳塞,43433197,94157,12%,14%,18%
运动与休闲,运动器材,鼻夹,43433197,94168,12%,14%,18%
运动与休闲,运动器材,游泳手蹼,43433197,94191,12%,14%,18%
运动与休闲,运动器材,游泳训练器,43433197,970701477,12%,14%,18%
运动与休闲,运动器材,浮力棒,43433197,970834486,12%,14%,18%
运动与休闲,运动器材,飞镖,43436007,94128,12%,14%,18%
运动与休闲,运动器材,飞镖羽毛,43436007,94141,12%,14%,18%
运动与休闲,运动器材,飞镖柄,43436007,94154,12%,14%,18%
运动与休闲,运动器材,飞镖靶专用保护圈,43436007,971092412,12%,14%,18%
运动与休闲,运动器材,体操棒,43443691,94126,12%,14%,18%
运动与休闲,运动器材,拉伸垫,43443691,970697812,12%,14%,18%
运动与休闲,运动器材,脚掌训练器,43443691,970888899,12%,14%,18%
运动与休闲,运动器材,艺术体操丝带棒,43443691,970989382,12%,14%,18%
运动与休闲,运动器材,拉力带,43443691,971052246,12%,14%,18%
运动与休闲,运动器材,旋转板,43443691,971438937,12%,14%,18%
运动与休闲,运动器材,体操配件,43443691,971839769,12%,14%,18%
运动与休闲,运动器材,篮球架?,73242277,94125,12%,14%,18%
运动与休闲,运动器材,篮筐,73242277,94132,12%,14%,18%
运动与休闲,运动器材,篮球网,73242277,94145,12%,14%,18%
运动与休闲,运动器材,篮球投篮训练器,73242277,970624214,12%,14%,18%
运动与休闲,运动器材,篮球架,73242277,970974562,12%,14%,18%
运动与休闲,运动器材,运动气压表,73242277,971323311,12%,14%,18%
运动与休闲,运动器材,高尔夫球洞,77339459,970673989,12%,14%,18%
运动与休闲,运动器材,推杆训练器,77339459,970673990,12%,14%,18%
运动与休闲,运动器材,高尔夫标杆,77339459,970870904,12%,14%,18%
运动与休闲,运动器材,高尔夫手推车,77339459,971123278,12%,14%,18%
运动与休闲,运动器材,高尔夫挥杆训练器,77339553,970673991,12%,14%,18%
运动与休闲,运动器材,高尔夫球套装,77339588,504866272,12%,14%,18%
运动与休闲,运动器材,足球训练器材,78204196,559455262,12%,14%,18%
运动与休闲,运动器材,球网,78204196,822993802,12%,14%,18%
运动与休闲,运动器材,运动器材支架,78204196,833296570,12%,14%,18%
运动与休闲,运动器材,标记锥,78204196,94137,12%,14%,18%
运动与休闲,运动器材,哨子,78204196,94223,12%,14%,18%
运动与休闲,运动器材,足球门,78204196,96902,12%,14%,18%
运动与休闲,运动器材,队长袖带?,78204196,96903,12%,14%,18%
运动与休闲,运动器材,裁判旗帜,78204196,970666945,12%,14%,18%
运动与休闲,运动器材,足球配件,78204196,970666949,12%,14%,18%
运动与休闲,运动器材,足球网,78204196,970681901,12%,14%,18%
运动与休闲,运动器材,球收纳架,78204196,970858513,12%,14%,18%
运动与休闲,运动器材,手球门,78204196,971304789,12%,14%,18%
运动与休闲,运动器材,战术板,78204196,98149,12%,14%,18%
运动与休闲,运动器材,信号弹发射器,80366159,971454548,12%,14%,18%
运动与休闲,运动器材,系绳球套件,81730445,970707294,12%,14%,18%
运动与休闲,运动器材,拳击袋悬挂装置,85176065,558763361,12%,14%,18%
运动与休闲,运动器材,裁判用锣,85176065,970804441,12%,14%,18%
运动与休闲,运动器材,运动护齿盒,85176065,970829667,12%,14%,18%
运动与休闲,运动器材,运动节拍器计时器,85176065,970853188,12%,14%,18%
运动与休闲,运动器材,拳击反应球,85176065,970872735,12%,14%,18%
运动与休闲,运动器材,拳击保护套件,85176065,970879742,12%,14%,18%
运动与休闲,运动器材,拳击配件,85176065,970995237,12%,14%,18%
运动与休闲,运动器材,拳击设备套件,85176065,971108822,12%,14%,18%
运动与休闲,运动器材,滑冰刀刀片,88899433,970672720,12%,14%,18%
运动与休闲,运动器材,溜冰刀,88899433,970726650,12%,14%,18%
运动与休闲,运动器材,曲棍球套装,88899433,970736835,12%,14%,18%
运动与休闲,运动器材,冰球配件,88899433,971104974,12%,14%,18%
运动与休闲,运动器材,冰球杆专用胶带,88899433,98176,12%,14%,18%
运动与休闲,运动器材,冰球、地板球训练器,88899433,98410,12%,14%,18%
运动与休闲,运动器材,水下声音信号装置,89280912,814037086,12%,14%,18%
运动与休闲,运动器材,潜水负重,89280912,863256797,12%,14%,18%
运动与休闲,运动器材,潜水呼吸器,89280912,970662052,12%,14%,18%
运动与休闲,运动器材,潜水配件,89280912,970743108,12%,14%,18%
运动与休闲,运动器材,潜水电脑,89280912,970743120,12%,14%,18%
运动与休闲,运动器材,水下拖航机,89280912,970885558,12%,14%,18%
运动与休闲,运动器材,网球网,89285132,94144,12%,14%,18%
运动与休闲,运动器材,乒乓球网,89285132,94147,12%,14%,18%
运动与休闲,运动器材,网球发球机,89285132,96934,12%,14%,18%
运动与休闲,运动器材,网球篮,89285132,970707283,12%,14%,18%
运动与休闲,运动器材,沙滩网球套装,89285132,970716313,12%,14%,18%
运动与休闲,运动器材,球拍胶带,89285132,971040952,12%,14%,18%
运动与休闲,运动器材,乒乓球球拍垫清洁剂,89285132,971153195,12%,14%,18%
运动与休闲,运动器材,网球配件,89285132,98158,12%,14%,18%
运动与休闲,运动器材,排球网,89292631,970658825,12%,14%,18%
运动与休闲,运动器材,排球标志杆,89292631,970666944,12%,14%,18%
运动与休闲,运动器材,排球配件,89292631,970666948,12%,14%,18%
运动与休闲,运动器材,运动绳,91116879,94267,12%,14%,18%
运动与休闲,运动器材,田径配件,91116879,970702163,12%,14%,18%
运动与休闲,运动器材,田径跨栏架,91116879,970884221,12%,14%,18%
运动与休闲,运动器材,铁饼?,91116879,970884224,12%,14%,18%
运动与休闲,运动器材,投掷球,91116879,970884225,12%,14%,18%
运动与休闲,运动器材,投掷沙袋,91116879,970986062,12%,14%,18%
运动与休闲,运动器材,足尖带,91116879,971133764,12%,14%,18%
运动与休闲,运动器材,艺术体操彩带,91116879,98148,12%,14%,18%
运动与休闲,运动器材,奖牌挂架,91116879,98333,12%,14%,18%
运动与休闲,运动器材,棒球配件,91650956,970628947,12%,14%,18%
运动与休闲,运动器材,棒球手套,91650956,970889537,12%,14%,18%
运动与休闲,高尔夫球杆,冰球杆,17033793,95313,12%,14%,18%
运动与休闲,高尔夫球杆,软式曲棍球棒,17033793,970849576,12%,14%,18%
运动与休闲,高尔夫球杆,高尔夫曲棍,77338915,970673986,12%,14%,18%
运动与休闲,地毯和垫子,训练模拟器垫 ,17036379,504866186,12%,14%,18%
运动与休闲,地毯和垫子,旅行垫,17036379,95076,12%,14%,18%
运动与休闲,地毯和垫子,旅游垫,17036379,95079,12%,14%,18%
运动与休闲,地毯和垫子,运动垫,17036379,95080,12%,14%,18%
运动与休闲,地毯和垫子,运动地垫,17036379,95081,12%,14%,18%
运动与休闲,地毯和垫子,自充气枕头,17036379,970976229,12%,14%,18%
运动与休闲,船只和舷外发动机,电机冲洗套件,17033799,971422088,12%,14%,18%
运动与休闲,船只和舷外发动机,船只维修套件,17033800,94372,12%,14%,18%
运动与休闲,船只和舷外发动机,维修套件,17033800,96914,12%,14%,18%
运动与休闲,船只和舷外发动机,船用保养品,17033800,970939517,12%,14%,18%
运动与休闲,船只和舷外发动机,船舶维修、保养配件,17033800,970939521,12%,14%,18%
运动与休闲,船只和舷外发动机,船,17033801,94373,12%,14%,18%
运动与休闲,船只和舷外发动机,桨,17036389,94363,12%,14%,18%
运动与休闲,船只和舷外发动机,游艇航行,200000762,971315212,12%,14%,18%
运动与休闲,船只和舷外发动机,游艇配件,200000762,971453365,12%,14%,18%
运动与休闲,船只和舷外发动机,浮筒,200000764,971220179,12%,14%,18%
运动与休闲,船只和舷外发动机,浮箱,200000764,971413694,12%,14%,18%
运动与休闲,船只和舷外发动机,皮划艇/独木舟防水裙,200000994,971364401,12%,14%,18%
运动与休闲,船只和舷外发动机,照明弹，信号火箭,200001231,970628340,12%,14%,18%
运动与休闲,船只和舷外发动机,脚蹬船,24147645,96911,12%,14%,18%
运动与休闲,船只和舷外发动机,船座,24147647,96918,12%,14%,18%
运动与休闲,船只和舷外发动机,船座支架,24147647,971002074,12%,14%,18%
运动与休闲,船只和舷外发动机,锚转环,43436550,970849111,12%,14%,18%
运动与休闲,船只和舷外发动机,锚眼,43436550,971006841,12%,14%,18%
运动与休闲,船只和舷外发动机,起锚绞车,43436550,971061331,12%,14%,18%
运动与休闲,船只和舷外发动机,船锚,43436550,97907,12%,14%,18%
运动与休闲,船只和舷外发动机,锚绳,43436550,99121,12%,14%,18%
运动与休闲,船只和舷外发动机,船用螺丝 ,88945948,94364,12%,14%,18%
运动与休闲,船只和舷外发动机,船用红绿舷灯,88945948,970729003,12%,14%,18%
运动与休闲,船只和舷外发动机,舵轮,88945948,970801253,12%,14%,18%
运动与休闲,船只和舷外发动机,船用电气元件,88945948,970851806,12%,14%,18%
运动与休闲,船只和舷外发动机,船舶配件,88945948,970861825,12%,14%,18%
运动与休闲,船只和舷外发动机,船用发动机垫片,88945948,971072582,12%,14%,18%
运动与休闲,船只和舷外发动机,帆船游艇,94089793,970981081,12%,14%,18%
运动与休闲,船只和舷外发动机,游艇餐具,94089797,970957916,12%,14%,18%
运动与休闲,滑雪板,越野滑雪板,17036392,93607,12%,14%,18%
运动与休闲,滑雪板,越野滑雪套装,17036392,93609,12%,14%,18%
运动与休闲,滑雪板,滑雪板,17036393,93608,12%,14%,18%
运动与休闲,滑雪板,山地滑雪装备,17036393,93610,12%,14%,18%
运动与休闲,滑雪板,迷你滑雪板,17036396,93611,12%,14%,18%
运动与休闲,滑雪板,单板滑雪,17036397,93612,12%,14%,18%
运动与休闲,滑雪板,滑雪板套装,17036397,93613,12%,14%,18%
运动与休闲,滑雪板,单板滑雪板,17036397,971109540,12%,14%,18%
运动与休闲,滑雪板,雪滑板,17036399,93614,12%,14%,18%
运动与休闲,滑雪板,旱地滑雪板,43433204,98383,12%,14%,18%
运动与休闲,滑雪板,狩猎滑雪板,43433205,97971,12%,14%,18%
运动与休闲,野营家具,折叠家具套装,17033252,94447,12%,14%,18%
运动与休闲,野营家具,折叠旅游柜,17033252,94453,12%,14%,18%
运动与休闲,野营家具,旅游桌收纳架,17033252,971289485,12%,14%,18%
运动与休闲,野营家具,野营厨房,17033252,98559,12%,14%,18%
运动与休闲,野营家具,折叠旅游桌,17033255,94449,12%,14%,18%
运动与休闲,野营家具,折叠式旅游椅,17033256,94450,12%,14%,18%
运动与休闲,野营家具,钓鱼平台,17033256,970954001,12%,14%,18%
运动与休闲,野营家具,户外折叠椅配件,17033256,971410190,12%,14%,18%
运动与休闲,野营家具,折叠式旅游床,17036404,94446,12%,14%,18%
运动与休闲,野营家具,折叠旅行床配件,17036404,971036157,12%,14%,18%
运动与休闲,球，羽毛球，体操器械,体操球,17033266,93561,12%,14%,18%
运动与休闲,球，羽毛球，体操器械,儿童球,17033267,93562,12%,14%,18%
运动与休闲,球，羽毛球，体操器械,网球,17033270,93564,12%,14%,18%
运动与休闲,球，羽毛球，体操器械,壁球,17033270,970658590,12%,14%,18%
运动与休闲,球，羽毛球，体操器械,篮球,17033271,93558,12%,14%,18%
运动与休闲,球，羽毛球，体操器械,排球,17033271,93559,12%,14%,18%
运动与休闲,球，羽毛球，体操器械,手球,17033271,93560,12%,14%,18%
运动与休闲,球，羽毛球，体操器械,足球,17033271,93565,12%,14%,18%
运动与休闲,球，羽毛球，体操器械,迷你足球用球,17033271,971066733,12%,14%,18%
运动与休闲,球，羽毛球，体操器械,美式橄榄球,17033271,97933,12%,14%,18%
运动与休闲,球，羽毛球，体操器械,橄榄球,17033271,98040,12%,14%,18%
运动与休闲,球，羽毛球，体操器械,弩式手枪、吹管用飞镖,17036409,93552,12%,14%,18%
运动与休闲,球，羽毛球，体操器械,弓箭,17036409,93553,12%,14%,18%
运动与休闲,球，羽毛球，体操器械,弩箭,17036409,93570,12%,14%,18%
运动与休闲,球，羽毛球，体操器械,箭用配件,17036409,970676549,12%,14%,18%
运动与休闲,球，羽毛球，体操器械,羽毛球,17036410,93551,12%,14%,18%
运动与休闲,球，羽毛球，体操器械,医用健身球,17036413,93554,12%,14%,18%
运动与休闲,球，羽毛球，体操器械,彩色球池球,17036421,93572,12%,14%,18%
运动与休闲,球，羽毛球，体操器械,乒乓球,17036422,93573,12%,14%,18%
运动与休闲,球，羽毛球，体操器械,棒球,43433213,98976,12%,14%,18%
运动与休闲,球，羽毛球，体操器械,运动按摩球,43433216,93563,12%,14%,18%
运动与休闲,球，羽毛球，体操器械,福乐球,43433218,970849578,12%,14%,18%
运动与休闲,球，羽毛球，体操器械,曲棍球,43433218,98153,12%,14%,18%
运动与休闲,球，羽毛球，体操器械,冰球,43436022,93571,12%,14%,18%
运动与休闲,球，羽毛球，体操器械,高尔夫球,77338627,970673984,12%,14%,18%
运动与休闲,球，羽毛球，体操器械,系绳球,81730437,970707293,12%,14%,18%
运动与休闲,球，羽毛球，体操器械,板式网球,81730437,971061152,12%,14%,18%
运动与休闲,球，羽毛球，体操器械,地掷球套装,86925795,558867338,12%,14%,18%
运动与休闲,球，羽毛球，体操器械,水球,89298200,970681913,12%,14%,18%
运动与休闲,充气家具,泵,17033279,91467,12%,14%,18%
运动与休闲,充气家具,针头、球形奶嘴,17033279,970861190,12%,14%,18%
运动与休闲,充气家具,充气泳圈,17036433,95729,12%,14%,18%
运动与休闲,充气家具,充气门,17036433,95730,12%,14%,18%
运动与休闲,充气家具,充气杯托,17036433,970806857,12%,14%,18%
运动与休闲,充气家具,充气修补套装,17036433,970989170,12%,14%,18%
运动与休闲,充气家具,可拖曳水上游乐设施,17036433,971747768,12%,14%,18%
运动与休闲,充气家具,充气床垫阀,200000743,971198231,12%,14%,18%
运动与休闲,充气家具,充气沙发,43433221,95724,12%,14%,18%
运动与休闲,充气家具,充气椅,43433221,95725,12%,14%,18%
运动与休闲,充气家具,充气床,43433221,95727,12%,14%,18%
运动与休闲,充气家具,充气床垫,43433221,95728,12%,14%,18%
运动与休闲,充气家具,充气坐垫,43433221,95732,12%,14%,18%
运动与休闲,刀、斧头、铲子,野营铲,17033285,94454,12%,14%,18%
运动与休闲,刀、斧头、铲子,冲洗托盘,17033285,970803632,12%,14%,18%
运动与休闲,刀、斧头、铲子,野营锯子,17036437,94459,12%,14%,18%
运动与休闲,刀、斧头、铲子,旅游斧头,17036437,94461,12%,14%,18%
运动与休闲,刀、斧头、铲子,野营锤,17036437,98357,12%,14%,18%
运动与休闲,刀、斧头、铲子,冰镐,30671414,97987,12%,14%,18%
运动与休闲,刀、斧头、铲子,雪崩铲,30671423,97969,12%,14%,18%
运动与休闲,口罩和眼镜,运动面罩、眼镜配件,17036443,95323,12%,14%,18%
运动与休闲,口罩和眼镜,滑雪面罩,17036443,95325,12%,14%,18%
运动与休闲,口罩和眼镜,游泳面罩,17036444,95326,12%,14%,18%
运动与休闲,口罩和眼镜,游泳镜,17036444,95330,12%,14%,18%
运动与休闲,口罩和眼镜,潜水面罩,17036444,971806639,12%,14%,18%
运动与休闲,帐篷、遮阳篷、帐篷和睡袋,睡袋衬垫 ,17029614,115948445,12%,14%,18%
运动与休闲,帐篷、遮阳篷、帐篷和睡袋,睡袋,17029614,93529,12%,14%,18%
运动与休闲,帐篷、遮阳篷、帐篷和睡袋,帐篷,17033293,93519,12%,14%,18%
运动与休闲,帐篷、遮阳篷、帐篷和睡袋,儿童游戏帐篷,17033294,93520,12%,14%,18%
运动与休闲,帐篷、遮阳篷、帐篷和睡袋,户外天幕,17033297,93518,12%,14%,18%
运动与休闲,帐篷、遮阳篷、帐篷和睡袋,遮阳篷,17033297,93523,12%,14%,18%
运动与休闲,帐篷、遮阳篷、帐篷和睡袋,旅游帐篷,17033297,93526,12%,14%,18%
运动与休闲,帐篷、遮阳篷、帐篷和睡袋,汽车前挡风玻璃防冻罩,17033297,970669867,12%,14%,18%
运动与休闲,帐篷、遮阳篷、帐篷和睡袋,帐篷地板,43430648,196128739,12%,14%,18%
运动与休闲,帐篷、遮阳篷、帐篷和睡袋,帐篷拉线 ,43430648,196128744,12%,14%,18%
运动与休闲,帐篷、遮阳篷、帐篷和睡袋,帐篷地钉套装,43430648,93516,12%,14%,18%
运动与休闲,帐篷、遮阳篷、帐篷和睡袋,帐篷维修套件,43430648,93522,12%,14%,18%
运动与休闲,帐篷、遮阳篷、帐篷和睡袋,帐篷收纳箱,43430648,970795346,12%,14%,18%
运动与休闲,帐篷、遮阳篷、帐篷和睡袋,帐篷配件,43430648,970805528,12%,14%,18%
运动与休闲,帐篷、遮阳篷、帐篷和睡袋,帐篷屋顶,43430648,971196222,12%,14%,18%
运动与休闲,气动武器和弩,运动弓,43433227,94116,12%,14%,18%
运动与休闲,气动武器和弩,传统洋葱,43433227,971367781,12%,14%,18%
运动与休闲,气动武器和弩,记时仪,44247327,99428,12%,14%,18%
运动与休闲,气动武器和弩,捕鱼鱼叉 ,71188777,834404553,12%,14%,18%
运动与休闲,气动武器和弩,鱼叉钓弩,71188777,834404554,12%,14%,18%
运动与休闲,气动武器和弩,水下狩猎气动鱼叉,71188777,834539505,12%,14%,18%
运动与休闲,气动武器和弩,烟雾弹,74285746,970671462,12%,14%,18%
运动与休闲,气动武器和弩,吹管,85943381,970779723,12%,14%,18%
运动与休闲,电动交通工具,双轮平衡车,17033307,92972,12%,14%,18%
运动与休闲,电动交通工具,赛格威电动平衡车,17033307,92976,12%,14%,18%
运动与休闲,电动交通工具,单轮车,17033309,92974,12%,14%,18%
运动与休闲,电动交通工具,平衡车、电动独轮车配件,43443699,96959,12%,14%,18%
运动与休闲,飞行器以及极限运动,降落伞,200000564,971116208,12%,14%,18%
运动与休闲,飞行器以及极限运动,跳伞用品,200000564,971116268,12%,14%,18%
运动与休闲,飞行器以及极限运动,主降落伞自由包,200000564,971116281,12%,14%,18%
运动与休闲,飞行器以及极限运动,备用降落伞自由包,200000564,971116293,12%,14%,18%
运动与休闲,飞行器以及极限运动,动力三角翼,200001665,972140463,12%,14%,18%
运动与休闲,飞行器以及极限运动,滑翔伞,200001665,972140464,12%,14%,18%
运动与休闲,飞行器以及极限运动,滑翔机,200001665,972140467,12%,14%,18%
运动与休闲,冰壺,冰壶配件,200001039,971416340,12%,14%,18%
运动与休闲,马戏团道具,马戏团独轮车,75165297,970661630,12%,14%,18%
运动与休闲,马戏团道具,马戏团高跷,75165376,970661629,12%,14%,18%
运动与休闲,马戏团道具,体操平衡训练器械,75165376,970662580,12%,14%,18%
运动与休闲,马戏团道具,LED发光球形道具,75165376,970665374,12%,14%,18%
运动与休闲,马戏团道具,空竹,75165376,970665376,12%,14%,18%
运动与休闲,马戏团道具,爵士舞拐杖,75165376,971326756,12%,14%,18%
运动与休闲,马戏团道具,空气层面料,75165376,971895002,12%,14%,18%
运动与休闲,马戏团道具,豆袋沙发,76060774,970664977,12%,14%,18%
运动与休闲,马戏团道具,杂耍道具,76060774,970665315,12%,14%,18%
运动与休闲,马戏团道具,马戏表演配件,76096734,970665558,12%,14%,18%
运动与休闲,马戏团道具,空中体操环,76096734,971304478,12%,14%,18%
运动与休闲,击剑,击剑裁判器,76486601,970666955,12%,14%,18%
运动与休闲,击剑,击剑用花剑,76494637,970666960,12%,14%,18%
运动与休闲,击剑,击剑用军刀,76494637,970666962,12%,14%,18%
运动与休闲,击剑,花剑,76494637,970666970,12%,14%,18%
运动与休闲,击剑,击剑武器配件,76494734,970666969,12%,14%,18%
运动与休闲,击剑,击剑面具,76513827,970667000,12%,14%,18%
运动与休闲,击剑,击剑绳索,76778626,970666961,12%,14%,18%
运动与休闲,击剑,击剑靶,76778626,970666998,12%,14%,18%
运动与休闲,击剑,击剑保护面罩,76778626,970667772,12%,14%,18%
运动与休闲,舞蹈配件,舞蹈配件,76898647,970941851,12%,14%,18%
运动与休闲,舞蹈配件,舞蹈架,76899012,970670230,12%,14%,18%
运动与休闲,舞蹈配件,舞蹈钢管,76899012,971371211,12%,14%,18%
运动与休闲,马术运动,兴趣跳马,200000827,971083568,12%,14%,18%
运动与休闲,马术运动,马具笼头,77024244,970616313,12%,14%,18%
运动与休闲,马术运动,马术运动配件,77024244,970671326,12%,14%,18%
运动与休闲,马术运动,马术运动鞭子,77024244,970685460,12%,14%,18%
运动与休闲,马术运动,马铃铛,77024244,970703594,12%,14%,18%
运动与休闲,马术运动,马笼套,77024244,970703598,12%,14%,18%
运动与休闲,马术运动,马衣,77024244,970713670,12%,14%,18%
运动与休闲,马术运动,马笼头,77024244,970713671,12%,14%,18%
运动与休闲,马术运动,马肚带,77024244,970713673,12%,14%,18%
运动与休闲,马术运动,马镫革,77024244,970713674,12%,14%,18%
运动与休闲,马术运动,马牵绳,77024244,970713675,12%,14%,18%
运动与休闲,马术运动,马腿护具,77024244,970713676,12%,14%,18%
运动与休闲,马术运动,马镫,77024244,970713677,12%,14%,18%
运动与休闲,马术运动,马缰绳,77024244,970896108,12%,14%,18%
运动与休闲,马术运动,马用眉带,77024244,970896109,12%,14%,18%
运动与休闲,马术运动,马用毛皮护耳,77024244,970896111,12%,14%,18%
运动与休闲,马术运动,马衔扣,77024244,970896148,12%,14%,18%
运动与休闲,马术运动,马具护理剂,77024244,971040005,12%,14%,18%
运动与休闲,马术运动,马绳,77024244,971110520,12%,14%,18%
运动与休闲,马术运动,马鞍垫,77024244,98327,12%,14%,18%
运动与休闲,马术运动,马鞍,78946563,970685470,12%,14%,18%
运动与休闲,彩弹射击,彩弹球,77038915,970669338,12%,14%,18%
运动与休闲,彩弹射击,彩弹填充站,77040462,970671360,12%,14%,18%
运动与休闲,彩弹射击,彩弹球高压压缩机,77040462,970671361,12%,14%,18%
运动与休闲,彩弹射击,彩弹防护面罩,77040462,970671457,12%,14%,18%
运动与休闲,彩弹射击,彩弹射击配件,77040462,970671483,12%,14%,18%
运动与休闲,运动套和包,狩猎设备盒,17033936,971284636,12%,14%,18%
运动与休闲,运动套和包,鱼饵存储器,17036271,91316,12%,14%,18%
运动与休闲,运动套和包,钓鱼活鱼桶,17036271,94391,12%,14%,18%
运动与休闲,运动套和包,钓鱼收纳箱,17036271,95489,12%,14%,18%
运动与休闲,运动套和包,钓鱼者用箱,17036271,95510,12%,14%,18%
运动与休闲,运动套和包,钓鱼箱配件,17036271,971882371,12%,14%,18%
运动与休闲,运动套和包,折叠水桶,17036271,98157,12%,14%,18%
运动与休闲,运动套和包,运动袋,17037822,115950834,12%,14%,18%
运动与休闲,运动套和包,密封箱,17037822,696729464,12%,14%,18%
运动与休闲,运动套和包,跑步腰带,17037822,91327,12%,14%,18%
运动与休闲,运动套和包,"冰刀套
",17037822,91368,12%,14%,18%
运动与休闲,运动套和包,运动器材包,17037822,91378,12%,14%,18%
运动与休闲,运动套和包,密封袋,17037822,93527,12%,14%,18%
运动与休闲,运动套和包,气密盖,17037822,94285,12%,14%,18%
运动与休闲,运动套和包,防水袋套装,17037822,94299,12%,14%,18%
运动与休闲,运动套和包,存放滑板车罩,17037822,970683155,12%,14%,18%
运动与休闲,运动套和包,冰球包,17037822,97995,12%,14%,18%
运动与休闲,运动套和包,头盔套,17037822,98177,12%,14%,18%
运动与休闲,运动套和包,自行车套,17037822,98358,12%,14%,18%
运动与休闲,运动套和包,钓鱼、狩猎装备保护套,17038531,96938,12%,14%,18%
运动与休闲,运动套和包,浮筒用管,17038531,98060,12%,14%,18%
运动与休闲,运动套和包,弹药箱,200000817,971284501,12%,14%,18%
运动与休闲,运动套和包,背包套,43443614,91376,12%,14%,18%
运动与休闲,运动套和包,背包束带,43443614,97973,12%,14%,18%
运动与休闲,运动套和包,背包内衬,43443614,98018,12%,14%,18%
运动与休闲,运动套和包,对讲机套,90377135,970783339,12%,14%,18%
运动与休闲,运动套和包,双筒望远镜盒,90377135,970872108,12%,14%,18%
运动与休闲,饵料、香料、鱼饵,垂钓诱饵,17030869,91929,12%,14%,18%
运动与休闲,饵料、香料、鱼饵,诱饵、鱼饵,17030869,971073325,12%,14%,18%
运动与休闲,饵料、香料、鱼饵,钓鱼饵调味料,17037269,91920,12%,14%,18%
运动与休闲,水上运动和娱乐,皮筏艇,43430777,94367,12%,14%,18%
运动与休闲,水上运动和娱乐,皮艇,43443693,94362,12%,14%,18%
运动与休闲,水上运动和娱乐,SUP桨板,43443694,96919,12%,14%,18%
运动与休闲,水上运动和娱乐,尾波板,43443694,970667731,12%,14%,18%
运动与休闲,水上运动和娱乐,跪式滑水板,43443694,970739432,12%,14%,18%
运动与休闲,水上运动和娱乐,风帆板,43443694,970739444,12%,14%,18%
运动与休闲,水上运动和娱乐,尾流冲浪板,43443694,970780459,12%,14%,18%
运动与休闲,水上运动和娱乐,滑水板,76771358,970667732,12%,14%,18%
运动与休闲,水上运动和娱乐,冲浪板,84568761,970739431,12%,14%,18%
运动与休闲,水上运动和娱乐,动力伞风筝,84568830,970739435,12%,14%,18%
运动与休闲,水上运动和娱乐,水翼船,84568830,971426128,12%,14%,18%
运动与休闲,水上运动和娱乐,风翼冲浪,84568830,971891914,12%,14%,18%
运动与休闲,水上运动和娱乐,风筝板,84568841,970739436,12%,14%,18%
运动与休闲,水上运动和娱乐,风筝冲浪配件与零件,85946811,970573782,12%,14%,18%
运动与休闲,水上运动和娱乐,桨板冲浪帆,85946811,970699213,12%,14%,18%
运动与休闲,水上运动和娱乐,SUP板座椅,85946811,970699214,12%,14%,18%
运动与休闲,水上运动和娱乐,SUP板桨 ,85946811,970699215,12%,14%,18%
运动与休闲,水上运动和娱乐,冲浪板专用鱼鳍,85946811,970699216,12%,14%,18%
运动与休闲,水上运动和娱乐,风帆冲浪帆,85946811,970739442,12%,14%,18%
运动与休闲,水上运动和娱乐,浮潜面具,85946811,970739448,12%,14%,18%
运动与休闲,水上运动和娱乐,SUP桨板配件、备件,85946811,970779855,12%,14%,18%
运动与休闲,水上运动和娱乐,帆板运动配件、备件,85946811,970780199,12%,14%,18%
运动与休闲,水上运动和娱乐,滑水橇配件、备件,85946811,970780203,12%,14%,18%
运动与休闲,水上运动和娱乐,皮划艇、独木舟配件及备件,85946811,970780259,12%,14%,18%
运动与休闲,水上运动和娱乐,皮划艇桨，皮划艇桨,85946811,970780331,12%,14%,18%
运动与休闲,水上运动和娱乐,冲浪配件、备件,85946811,970780335,12%,14%,18%
运动与休闲,水上运动和娱乐,浮潜配件、备件,85946811,970780403,12%,14%,18%
运动与休闲,水上运动和娱乐,尾波滑水配件、备件,85946811,970780416,12%,14%,18%
运动与休闲,水上运动和娱乐,帆船运动配件、备件,85946811,971009879,12%,14%,18%
运动与休闲,水上运动和娱乐,水翼板翼,85946811,971152302,12%,14%,18%
运动与休闲,水上运动和娱乐,尾波滑水板、滑水橇用拖绳,85946811,971442675,12%,14%,18%
运动与休闲,保龄球,保龄球配件,86811921,970800763,12%,14%,18%
运动与休闲,保龄球,保龄球手套,86811947,970800623,12%,14%,18%
运动与休闲,保龄球,保龄球,86811969,970800650,12%,14%,18%
运动与休闲,金属探测器与附属品,金属探测器配件,87918238,970966336,12%,14%,18%
运动与休闲,金属探测器与附属品,搜索挖泥船,87918238,971079729,12%,14%,18%
运动与休闲,金属探测器与附属品,丝圈门垫,87918238,971219832,12%,14%,18%
运动与休闲,金属探测器与附属品,金属探测器耳机 ,87918238,97479,12%,14%,18%
运动与休闲,框架型蹦床和配件,充气杂技跑道,74818563,971816851,12%,14%,18%
运动与休闲,框架型蹦床和配件,蹦床,82264513,84867453,12%,14%,18%
运动与休闲,框架型蹦床和配件,蹦床保护垫,89293458,971092790,12%,14%,18%
运动与休闲,框架型蹦床和配件,蹦床配件,89293458,971414055,12%,14%,18%
运动与休闲,运动类游戏桌,运动桌游,200000785,122770106,12%,14%,18%
运动与休闲,运动类游戏桌,桌上足球,200000785,970690044,12%,14%,18%
运动与休闲,运动类游戏桌,游戏桌,43429911,95680,12%,14%,18%
运动与休闲,运动类游戏桌,桌式足球,92121884,970915222,12%,14%,18%
运动与休闲,运动类游戏桌,曲棍球锦标赛,92121884,970915360,12%,14%,18%
文具,印章和戳印,印章、图章配件,17033322,96732,12%,14%,18%
文具,印章和戳印,海绵印台,17034779,96737,12%,14%,18%
文具,印章和戳印,印章,17034781,115948239,12%,14%,18%
文具,印章和戳印,印章,17034781,96739,12%,14%,18%
文具,印章和戳印,印章、图章制作配件,200000034,971078138,12%,14%,18%
文具,印章和戳印,标签枪,34764429,970778135,12%,14%,18%
文具,印章和戳印,标价枪,34764429,98207,12%,14%,18%
文具,纸,相纸,17034782,91415,12%,14%,18%
文具,纸,磁性纸,17034782,99091,12%,14%,18%
文具,纸,创意用纸,200000857,970736881,12%,14%,18%
文具,纸,打印纸,41588671,91400,12%,14%,18%
文具,纸,绘图纸,41588671,91404,12%,14%,18%
文具,纸,宽幅纸张,41588671,91405,12%,14%,18%
文具,纸,彩色纸,41588671,91406,12%,14%,18%
文具,纸,办公用纸,41588671,91411,12%,14%,18%
文具,纸,彩色铝箔纸,41588671,970778039,12%,14%,18%
文具,纸,绘画纸,41588672,91401,12%,14%,18%
文具,纸,描图纸,41588682,91409,12%,14%,18%
文具,纸,纸板,42870160,91410,12%,14%,18%
文具,纸,发泡板,42870160,970957182,12%,14%,18%
文具,纸,收银纸,43433233,257342270,12%,14%,18%
文具,纸,自粘膜,43434520,257342290,12%,14%,18%
文具,纸制品,登记本,17033325,94098,12%,14%,18%
文具,纸制品,处方簿,17033325,95788,12%,14%,18%
文具,纸制品,病历卡,17033325,970637806,12%,14%,18%
文具,纸制品,疫苗接种证书,17033325,970680513,12%,14%,18%
文具,纸制品,就业记录簿,17033325,98472,12%,14%,18%
文具,纸制品,本子,17033335,94103,12%,14%,18%
文具,纸制品,带可更换笔记本,17033335,97873,12%,14%,18%
文具,纸制品,笔记本,17034785,94091,12%,14%,18%
文具,纸制品,记事本,17034785,94096,12%,14%,18%
文具,纸制品,电话簿,17034785,94102,12%,14%,18%
文具,纸制品,个人日记,17034787,94092,12%,14%,18%
文具,纸制品,学生日程本,17034787,94093,12%,14%,18%
文具,纸制品,读者日记,17034787,971071471,12%,14%,18%
文具,纸制品,朋友问卷,17034787,971074115,12%,14%,18%
文具,纸制品,日程本,17034788,94094,12%,14%,18%
文具,纸制品,周计划本,17034788,94095,12%,14%,18%
文具,纸制品,计划本,17034788,94100,12%,14%,18%
文具,纸制品,班级成绩登记册,17034791,94097,12%,14%,18%
文具,纸制品,识别腕带,200000052,971057908,12%,14%,18%
文具,纸制品,愿望册，愿望树,200000327,93769,12%,14%,18%
文具,纸制品,留言簿,200000327,971075374,12%,14%,18%
文具,纸制品,贴纸,200000597,971123837,12%,14%,18%
文具,纸制品,可更换的笔记本单元,200000740,94101,12%,14%,18%
文具,纸制品,笔记本分隔页,200000740,971197249,12%,14%,18%
文具,纸制品,家谱,200000812,93802,12%,14%,18%
文具,纸制品,汽车维修手册,200001238,971100778,12%,14%,18%
文具,纸制品,汽车配件目录 ,200001238,971100779,12%,14%,18%
文具,纸制品,名片,200001238,971823449,12%,14%,18%
文具,纸制品,宣传册,200001238,971888236,12%,14%,18%
文具,纸制品,速写本,27520880,96168,12%,14%,18%
文具,纸制品,图画本,41588667,91396,12%,14%,18%
文具,纸制品,便签纸,41588670,257342242,12%,14%,18%
文具,纸制品,贴纸,41588686,257342292,12%,14%,18%
文具,纸制品,显示器便签板,41588686,970628464,12%,14%,18%
文具,纸制品,装订配件,43433700,97445,12%,14%,18%
文具,纸制品,上课时间表,43434522,98473,12%,14%,18%
文具,纸制品,日历,47068633,115951185,12%,14%,18%
文具,纸制品,文件空白表格,48573521,257342239,12%,14%,18%
文具,纸制品,剪贴装饰纸,48573549,257361866,12%,14%,18%
文具,纸制品,印刷品邮件纸带与纸环,90129881,970869249,12%,14%,18%
文具,球,日地月运行仪,17033337,125931030,12%,14%,18%
文具,球,地球仪,17033337,94481,12%,14%,18%
文具,演示白板和配件,书写挂纸板,17033339,94497,12%,14%,18%
文具,演示白板和配件,白板、翻页板配件,43433235,779247221,12%,14%,18%
文具,演示白板和配件,文具磁扣,43433235,93300,12%,14%,18%
文具,演示白板和配件,磁性计划表,90734284,970876418,12%,14%,18%
文具,文具,计算器,17032101,91442,12%,14%,18%
文具,文具,剪刀,17032891,93304,12%,14%,18%
文具,文具,剪刀配件,17032891,970629379,12%,14%,18%
文具,文具,封面,17032893,93305,12%,14%,18%
文具,文具,调色板,17032895,93306,12%,14%,18%
文具,文具,文件托盘,17032898,93308,12%,14%,18%
文具,文具,卡片索引盒,17032898,971747556,12%,14%,18%
文具,文具,文具座,17032898,98506,12%,14%,18%
文具,文具,活页夹弹簧,17032902,93311,12%,14%,18%
文具,文具,裁纸刀,17032903,93312,12%,14%,18%
文具,文具,角刀,17032903,970987619,12%,14%,18%
文具,文具,裁纸垫条,17032903,971116883,12%,14%,18%
文具,文具,标签,17032907,93328,12%,14%,18%
文具,文具,画画用杯,17033342,93285,12%,14%,18%
文具,文具,画笔清洗皂,17033342,970871223,12%,14%,18%
文具,文具,油画洗笔壶,17033342,98652,12%,14%,18%
文具,文具,胶带分配器,17033349,93288,12%,14%,18%
文具,文具,打孔机,17033350,93289,12%,14%,18%
文具,文具,书签,17034807,93291,12%,14%,18%
文具,文具,文具套装,17034808,93292,12%,14%,18%
文具,文具,文具胶带,17034810,93293,12%,14%,18%
文具,文具,修正液,17034813,93295,12%,14%,18%
文具,文具,橡皮擦,17034814,93296,12%,14%,18%
文具,文具,手持放大镜,17034817,93299,12%,14%,18%
文具,文具,桌垫,17034819,93302,12%,14%,18%
文具,文具,美工刀,17034820,93303,12%,14%,18%
文具,文具,文具手术刀,17034820,970859600,12%,14%,18%
文具,文具,订书器,17034826,93317,12%,14%,18%
文具,文具,起钉器,17034826,97585,12%,14%,18%
文具,文具,计数材料,17034828,93319,12%,14%,18%
文具,文具,字母、数字字模盒,17034828,96733,12%,14%,18%
文具,文具,卷笔刀,17034829,93320,12%,14%,18%
文具,文具,手指加湿器,17034831,93322,12%,14%,18%
文具,文具,纸指套,17034831,970744259,12%,14%,18%
文具,文具,文具座,17034835,93326,12%,14%,18%
文具,文具,文具收纳盒,17034835,970869397,12%,14%,18%
文具,文具,激光笔,200001017,971409620,12%,14%,18%
文具,文具,文具锥子,200001019,971411247,12%,14%,18%
文具,文具,记事本、日记本配件,200001037,971416161,12%,14%,18%
文具,文具,绘画调色刀,24667509,97417,12%,14%,18%
文具,文具,石膏模型,41588958,97506,12%,14%,18%
文具,文具,油画调色板杯,43433236,98649,12%,14%,18%
文具,文具,指示棍,43436035,93324,12%,14%,18%
文具,文具,钥匙标签,43443293,98505,12%,14%,18%
文具,文具,墨水池,73277756,970625130,12%,14%,18%
文具,文具,钥匙存放系统,80960921,970701654,12%,14%,18%
文具,文具,图纸筒,82979748,91356,12%,14%,18%
文具,文具,纸张装订套件,85381661,970680872,12%,14%,18%
文具,文具,纸擦笔,88565977,970841267,12%,14%,18%
文具,文具,放大镜配件,89040003,970834768,12%,14%,18%
文具,文具,文具吸尘器,92131684,970939350,12%,14%,18%
文具,文具,银行卡贴纸,92231166,970941958,12%,14%,18%
文具,涂料， 胶水,水彩颜料,17032908,94070,12%,14%,18%
文具,涂料， 胶水,丙烯酸涂料,17032908,94079,12%,14%,18%
文具,涂料， 胶水,玻璃颜料,17032908,94080,12%,14%,18%
文具,涂料， 胶水,陶瓷涂料 ,17032908,94082,12%,14%,18%
文具,涂料， 胶水,纺织颜料,17032908,94084,12%,14%,18%
文具,涂料， 胶水,油画颜料,17032908,94085,12%,14%,18%
文具,涂料， 胶水,指画颜料,17032908,94086,12%,14%,18%
文具,涂料， 胶水,印色油墨,17032908,94087,12%,14%,18%
文具,涂料， 胶水,蛋彩颜料,17032908,94090,12%,14%,18%
文具,涂料， 胶水,喷漆盖,17032908,971044877,12%,14%,18%
文具,涂料， 胶水,花卉涂料,17032908,971065060,12%,14%,18%
文具,涂料， 胶水,印刷颜料,17032908,971363090,12%,14%,18%
文具,涂料， 胶水,丝网印刷油墨,17032908,971370655,12%,14%,18%
文具,涂料， 胶水,涂鸦漆,17032908,98406,12%,14%,18%
文具,涂料， 胶水,水粉颜料,17032910,94072,12%,14%,18%
文具,涂料， 胶水,文具胶,17032911,94073,12%,14%,18%
文具,涂料， 胶水,胶垫,17032911,98331,12%,14%,18%
文具,涂料， 胶水,工艺清漆,17034845,94088,12%,14%,18%
文具,涂料， 胶水,粉彩,17034846,94089,12%,14%,18%
文具,涂料， 胶水,绘图用墨汁,23756686,97677,12%,14%,18%
文具,涂料， 胶水,墨水,23756686,97678,12%,14%,18%
文具,涂料， 胶水,艺术涂料媒介,30667986,971395608,12%,14%,18%
文具,涂料， 胶水,稀释剂,30667986,97329,12%,14%,18%
文具,涂料， 胶水,艺术底漆,43429824,97251,12%,14%,18%
文具,涂料， 胶水,凝胶涂料,43429826,97178,12%,14%,18%
文具,涂料， 胶水,缓凝剂,43430655,97691,12%,14%,18%
文具,涂料， 胶水,油漆稠化剂,43430655,99417,12%,14%,18%
文具,涂料， 胶水,勾线颜料,43430656,97689,12%,14%,18%
文具,涂料， 胶水,肌理膏,43433858,92321,12%,14%,18%
文具,涂料， 胶水,绘画遮罩液 ,43433858,970862444,12%,14%,18%
文具,涂料， 胶水,装饰液体玻璃,43433858,971102801,12%,14%,18%
文具,涂料， 胶水,化妆刷清洁剂,43433858,971201540,12%,14%,18%
文具,涂料， 胶水,色轮,43433858,971323443,12%,14%,18%
文具,涂料， 胶水,植绒粉,43433858,971413074,12%,14%,18%
文具,涂料， 胶水,涂料搅拌球,43433858,971444195,12%,14%,18%
文具,涂料， 胶水,颜料,43433858,97885,12%,14%,18%
文具,涂料， 胶水,亮粉,43433858,98430,12%,14%,18%
文具,涂料， 胶水,涂料溶剂,43434526,97686,12%,14%,18%
文具,涂料， 胶水,消光液,88661957,971425863,12%,14%,18%
文具,涂料， 胶水,颜色固定剂,88661958,970849004,12%,14%,18%
文具,文件夹和文件袋,透明文件袋,17032920,94480,12%,14%,18%
文具,文件夹和文件袋,胸卡,17034848,94475,12%,14%,18%
文具,文件夹和文件袋,文件夹,17034849,707053704,12%,14%,18%
文具,文件夹和文件袋,书写板夹,17034849,97415,12%,14%,18%
文具,文件夹和文件袋,文件夹分隔符,17034850,94477,12%,14%,18%
文具,文件夹和文件袋,档案收纳盒,200000828,97614,12%,14%,18%
文具,文件夹和文件袋,用于档案装订的夹具托盘,200001036,971416127,12%,14%,18%
文具,文件夹和文件袋,档案装订机,200001036,971416128,12%,14%,18%
文具,文件夹和文件袋,胸卡夹,43429827,97949,12%,14%,18%
文具,文件夹和文件袋,证件挂绳,43433238,97950,12%,14%,18%
文具,文件夹和文件袋,装订器,43435258,97616,12%,14%,18%
文具,文件夹和文件袋,名片夹的可更换块,43435260,94478,12%,14%,18%
文具,文件夹和文件袋,文件夹机制,90133817,971072241,12%,14%,18%
文具,笔盒 ,铅笔盒,17032921,94105,12%,14%,18%
文具,书写用具,铅芯,17032926,94052,12%,14%,18%
文具,书写用具,铅笔,17032928,94054,12%,14%,18%
文具,书写用具,画笔,17034851,94057,12%,14%,18%
文具,书写用具,马克笔,17034853,94058,12%,14%,18%
文具,书写用具,马克笔套装,17034853,94063,12%,14%,18%
文具,书写用具,划粉,17034854,92282,12%,14%,18%
文具,书写用具,粉笔,17034854,94059,12%,14%,18%
文具,书写用具,粉笔架,17034854,971049096,12%,14%,18%
文具,书写用具,铅笔套装,17034856,94061,12%,14%,18%
文具,书写用具,画笔套装,17034857,94062,12%,14%,18%
文具,书写用具,麦克笔套装,17034860,94065,12%,14%,18%
文具,书写用具,毡尖笔喷雾器,17034860,970717894,12%,14%,18%
文具,书写用具,笔套装,17034861,94064,12%,14%,18%
文具,书写用具,笔,17034861,94066,12%,14%,18%
文具,书写用具,书法套装,17034861,971747710,12%,14%,18%
文具,书写用具,笔芯，记号笔墨盒,17034862,94056,12%,14%,18%
文具,书写用具,笔芯,17034862,94067,12%,14%,18%
文具,书写用具,钢笔转换器,17034862,97237,12%,14%,18%
文具,书写用具,美术炭笔,17034864,94069,12%,14%,18%
文具,书写用具,紅堊笔,17034864,971391750,12%,14%,18%
文具,书写用具,美术用棕褐色画材,17034864,971391751,12%,14%,18%
文具,书写用具,素描条,17034864,971391752,12%,14%,18%
文具,书写用具,盲文书写板,200000306,971072354,12%,14%,18%
文具,书写用具,练字器,200000741,971197343,12%,14%,18%
文具,书写用具,标记笔笔尖,200000974,971001289,12%,14%,18%
文具,书写用具,标记笔芯,200000974,971169792,12%,14%,18%
文具,书写用具,制图针管笔,30667917,970731280,12%,14%,18%
文具,书写用具,制图针管笔,30667917,97879,12%,14%,18%
文具,书写用具,羽毛笔架,30667918,97878,12%,14%,18%
文具,书写用具,笔尖,30667919,97877,12%,14%,18%
文具,书写用具,砚石,30667923,970993161,12%,14%,18%
文具,信封和邮递箱,邮政包装袋,17154183,713080978,12%,14%,18%
文具,信封和邮递箱,快递包装袋,17154183,970788192,12%,14%,18%
文具,信封和邮递箱,信封,17154183,97379,12%,14%,18%
文具,信封和邮递箱,包裹箱,80634712,863256798,12%,14%,18%
文具,文具小件,纸夹,17034806,93290,12%,14%,18%
文具,文具小件,图钉,17034811,93294,12%,14%,18%
文具,文具小件,文具别针,17034811,970808621,12%,14%,18%
文具,文具小件,文具刀刃,17034815,93297,12%,14%,18%
文具,文具小件,橡皮筋,17034821,93313,12%,14%,18%
文具,文具小件,订书钉,17034823,93315,12%,14%,18%
文具,文具小件,曲别针,17034825,93316,12%,14%,18%
文具,绘图配件,几何格尺套装,17033344,93286,12%,14%,18%
文具,绘图配件,绘图仪器,17033345,93287,12%,14%,18%
文具,绘图配件,鸭嘴笔,17033345,93314,12%,14%,18%
文具,绘图配件,圆规,17033345,93327,12%,14%,18%
文具,绘图配件,尺子,17034816,93298,12%,14%,18%
文具,绘图配件,三角尺,17034816,93323,12%,14%,18%
文具,绘图配件,万花尺,17034816,970960653,12%,14%,18%
文具,绘图配件,量角器,17034830,93321,12%,14%,18%
文具,绘图配件,画板,83264101,970729015,12%,14%,18%
文具,儿童背包、书包、包,换鞋袋,17032715,94034,12%,14%,18%
文具,商业设备,演示系统,17034795,94485,12%,14%,18%
文具,商业设备,机械自动贩卖机,200000170,971065057,12%,14%,18%
文具,商业设备,机械自动售货机机架,200000170,971096364,12%,14%,18%
文具,商业设备,商用帐篷,200000553,95073,12%,14%,18%
文具,商业设备,兑换机,200000618,971132995,12%,14%,18%
文具,商业设备,纸币验收器盒,200000618,971287223,12%,14%,18%
文具,商业设备,吊牌枪用塑料针扣,200000975,971323480,12%,14%,18%
文具,商业设备,商用设备配件,200001661,972101856,12%,14%,18%
文具,商业设备,信息展示架,71328782,790183771,12%,14%,18%
文具,商业设备,信息展示框,71328782,970615353,12%,14%,18%
文具,商业设备,价签夹,71328782,970615402,12%,14%,18%
文具,商业设备,信息插袋,71328782,970615403,12%,14%,18%
文具,商业设备,三角立牌,71328782,970615775,12%,14%,18%
文具,商业设备,信息展示架,71328782,970615776,12%,14%,18%
文具,商业设备,价签,71328782,970615927,12%,14%,18%
文具,商业设备,快开海报框,71328782,970616815,12%,14%,18%
文具,商业设备,更衣室号码牌,71328782,970986820,12%,14%,18%
文具,商业设备,票据、车票打孔针,71328782,971084704,12%,14%,18%
文具,商业设备,价签标识牌,71328782,971407898,12%,14%,18%
文具,商业设备,购物篮,71503249,970616289,12%,14%,18%
文具,商业设备,购物推车,71503249,970855215,12%,14%,18%
文具,商业设备,购物车钥匙,71503249,971367179,12%,14%,18%
文具,商业设备,硬币盒,71503476,970616288,12%,14%,18%
文具,商业设备,分隔挡板,71697287,970616683,12%,14%,18%
文具,商业设备,商品展示架,71697287,970616770,12%,14%,18%
文具,商业设备,展示柜防盗锁,71697287,971001293,12%,14%,18%
文具,商业设备,促销陈列篮,71697287,971296315,12%,14%,18%
文具,商业设备,取衣杆,71697287,971405336,12%,14%,18%
文具,商业设备,衣架尺码夹,71697287,971437077,12%,14%,18%
文具,商业设备,商品支架,71697287,971440461,12%,14%,18%
文具,商业设备,货物箱,71697287,971448894,12%,14%,18%
文具,商业设备,信息框架配件,71734682,970616821,12%,14%,18%
文具,商业设备,商店LED标牌,80050800,970694426,12%,14%,18%
文具,商业设备,捐款箱、投票箱,88626115,970842796,12%,14%,18%
文具,商业设备,按键计数器,88976115,94316,12%,14%,18%
文具,商业设备,信息材料,89039632,970676645,12%,14%,18%
文具,商业设备,广告横幅,89757539,970865886,12%,14%,18%
文具,商业设备,媒体墙,89757539,971043038,12%,14%,18%
文具,商业设备,公车地铁带广告扶手,89757539,971432456,12%,14%,18%
文具,商业设备,彩池球,99610517,971007683,12%,14%,18%
文具,挂图,挂图,76244575,970665952,12%,14%,18%
文具,电子卡/手环,识别手镯、卡片,80298603,970997659,12%,14%,18%
文具,保险箱和档案柜,档案柜,200000394,970869578,12%,14%,18%
文具,保险箱和档案柜,保险箱,93167674,98058,12%,14%,18%
小百货和配饰,服装首饰,饰品宝石,100662356,971038154,12%,14%,18%
小百货和配饰,服装首饰,戒指,17038228,87458895,12%,14%,18%
小百货和配饰,服装首饰,首饰套装,17038229,87458896,12%,14%,18%
小百货和配饰,服装首饰,吊坠,17038234,87458901,12%,14%,18%
小百货和配饰,服装首饰,耳环,17038235,87593412,12%,14%,18%
小百货和配饰,服装首饰,饰品配件,17038235,970874896,12%,14%,18%
小百货和配饰,服装首饰,链,17038236,87593413,12%,14%,18%
小百货和配饰,服装首饰,面部饰品,17038236,971201815,12%,14%,18%
小百货和配饰,服装首饰,手链,17039096,87458883,12%,14%,18%
小百货和配饰,服装首饰,锁匙扣,17039098,87458885,12%,14%,18%
小百货和配饰,服装首饰,胸针,17039099,87458886,12%,14%,18%
小百货和配饰,服装首饰,徽章,17039099,93762,12%,14%,18%
小百货和配饰,服装首饰,珠链,17039100,87458887,12%,14%,18%
小百货和配饰,服装首饰,包架,17039102,87458889,12%,14%,18%
小百货和配饰,服装首饰,领带夹,17039104,87458890,12%,14%,18%
小百货和配饰,服装首饰,袖扣,17039104,87458891,12%,14%,18%
小百货和配饰,服装首饰,宝石项链,17039107,971168976,12%,14%,18%
小百货和配饰,服装首饰,十字架,43430079,87593407,12%,14%,18%
小百货和配饰,服装首饰,围巾圈,43432810,87593409,12%,14%,18%
小百货和配饰,服装首饰,穿刺饰品,43433301,87593410,12%,14%,18%
小百货和配饰,服装首饰,颈环,43435525,87597164,12%,14%,18%
小百货和配饰,服装首饰,手链吊饰,43435526,87593414,12%,14%,18%
小百货和配饰,服装首饰,细带,43436280,87593415,12%,14%,18%
小百货和配饰,服装首饰,牙钻贴,90459632,970872555,12%,14%,18%
小百货和配饰,配饰,行李锁,17030488,94286,12%,14%,18%
小百货和配饰,配饰,睡眠眼罩,17030499,94295,12%,14%,18%
小百货和配饰,配饰,U型枕,17030504,94310,12%,14%,18%
小百货和配饰,配饰,电脑眼镜,17034868,93865,12%,14%,18%
小百货和配饰,配饰,墨镜,17034869,93866,12%,14%,18%
小百货和配饰,配饰,平光眼镜,17034869,971081388,12%,14%,18%
小百货和配饰,配饰,行李牌,17035833,94279,12%,14%,18%
小百货和配饰,配饰,眼镜盒,17037802,96688,12%,14%,18%
小百货和配饰,配饰,伞,17037805,93352,12%,14%,18%
小百货和配饰,配饰,背包,17037819,115945533,12%,14%,18%
小百货和配饰,配饰,包/袋,17037821,970575517,12%,14%,18%
小百货和配饰,配饰,手提箱套,17037830,94046,12%,14%,18%
小百货和配饰,配饰,腕表,17038215,91758,12%,14%,18%
小百货和配饰,配饰,手帕,17038250,97171,12%,14%,18%
小百货和配饰,配饰,卡包,17038253,971092190,12%,14%,18%
小百货和配饰,配饰,文件收纳箱,17038254,970870896,12%,14%,18%
小百货和配饰,配饰,袖珍钥匙扣,17038256,93334,12%,14%,18%
小百货和配饰,配饰,胸包,17038516,94012,12%,14%,18%
小百货和配饰,配饰,防震箱,17038524,94018,12%,14%,18%
小百货和配饰,配饰,折叠手推车,17038534,94319,12%,14%,18%
小百货和配饰,配饰,行李箱,17038536,115945552,12%,14%,18%
小百货和配饰,配饰,怀表,17039093,91756,12%,14%,18%
小百货和配饰,配饰,化妆包,17039122,93337,12%,14%,18%
小百货和配饰,配饰,钱包,17039123,93338,12%,14%,18%
小百货和配饰,配饰,文件保护套,17039126,93341,12%,14%,18%
小百货和配饰,配饰,行李箱五金配件,200000552,971110560,12%,14%,18%
小百货和配饰,配饰,旅行套装,200000750,970860497,12%,14%,18%
小百货和配饰,配饰,小皮具、饰品套装,43432814,93335,12%,14%,18%
小百货和配饰,配饰,表带、表链,43433919,971301216,12%,14%,18%
小百货和配饰,配饰,手表配件,43433919,971302241,12%,14%,18%
小百货和配饰,配饰,旅行箱,43433922,94024,12%,14%,18%
小百货和配饰,配饰,旅行收纳箱,43433922,94307,12%,14%,18%
小百货和配饰,配饰,行李打包带,43434119,94313,12%,14%,18%
小百货和配饰,配饰,手提包、背包配件,43434617,99510,12%,14%,18%
小百货和配饰,配饰,眼镜挂绳,43436563,98462,12%,14%,18%
小百货和配饰,配饰,军服配件,78153311,970682681,12%,14%,18%
小百货和配饰,配饰,伞套,93484011,970966841,12%,14%,18%
小百货和配饰,服装和鞋类配件,服装护理产品,17031945,95309,12%,14%,18%
小百货和配饰,服装和鞋类配件,鞋用海绵,17035049,94606,12%,14%,18%
小百货和配饰,服装和鞋类配件,鞋拔子,17035054,94611,12%,14%,18%
小百货和配饰,服装和鞋类配件,脱鞋架,17035054,970870524,12%,14%,18%
小百货和配饰,服装和鞋类配件,毛球修剪器,17035055,94612,12%,14%,18%
小百货和配饰,服装和鞋类配件,粘毛器替换纸芯,17036829,94608,12%,14%,18%
小百货和配饰,服装和鞋类配件,衣物清洁滚筒,17036829,94615,12%,14%,18%
小百货和配饰,服装和鞋类配件,干鞋机,17036833,94619,12%,14%,18%
小百货和配饰,服装和鞋类配件,裤子脚踩带,17036836,887420108,12%,14%,18%
小百货和配饰,服装和鞋类配件,鞋带,17036836,94622,12%,14%,18%
小百货和配饰,服装和鞋类配件,手套松紧带,17036836,970836651,12%,14%,18%
小百货和配饰,服装和鞋类配件,鞋带紧固件,17036836,971042048,12%,14%,18%
小百货和配饰,服装和鞋类配件,衣鞋刷,17036837,94623,12%,14%,18%
小百货和配饰,服装和鞋类配件,服装衬垫,17036838,970807508,12%,14%,18%
小百货和配饰,服装和鞋类配件,鞋撑,200000738,94609,12%,14%,18%
小百货和配饰,服装和鞋类配件,鞋类装饰,200000738,971171428,12%,14%,18%
小百货和配饰,服装和鞋类配件,鞋底防滑贴纸,200000738,971362877,12%,14%,18%
小百货和配饰,服装和鞋类配件,智必星,43429294,94607,12%,14%,18%
小百货和配饰,服装和鞋类配件,鞋类护理产品,43429548,95308,12%,14%,18%
小百货和配饰,服装和鞋类配件,鞋垫,43434680,94605,12%,14%,18%
小百货和配饰,服装和鞋类配件,鞋垫,43434680,94618,12%,14%,18%
小百货和配饰,服装和鞋类配件,冰爪,43434683,592744673,12%,14%,18%
小百货和配饰,服装和鞋类配件,雪地行走器,43434683,94617,12%,14%,18%
小百货和配饰,服装和鞋类配件,冰爪,43434683,98167,12%,14%,18%
小百货和配饰,服装和鞋类配件,鞋用防雨套,43435562,741917976,12%,14%,18%
小百货和配饰,服装和鞋类配件,脚长测量器,50916357,268217793,12%,14%,18%
小百货和配饰,服装和鞋类配件,防水剂,56184793,970700299,12%,14%,18%
小百货和配饰,发饰,头冠,29183772,97573,12%,14%,18%
小百货和配饰,发饰,发髻圈,29183774,970659588,12%,14%,18%
小百货和配饰,发饰,梳子,29183776,97572,12%,14%,18%
小百货和配饰,发饰,发卡,29183776,97576,12%,14%,18%
小百货和配饰,发饰,细发针,29183780,97579,12%,14%,18%
小百货和配饰,发饰,睡帽,29183781,970682680,12%,14%,18%
小百货和配饰,发饰,发箍,29183781,97574,12%,14%,18%
小百货和配饰,发饰,束发带,29183781,97575,12%,14%,18%
小百货和配饰,发饰,发网,29183783,970982035,12%,14%,18%
小百货和配饰,发饰,头绳,29183783,97571,12%,14%,18%
小百货和配饰,发饰,发饰套装,29183783,97581,12%,14%,18%
小百货和配饰,发饰,蝴蝶结发卡,41587918,97570,12%,14%,18%
小百货和配饰,发饰,发簪,41587921,97580,12%,14%,18%
住宅和花园,桑拿和浴室配件,马桶洁厕宝,17037833,92009,12%,14%,20%
住宅和花园,桑拿和浴室配件,毛巾架,17037833,92010,12%,14%,20%
住宅和花园,桑拿和浴室配件,纸巾分配器,17037833,92013,12%,14%,20%
住宅和花园,桑拿和浴室配件,液体香皂分配器,17037837,92014,12%,14%,20%
住宅和花园,桑拿和浴室配件,分配器配饰,17037837,970675230,12%,14%,20%
住宅和花园,桑拿和浴室配件,浴室窗帘环,17037843,92022,12%,14%,20%
住宅和花园,桑拿和浴室配件,皂碟,17037848,92029,12%,14%,20%
住宅和花园,桑拿和浴室配件,牙刷杯,17037858,92044,12%,14%,20%
住宅和花园,桑拿和浴室配件,马桶刷,17038537,92017,12%,14%,20%
住宅和花园,桑拿和浴室配件,桑拿用品套装,17038542,92000,12%,14%,20%
住宅和花园,桑拿和浴室配件,桑拿头枕,17038543,92033,12%,14%,20%
住宅和花园,桑拿和浴室配件,桑拿手套,17038543,92040,12%,14%,20%
住宅和花园,桑拿和浴室配件,桑拿垫,17038543,93656,12%,14%,20%
住宅和花园,桑拿和浴室配件,桑拿床垫,17038543,971117757,12%,14%,20%
住宅和花园,桑拿和浴室配件,桑拿靠背,17038543,972879685,12%,14%,20%
住宅和花园,桑拿和浴室配件,桑拿扫帚,17038544,92002,12%,14%,20%
住宅和花园,桑拿和浴室配件,桑拿扇,17038544,971104653,12%,14%,20%
住宅和花园,桑拿和浴室配件,桑拿帽,17038553,92051,12%,14%,20%
住宅和花园,桑拿和浴室配件,浴枕,17038556,92035,12%,14%,20%
住宅和花园,桑拿和浴室配件,桑拿木桶制品,43430372,92025,12%,14%,20%
住宅和花园,桑拿和浴室配件,牙膏分配器,88783717,504866276,12%,14%,20%
住宅和花园,桑拿和浴室配件,卫生袋抽取盒,88783717,92006,12%,14%,20%
住宅和花园,桑拿和浴室配件,浴室支架,88783717,92008,12%,14%,20%
住宅和花园,桑拿和浴室配件,卫生纸架,88783717,92011,12%,14%,20%
住宅和花园,桑拿和浴室配件,牙刷盒,88783717,92048,12%,14%,20%
住宅和花园,桑拿和浴室配件,浴室套装,88936015,92030,12%,14%,20%
住宅和花园,桑拿和浴室配件,桑拿房用石 ,89308000,970707076,12%,14%,20%
住宅和花园,桑拿和浴室配件,桑拿蒸发器,93190419,970957180,12%,14%,20%
住宅和花园,装饰和房间内饰,地址牌,17034794,257687106,12%,14%,20%
住宅和花园,装饰和房间内饰,装饰牌,17034794,257687111,12%,14%,20%
住宅和花园,装饰和房间内饰,信息板,17034794,257687128,12%,14%,20%
住宅和花园,装饰和房间内饰,报纸架,17037887,95471,12%,14%,20%
住宅和花园,装饰和房间内饰,装饰支架,17037887,970752275,12%,14%,20%
住宅和花园,装饰和房间内饰,底座,17037887,971738440,12%,14%,20%
住宅和花园,装饰和房间内饰,室内贴纸,17038562,91971,12%,14%,20%
住宅和花园,装饰和房间内饰,装饰画板,17038565,91973,12%,14%,20%
住宅和花园,装饰和房间内饰,花瓶,17038575,91936,12%,14%,20%
住宅和花园,装饰和房间内饰,织锦挂毯,17038580,91939,12%,14%,20%
住宅和花园,装饰和房间内饰,画,17038580,91955,12%,14%,20%
住宅和花园,装饰和房间内饰,装饰画,17038588,91976,12%,14%,20%
住宅和花园,装饰和房间内饰,海报,17038588,91987,12%,14%,20%
住宅和花园,装饰和房间内饰,节日横幅,17038588,971084476,12%,14%,20%
住宅和花园,装饰和房间内饰,小雕像,17038593,91992,12%,14%,20%
住宅和花园,装饰和房间内饰,工艺小雕像,17038593,91996,12%,14%,20%
住宅和花园,装饰和房间内饰,装饰石材,17038596,91945,12%,14%,20%
住宅和花园,装饰和房间内饰,家用喷泉,17038596,93652,12%,14%,20%
住宅和花园,装饰和房间内饰,室内装饰品,17038596,970959847,12%,14%,20%
住宅和花园,装饰和房间内饰,镜框,200000824,970713862,12%,14%,20%
住宅和花园,装饰和房间内饰,假窗户,200000824,971102365,12%,14%,20%
住宅和花园,装饰和房间内饰,室内装饰瓶架,43429243,91947,12%,14%,20%
住宅和花园,装饰和房间内饰,门牌号码,43430534,257687166,12%,14%,20%
住宅和花园,装饰和房间内饰,门挡,43434622,91993,12%,14%,20%
住宅和花园,装饰和房间内饰,书立,43434622,99229,12%,14%,20%
住宅和花园,装饰和房间内饰,墙面、窗户装饰用模板,50916361,268217790,12%,14%,20%
住宅和花园,装饰和房间内饰,沙发扶手垫,88535364,970664084,12%,14%,20%
住宅和花园,装饰和房间内饰,图画紧固件,88983435,970725250,12%,14%,20%
住宅和花园,装饰和房间内饰,温度计,89830184,15869053,12%,14%,20%
住宅和花园,烹饪配件,大汤勺,17031978,92555,12%,14%,20%
住宅和花园,烹饪配件,手动粉碎机,17035002,92366,12%,14%,20%
住宅和花园,烹饪配件,奶酪切片机,17035002,92416,12%,14%,20%
住宅和花园,烹饪配件,擦菜板,17035002,92417,12%,14%,20%
住宅和花园,烹饪配件,水果和蔬菜切片机,17035002,92435,12%,14%,20%
住宅和花园,烹饪配件,水果和蔬菜削皮机,17035002,92436,12%,14%,20%
住宅和花园,烹饪配件,鱼鳞刨,17035002,970799661,12%,14%,20%
住宅和花园,烹饪配件,水果和蔬菜切片机配件,17035002,971099402,12%,14%,20%
住宅和花园,烹饪配件,冰淇淋模具,17035246,92425,12%,14%,20%
住宅和花园,烹饪配件,厨房镊子,17035250,92393,12%,14%,20%
住宅和花园,烹饪配件,调料注射器,17035250,92568,12%,14%,20%
住宅和花园,烹饪配件,食品纸,17037388,92353,12%,14%,20%
住宅和花园,烹饪配件,食品级铝箔,17037388,92422,12%,14%,20%
住宅和花园,烹饪配件,烹饪垫,17037388,970791754,12%,14%,20%
住宅和花园,烹饪配件,蜂蜡保鲜布,17037388,970889086,12%,14%,20%
住宅和花园,烹饪配件,烹饪袋,17037388,97559,12%,14%,20%
住宅和花园,烹饪配件,食品薄膜,17037388,97560,12%,14%,20%
住宅和花园,烹饪配件,冰格、糖果模具,17037390,92424,12%,14%,20%
住宅和花园,烹饪配件,手动咖啡研磨机,17037399,92370,12%,14%,20%
住宅和花园,烹饪配件,手摇磨豆机配件,17037399,971158326,12%,14%,20%
住宅和花园,烹饪配件,厨房挂架,17037400,92358,12%,14%,20%
住宅和花园,烹饪配件,吧台收纳架,17037400,971297805,12%,14%,20%
住宅和花园,烹饪配件,沥水篮,17037401,92359,12%,14%,20%
住宅和花园,烹饪配件,量杯,17037402,92360,12%,14%,20%
住宅和花园,烹饪配件,散装食品、冰铲,17037402,970675141,12%,14%,20%
住宅和花园,烹饪配件,肉锤、嫩化机,17037408,92380,12%,14%,20%
住宅和花园,烹饪配件,手动榨汁机,17037413,92410,12%,14%,20%
住宅和花园,烹饪配件,裱花袋用花嘴,17037418,92386,12%,14%,20%
住宅和花园,烹饪配件,裱花袋,17037418,92427,12%,14%,20%
住宅和花园,烹饪配件,烘焙注料器,17037418,970891251,12%,14%,20%
住宅和花园,烹饪配件,切蛋器,17037422,92431,12%,14%,20%
住宅和花园,烹饪配件,洁蛋器,17037422,970861038,12%,14%,20%
住宅和花园,烹饪配件,厨房挂钩套装,17037700,92374,12%,14%,20%
住宅和花园,烹饪配件,烹饪叉,17037701,92356,12%,14%,20%
住宅和花园,烹饪配件,烹饪勺子,17037701,92375,12%,14%,20%
住宅和花园,烹饪配件,提袋器,17037702,352274040,12%,14%,20%
住宅和花园,烹饪配件,手指保护器,17037702,970960558,12%,14%,20%
住宅和花园,烹饪配件,冰桶,17037705,92354,12%,14%,20%
住宅和花园,烹饪配件,打蛋器,17037706,92355,12%,14%,20%
住宅和花园,烹饪配件,手动奶泡器,17037706,970736822,12%,14%,20%
住宅和花园,烹饪配件,抹茶器具套装,17037706,970874915,12%,14%,20%
住宅和花园,烹饪配件,厨房漏斗,17037708,115943864,12%,14%,20%
住宅和花园,烹饪配件,小吃签,17037709,92385,12%,14%,20%
住宅和花园,烹饪配件,刀具，剪刀研磨器,17037711,94462,12%,14%,20%
住宅和花园,烹饪配件,磨刀棒,17037711,970862416,12%,14%,20%
住宅和花园,烹饪配件,磨床配件,17037711,971015746,12%,14%,20%
住宅和花园,烹饪配件,摆盘板,17037713,447957738,12%,14%,20%
住宅和花园,烹饪配件,砧板,17037713,92402,12%,14%,20%
住宅和花园,烹饪配件,快速解冻板,17037713,970836173,12%,14%,20%
住宅和花园,烹饪配件,揉捻板,17037713,971115198,12%,14%,20%
住宅和花园,烹饪配件,防烫夹,17037714,92403,12%,14%,20%
住宅和花园,烹饪配件,纸巾盒,17037715,92404,12%,14%,20%
住宅和花园,烹饪配件,餐巾圈,17037715,970863820,12%,14%,20%
住宅和花园,烹饪配件,泡茶用滤茶球,17037717,92406,12%,14%,20%
住宅和花园,烹饪配件,马黛茶吸管,17037717,971061860,12%,14%,20%
住宅和花园,烹饪配件,筛子,17037718,92407,12%,14%,20%
住宅和花园,烹饪配件,果蔬擦拭巾,17037718,971004063,12%,14%,20%
住宅和花园,烹饪配件,擀面杖,17037719,92408,12%,14%,20%
住宅和花园,烹饪配件,餐盘,17037905,92395,12%,14%,20%
住宅和花园,烹饪配件,茶盘,17037905,971418178,12%,14%,20%
住宅和花园,烹饪配件,刀架,17037908,92397,12%,14%,20%
住宅和花园,烹饪配件,厨房用品保护套,17037908,971043241,12%,14%,20%
住宅和花园,烹饪配件,坚果钳,17038600,92389,12%,14%,20%
住宅和花园,烹饪配件,土豆捣泥器,17038600,92399,12%,14%,20%
住宅和花园,烹饪配件,压蒜器,17038600,92401,12%,14%,20%
住宅和花园,烹饪配件,沙拉、绿叶菜脱水器,17038605,92415,12%,14%,20%
住宅和花园,烹饪配件,烹饪刷,17038781,92368,12%,14%,20%
住宅和花园,烹饪配件,蛋糕装饰造型工具套装,17038781,92372,12%,14%,20%
住宅和花园,烹饪配件,烘焙套件,17038781,92456,12%,14%,20%
住宅和花园,烹饪配件,面团压面轮,17038781,970791945,12%,14%,20%
住宅和花园,烹饪配件,面包、糕点冷却架,17038781,970855208,12%,14%,20%
住宅和花园,烹饪配件,蛋糕醋酸纤维纸,17038781,970869763,12%,14%,20%
住宅和花园,烹饪配件,烘焙晾网,17038781,970942316,12%,14%,20%
住宅和花园,烹饪配件,厨房喷火枪,17038781,971080182,12%,14%,20%
住宅和花园,烹饪配件,糖果喷枪,17038781,971137214,12%,14%,20%
住宅和花园,烹饪配件,面团醒发布,17038781,971202492,12%,14%,20%
住宅和花园,烹饪配件,烹饪棉线,17038781,97558,12%,14%,20%
住宅和花园,烹饪配件,防溅盖,17038784,92440,12%,14%,20%
住宅和花园,烹饪配件,微波炉盖 ,17038784,970805013,12%,14%,20%
住宅和花园,烹饪配件,茶、咖啡过滤网,17039800,95806,12%,14%,20%
住宅和花园,烹饪配件,温度计探头配件,17039814,971161563,12%,14%,20%
住宅和花园,烹饪配件,烹饪温度计,17039814,97623,12%,14%,20%
住宅和花园,烹饪配件,手动绞肉机,43433944,970792658,12%,14%,20%
住宅和花园,烹饪配件,漏勺,43436286,92429,12%,14%,20%
住宅和花园,烹饪配件,烹饪铲,88274127,92376,12%,14%,20%
住宅和花园,烹饪配件,糕点抹刀,88274127,970954740,12%,14%,20%
住宅和花园,烹饪配件,食品容器,88628672,970834482,12%,14%,20%
住宅和花园,烹饪配件,切面器,88748489,92378,12%,14%,20%
住宅和花园,烹饪配件,面条晾晒架,88748489,92413,12%,14%,20%
住宅和花园,烹饪配件,切面器配件,88748489,970977225,12%,14%,20%
住宅和花园,烹饪配件,擀面机,88748489,971309776,12%,14%,20%
住宅和花园,烹饪配件,罐头制作套装,88748491,593367367,12%,14%,20%
住宅和花园,烹饪配件,封罐机,88748491,92363,12%,14%,20%
住宅和花园,烹饪配件,罐头消毒器,88748491,970859925,12%,14%,20%
住宅和花园,烹饪配件,食品罐头真空系统,88748491,970859940,12%,14%,20%
住宅和花园,烹饪配件,烹饪模板,90846894,92420,12%,14%,20%
住宅和花园,烹饪配件,烹饪模具,90846894,970878334,12%,14%,20%
住宅和花园,烹饪配件,烤饼印花锤,90846894,971309520,12%,14%,20%
住宅和花园,烹饪配件,寿司制作套装,91150498,970882089,12%,14%,20%
住宅和花园,烹饪配件,炉灶配件,91977208,970942532,12%,14%,20%
住宅和花园,烹饪配件,家用高压灭菌器,96451856,970619001,12%,14%,20%
住宅和花园,烹饪配件,高压灭菌锅配件,96451856,971887763,12%,14%,20%
住宅和花园,衣架,门挂架,17037721,93669,12%,14%,20%
住宅和花园,衣架,家用挂钩,17037721,93676,12%,14%,20%
住宅和花园,衣架,家具挂钩,17037721,94527,12%,14%,20%
住宅和花园,衣架,衣架,17037725,93668,12%,14%,20%
住宅和花园,衣架,衣服整理架,17037725,971001227,12%,14%,20%
住宅和花园,衣架,衣架防滑套,17037725,971226091,12%,14%,20%
住宅和花园,衣架,宠物衣服架,17037725,971306932,12%,14%,20%
住宅和花园,衣架,落地衣架,43429256,93670,12%,14%,20%
住宅和花园,衣架,吊顶式挂衣杆,43429256,971166270,12%,14%,20%
住宅和花园,烫衣板和烘干机,烫衣板套,17037432,93687,12%,14%,20%
住宅和花园,烫衣板和烘干机,熨衣板配件,17037432,970843250,12%,14%,20%
住宅和花园,烫衣板和烘干机,熨烫板,17037731,93680,12%,14%,20%
住宅和花园,烫衣板和烘干机,晾衣架,17037733,93682,12%,14%,20%
住宅和花园,烫衣板和烘干机,晾衣架配件,17037733,971035115,12%,14%,20%
住宅和花园,烫衣板和烘干机,熨斗配件,17039980,93681,12%,14%,20%
住宅和花园,菜刀,奶酪切片器套件,43433340,568746176,12%,14%,20%
住宅和花园,炉子,燃木炉,17036804,96037,12%,14%,20%
住宅和花园,炉子,电加热器,17036804,96040,12%,14%,20%
住宅和花园,炉子,燃气炉,17036804,971013046,12%,14%,20%
住宅和花园,炉子,生态壁炉,17036806,96038,12%,14%,20%
住宅和花园,炉子,火炉-壁炉,17036806,971001226,12%,14%,20%
住宅和花园,炉子,桑拿蒸汽发生器,17036807,96039,12%,14%,20%
住宅和花园,炉子,桑拿房蒸汽机备件,17036807,971306157,12%,14%,20%
住宅和花园,炉子,木柴架,17037839,92016,12%,14%,20%
住宅和花园,炉子,生物壁炉装饰,17037867,756711260,12%,14%,20%
住宅和花园,炉子,壁炉套装,17037867,91968,12%,14%,20%
住宅和花园,炉子,壁炉防护屏,17037867,91998,12%,14%,20%
住宅和花园,炉子,烟囱清洁刷,17037867,970721638,12%,14%,20%
住宅和花园,炉子,炉钩,17037867,971002657,12%,14%,20%
住宅和花园,炉子,柴火、煤钳,17037867,971002658,12%,14%,20%
住宅和花园,炉子,煤、灰烬铲,17037867,971002659,12%,14%,20%
住宅和花园,炉子,壁炉装饰套,89188556,91986,12%,14%,20%
住宅和花园,炉子,炉灶、壁炉配件,91696721,970890460,12%,14%,20%
住宅和花园,炉子,桑拿炉储水桶,91696721,970965243,12%,14%,20%
住宅和花园,炉子,桑拿热交换器,91696721,971109081,12%,14%,20%
住宅和花园,炉子,炉子装饰框架,91696721,971405113,12%,14%,20%
住宅和花园,炉子,垃圾焚烧炉,92448837,970952445,12%,14%,20%
住宅和花园,烟花和焰火,蛋糕烟花蜡烛,43429290,971005818,12%,14%,20%
住宅和花园,烟花和焰火,鞭炮,43433348,95516,12%,14%,20%
住宅和花园,烟花和焰火,烟火套装,43433349,95514,12%,14%,20%
住宅和花园,烟花和焰火,烟花,43433983,95518,12%,14%,20%
住宅和花园,烟花和焰火,烟火喷泉,43435559,95519,12%,14%,20%
住宅和花园,烟花和焰火,烟花,43443306,95511,12%,14%,20%
住宅和花园,烟花和焰火,仙女棒,43443307,95512,12%,14%,20%
住宅和花园,烟花和焰火,礼花弹发射筒,89077110,970859642,12%,14%,20%
住宅和花园,烟花和焰火,彩色烟雾,90342672,970824549,12%,14%,20%
住宅和花园,烟花和焰火,信号火炬,90342672,970987107,12%,14%,20%
住宅和花园,饮具及附属用品,开瓶器,17035001,92434,12%,14%,20%
住宅和花园,饮具及附属用品,高脚杯,17036808,92476,12%,14%,20%
住宅和花园,饮具及附属用品,瓶子,17036809,92477,12%,14%,20%
住宅和花园,饮具及附属用品,鸡尾酒吸管,17036810,92488,12%,14%,20%
住宅和花园,饮具及附属用品,摇摇杯,17036812,92490,12%,14%,20%
住宅和花园,饮具及附属用品,玻璃水瓶,17036815,92478,12%,14%,20%
住宅和花园,饮具及附属用品,凉水壶,17036815,92479,12%,14%,20%
住宅和花园,饮具及附属用品,玻璃杯、瓶子的装饰,17036816,93815,12%,14%,20%
住宅和花园,饮具及附属用品,软木塞,17036818,92482,12%,14%,20%
住宅和花园,饮具及附属用品,玻璃杯,17036820,92484,12%,14%,20%
住宅和花园,饮具及附属用品,酒杯,17036823,92483,12%,14%,20%
住宅和花园,饮具及附属用品,小酒杯,17036823,92486,12%,14%,20%
住宅和花园,饮具及附属用品,葡萄酒曝气器,17037412,63569938,12%,14%,20%
住宅和花园,饮具及附属用品,葡萄酒配件,17037412,92384,12%,14%,20%
住宅和花园,饮具及附属用品,香槟刀,17037412,970841269,12%,14%,20%
住宅和花园,饮具及附属用品, 红酒开瓶器,17037419,92428,12%,14%,20%
住宅和花园,饮具及附属用品,隔热垫,17038599,92398,12%,14%,20%
住宅和花园,饮具及附属用品,电水壶加热底座,17038599,970872471,12%,14%,20%
住宅和花园,饮具及附属用品,酒具套装,17039983,92481,12%,14%,20%
住宅和花园,饮具及附属用品,马克杯支架,17039983,96376,12%,14%,20%
住宅和花园,饮具及附属用品,醒酒器,19330159,115948973,12%,14%,20%
住宅和花园,饮具及附属用品,饮料机,19330160,97478,12%,14%,20%
住宅和花园,饮具及附属用品,饮料冷却器,34279585,970997907,12%,14%,20%
住宅和花园,饮具及附属用品,调酒捣棒,34279586,98186,12%,14%,20%
住宅和花园,饮具及附属用品,量酒器,34279587,98187,12%,14%,20%
住宅和花园,饮具及附属用品,滴酒盘,34783300,63569936,12%,14%,20%
住宅和花园,饮具及附属用品,调酒师套装,34783300,970871316,12%,14%,20%
住宅和花园,饮具及附属用品,过滤器,34783300,970943104,12%,14%,20%
住宅和花园,饮具及附属用品,手动碎冰机,34783300,971054435,12%,14%,20%
住宅和花园,饮具及附属用品,小酒杯座,34783300,971067224,12%,14%,20%
住宅和花园,饮具及附属用品,咖啡拉花工具,34783300,971450448,12%,14%,20%
住宅和花园,饮具及附属用品,饮料分配器,43429291,98184,12%,14%,20%
住宅和花园,毛毯和床罩,毛毯,17035033,92634,12%,14%,20%
住宅和花园,毛毯和床罩,床罩,17035038,92638,12%,14%,20%
住宅和花园,毛毯和床罩,床裙,17035038,971115053,12%,14%,20%
住宅和花园,毛毯和床罩,家具保护套,43435561,92641,12%,14%,20%
住宅和花园,毛毯和床罩,防宠物抓挠沙发罩,43435561,971093280,12%,14%,20%
住宅和花园,用于气泡水的保温瓶、保温杯和虹吸管,气泡水虹吸瓶,17035043,92573,12%,14%,20%
住宅和花园,用于气泡水的保温瓶、保温杯和虹吸管,苏打水机配件,17035043,971893197,12%,14%,20%
住宅和花园,用于气泡水的保温瓶、保温杯和虹吸管,保暖杯,17035044,92574,12%,14%,20%
住宅和花园,用于气泡水的保温瓶、保温杯和虹吸管,热水瓶,17036825,92576,12%,14%,20%
住宅和花园,用于气泡水的保温瓶、保温杯和虹吸管,保温锅,92377244,970880053,12%,14%,20%
住宅和花园,用于气泡水的保温瓶、保温杯和虹吸管,保温瓶配件,99008877,99447,12%,14%,20%
住宅和花园,野餐用品,木屑容器,17031943,702556876,12%,14%,20%
住宅和花园,野餐用品,熏制用木片,17031943,95747,12%,14%,20%
住宅和花园,野餐用品,蓄冷剂,17035057,94339,12%,14%,20%
住宅和花园,野餐用品,烧烤工具套装,17035062,115945855,12%,14%,20%
住宅和花园,野餐用品,烤架清洁剂,17035062,238989882,12%,14%,20%
住宅和花园,野餐用品,烧烤铲,17035062,504866280,12%,14%,20%
住宅和花园,野餐用品,烧烤、烤肉模具,17035062,702556875,12%,14%,20%
住宅和花园,野餐用品,烧烤工具收纳包,17035062,702661764,12%,14%,20%
住宅和花园,野餐用品,烧烤叉,17035062,94341,12%,14%,20%
住宅和花园,野餐用品,野餐篮,17035062,94345,12%,14%,20%
住宅和花园,野餐用品,野餐套装,17035062,94350,12%,14%,20%
住宅和花园,野餐用品,三脚架,17035062,94358,12%,14%,20%
住宅和花园,野餐用品,烤饼工具套装,17035062,970860983,12%,14%,20%
住宅和花园,野餐用品,烧烤多功能工具,17035062,970862355,12%,14%,20%
住宅和花园,野餐用品,烤串架,17035062,970877827,12%,14%,20%
住宅和花园,野餐用品,烤串支架,17035062,971102381,12%,14%,20%
住宅和花园,野餐用品,食物防蝇罩,17035062,971156481,12%,14%,20%
住宅和花园,野餐用品,烧烤网,17035066,94354,12%,14%,20%
住宅和花园,野餐用品,野餐火盆,17036850,115945849,12%,14%,20%
住宅和花园,野餐用品,烟熏箱,17036850,94344,12%,14%,20%
住宅和花园,野餐用品,坦杜尔烤炉,17036850,94356,12%,14%,20%
住宅和花园,野餐用品,萨吉烧烤盘,17036850,970892534,12%,14%,20%
住宅和花园,野餐用品,木柴,200000783,970896775,12%,14%,20%
住宅和花园,野餐用品,芬兰蜡烛,200000783,971035594,12%,14%,20%
住宅和花园,野餐用品,点火木屑,200000783,971291458,12%,14%,20%
住宅和花园,野餐用品,炭,200001414,504866281,12%,14%,20%
住宅和花园,野餐用品,燃料颗粒、煤砖,200001696,790183772,12%,14%,20%
住宅和花园,野餐用品,点火轮,200001696,970957185,12%,14%,20%
住宅和花园,野餐用品,俄式烤肉炉,43432839,94347,12%,14%,20%
住宅和花园,野餐用品,萨吉锅、保温餐炉用燃料,43434686,970973519,12%,14%,20%
住宅和花园,野餐用品,保暖袋,43434687,94357,12%,14%,20%
住宅和花园,野餐用品,保温袋发热片,43434687,970826009,12%,14%,20%
住宅和花园,野餐用品,烤串自动旋转器,43435565,970874897,12%,14%,20%
住宅和花园,野餐用品,烧烤签,43435565,971049134,12%,14%,20%
住宅和花园,野餐用品,烧烤炉,43443312,94340,12%,14%,20%
住宅和花园,野餐用品,低温慢煮器,43443312,970865473,12%,14%,20%
住宅和花园,野餐用品,大锅灶,43443312,970949534,12%,14%,20%
住宅和花园,野餐用品,烧烤炉,43443312,971102359,12%,14%,20%
住宅和花园,野餐用品,火柴,43443466,431787897,12%,14%,20%
住宅和花园,野餐用品,野餐火把,43443466,971079308,12%,14%,20%
住宅和花园,野餐用品,篝火盆,88997439,94346,12%,14%,20%
住宅和花园,野餐用品,火盆配件,88997439,970889580,12%,14%,20%
住宅和花园,野餐用品,烤架、火盆、熏烟房配件,88997459,970946624,12%,14%,20%
住宅和花园,野餐用品,炭块引燃器,93233429,713080979,12%,14%,20%
住宅和花园,野餐用品,烧烤扇,93233429,970956113,12%,14%,20%
住宅和花园,滤水器,净水离子发生器,17035071,920153135,12%,14%,20%
住宅和花园,滤水器,反渗透净水系统,17035071,94592,12%,14%,20%
住宅和花园,滤水器,水槽嵌入式净水机,17035071,94596,12%,14%,20%
住宅和花园,滤水器,流动软水器,17035071,970683123,12%,14%,20%
住宅和花园,滤水器,净水系统,17035071,97074,12%,14%,20%
住宅和花园,滤水器,紫外线净化装置,17035071,970956451,12%,14%,20%
住宅和花园,滤水器,磁化水处理器,17035071,970973763,12%,14%,20%
住宅和花园,滤水器,反渗透泵,17035071,970985979,12%,14%,20%
住宅和花园,滤水器,曝气柱,17035071,970987203,12%,14%,20%
住宅和花园,滤水器,水井过滤器,17035071,971052661,12%,14%,20%
住宅和花园,滤水器,水过滤器配件,17036854,94589,12%,14%,20%
住宅和花园,滤水器,过滤器替换滤芯,17036854,94593,12%,14%,20%
住宅和花园,滤水器,滤料填充过滤器,17036854,970797421,12%,14%,20%
住宅和花园,滤水器,过滤器控制单元,17036854,971124821,12%,14%,20%
住宅和花园,滤水器,净水器滤芯填充物,17036854,971306292,12%,14%,20%
住宅和花园,滤水器,过滤瓶,17036864,94599,12%,14%,20%
住宅和花园,滤水器,野外过滤器,17036864,94600,12%,14%,20%
住宅和花园,滤水器,过滤罐,17036864,94601,12%,14%,20%
住宅和花园,滤水器,储水式过滤壶,17036864,971065466,12%,14%,20%
住宅和花园,滤水器,水龙头过滤嘴,17036865,94602,12%,14%,20%
住宅和花园,滤水器,水质检测仪,51453194,970718137,12%,14%,20%
住宅和花园,滤水器,直饮水台,99558272,94683,12%,14%,20%
住宅和花园,相框和相册,相册,17035072,95468,12%,14%,20%
住宅和花园,相框和相册,相框,17035073,115946973,12%,14%,20%
住宅和花园,相框和相册,框架用玻璃,17035073,971327048,12%,14%,20%
住宅和花园,相框和相册,照片架,43429296,98504,12%,14%,20%
住宅和花园,食物贮藏,面包箱,17032791,93725,12%,14%,20%
住宅和花园,食物贮藏,食品储存罐,17035077,93724,12%,14%,20%
住宅和花园,食物贮藏,干货分配器,17035077,970952659,12%,14%,20%
住宅和花园,食物贮藏,茶叶罐,17035077,971115251,12%,14%,20%
住宅和花园,食物贮藏,厨房夹,17035083,92362,12%,14%,20%
住宅和花园,食物贮藏,塑料袋收纳器,17035083,971311575,12%,14%,20%
住宅和花园,食物贮藏,食品容器,17035084,93712,12%,14%,20%
住宅和花园,食物贮藏,冰箱收纳箱,17035084,970742618,12%,14%,20%
住宅和花园,食物贮藏,食品容器配件,17035084,971120371,12%,14%,20%
住宅和花园,食物贮藏,柠檬容器,17036232,93718,12%,14%,20%
住宅和花园,食物贮藏,盐瓶,17036235,93704,12%,14%,20%
住宅和花园,食物贮藏,液体容器,17036235,93708,12%,14%,20%
住宅和花园,食物贮藏,香料套装,17036235,93720,12%,14%,20%
住宅和花园,食物贮藏,带分隔物的香料容器,17036235,970834493,12%,14%,20%
住宅和花园,食物贮藏,黄油盒、奶酪盒,17036239,92504,12%,14%,20%
住宅和花园,食物贮藏,香料研磨器,17037407,92379,12%,14%,20%
住宅和花园,食物贮藏,食品桶,24694374,970896625,12%,14%,20%
住宅和花园,食物贮藏,运输桶,24694374,971045181,12%,14%,20%
住宅和花园,食物贮藏,桶盖密封垫圈,24694374,971108815,12%,14%,20%
住宅和花园,食物贮藏,食品提桶,24694374,97498,12%,14%,20%
住宅和花园,食物贮藏,保温袋,80733152,195360333,12%,14%,20%
住宅和花园,食物贮藏,食品包装袋,80733152,93722,12%,14%,20%
住宅和花园,食物贮藏,纸袋,80733152,970731577,12%,14%,20%
住宅和花园,食物贮藏,分装袋,80733152,970783182,12%,14%,20%
住宅和花园,食物贮藏,背心袋,80733152,970942188,12%,14%,20%
住宅和花园,食物贮藏,塑料手提袋,80733152,970942189,12%,14%,20%
住宅和花园,食物贮藏,食品桶,88188461,92445,12%,14%,20%
住宅和花园,食物贮藏,罐盖,89088653,92371,12%,14%,20%
住宅和花园,食物贮藏,宠物饲料盖,89088653,970778863,12%,14%,20%
住宅和花园,食物贮藏,食品盒,89089041,970897618,12%,14%,20%
住宅和花园,食物贮藏,厨房层架垫,89262294,93710,12%,14%,20%
住宅和花园,窗帘和窗帘杆,窗帘杆配件,17032796,970870505,12%,14%,20%
住宅和花园,窗帘和窗帘杆,百叶窗配件,17032796,970952739,12%,14%,20%
住宅和花园,窗帘和窗帘杆,窗帘配件,17032796,971115255,12%,14%,20%
住宅和花园,窗帘和窗帘杆,百叶窗,17032797,92646,12%,14%,20%
住宅和花园,窗帘和窗帘杆,门帘,17032798,92647,12%,14%,20%
住宅和花园,窗帘和窗帘杆,窗帘杆,17032800,92649,12%,14%,20%
住宅和花园,窗帘和窗帘杆,浴帘杆,17032800,92650,12%,14%,20%
住宅和花园,窗帘和窗帘杆,窗帘套装,17036242,92654,12%,14%,20%
住宅和花园,窗帘和窗帘杆,窗帘,17036242,92665,12%,14%,20%
住宅和花园,窗帘和窗帘杆,日式装饰板,17036242,92669,12%,14%,20%
住宅和花园,窗帘和窗帘杆,挂帘,17036242,95054,12%,14%,20%
住宅和花园,窗帘和窗帘杆,帘头布,17036242,970863786,12%,14%,20%
住宅和花园,窗帘和窗帘杆,罗马窗帘,17036248,92658,12%,14%,20%
住宅和花园,窗帘和窗帘杆,卷帘,17036249,92659,12%,14%,20%
住宅和花园,窗帘和窗帘杆,百褶帘,17036249,97367,12%,14%,20%
住宅和花园,窗帘和窗帘杆,薄纱窗帘,17036251,92661,12%,14%,20%
住宅和花园,窗帘和窗帘杆,浴帘,17036254,92666,12%,14%,20%
住宅和花园,窗帘和窗帘杆,窗户贴膜,89358191,504866192,12%,14%,20%
住宅和花园,云杉,活圣诞树,17032834,95993,12%,14%,20%
住宅和花园,云杉,松树枝,17032834,971079125,12%,14%,20%
住宅和花园,云杉,仿真圣诞树,24693594,92805,12%,14%,20%
住宅和花园,云杉,圣诞树架， 圣诞树裙,70955098,970601440,12%,14%,20%
住宅和花园,云杉,圣诞树套,70955098,970891967,12%,14%,20%
住宅和花园,收纳,服装防护套,17032730,91372,12%,14%,20%
住宅和花园,收纳,珠宝盒,17032819,115947006,12%,14%,20%
住宅和花园,收纳,真空袋,17033922,91315,12%,14%,20%
住宅和花园,收纳,真空袋泵,17033922,971015900,12%,14%,20%
住宅和花园,收纳,储物篮,17036258,95481,12%,14%,20%
住宅和花园,收纳,储物箱,17036258,95482,12%,14%,20%
住宅和花园,收纳,收纳箱盖,17036258,970716865,12%,14%,20%
住宅和花园,收纳,波纹板,17036258,970825205,12%,14%,20%
住宅和花园,收纳,储物盒,17036258,97369,12%,14%,20%
住宅和花园,收纳,收纳盒,17036264,95483,12%,14%,20%
住宅和花园,收纳,迷你吧台,17036267,95485,12%,14%,20%
住宅和花园,收纳,叠衣板,17036268,970744607,12%,14%,20%
住宅和花园,收纳,衣物收纳盒,17036268,970896147,12%,14%,20%
住宅和花园,收纳,壁挂式钥匙架,17036276,95474,12%,14%,20%
住宅和花园,收纳,押款袋,17038532,971013614,12%,14%,20%
住宅和花园,收纳,首饰架,43434000,95493,12%,14%,20%
住宅和花园,收纳,鞋子收纳架,43435563,504866185,12%,14%,20%
住宅和花园,收纳,鞋子防护套,43435563,94621,12%,14%,20%
住宅和花园,收纳,保鲜膜切割器,43435573,970860462,12%,14%,20%
住宅和花园,收纳,包装膜,43435573,97503,12%,14%,20%
住宅和花园,收纳,厨房、浴室挂杆,86248411,970588173,12%,14%,20%
住宅和花园,收纳,厨房挂杆连接件,86248411,971311826,12%,14%,20%
住宅和花园,收纳,包装填料,92448234,970952431,12%,14%,20%
住宅和花园,收纳,集装袋,93318130,970992524,12%,14%,20%
住宅和花园,收纳,运输护角器,93318130,971027088,12%,14%,20%
住宅和花园,收纳,包装胶带分配器,93318130,971039893,12%,14%,20%
住宅和花园,收纳,玻璃、镜子护角,93318130,971071691,12%,14%,20%
住宅和花园,收纳,纸筒芯,93318130,971279068,12%,14%,20%
住宅和花园,收纳,收纳袋,96502960,971078631,12%,14%,20%
住宅和花园,收纳,包装袋,96502960,971096037,12%,14%,20%
住宅和花园,花与植物,人造花,41587656,93653,12%,14%,20%
住宅和花园,花与植物,装饰用树枝、球果,41587656,970623275,12%,14%,20%
住宅和花园,花与植物,人造草坪,41587656,971078305,12%,14%,20%
住宅和花园,花与植物,干花,53978986,504866295,12%,14%,20%
住宅和花园,花与植物,仿真花束,53978986,96183,12%,14%,20%
住宅和花园,花与植物,仿真苔藓,53978986,971150970,12%,14%,20%
住宅和花园,灌溉产品,软管轴,17032844,92786,12%,14%,20%
住宅和花园,灌溉产品,软管推车,17032844,92799,12%,14%,20%
住宅和花园,灌溉产品,滴灌套件,17036299,92797,12%,14%,20%
住宅和花园,灌溉产品,浇水过滤器,17036299,92801,12%,14%,20%
住宅和花园,灌溉产品,灌溉系统控制器,17036299,970795435,12%,14%,20%
住宅和花园,灌溉产品,灌溉系统阀箱,17036299,970795606,12%,14%,20%
住宅和花园,灌溉产品,灌溉系统支架,17036299,970796017,12%,14%,20%
住宅和花园,灌溉产品,滴灌用滴管,17036299,970942693,12%,14%,20%
住宅和花园,灌溉产品,滴灌胶带,17036299,970942694,12%,14%,20%
住宅和花园,灌溉产品,滴灌管,17036299,970942695,12%,14%,20%
住宅和花园,灌溉产品,喷头连接管,17036299,970960332,12%,14%,20%
住宅和花园,灌溉产品,文丘里注入器,17036299,970984516,12%,14%,20%
住宅和花园,灌溉产品,雾化系统,17036299,971056668,12%,14%,20%
住宅和花园,灌溉产品,自动浮球阀,17036299,971166390,12%,14%,20%
住宅和花园,灌溉产品,喷雾器，喷灌器,43433359,92795,12%,14%,20%
住宅和花园,灌溉产品,花园喷雾器,43433359,92796,12%,14%,20%
住宅和花园,灌溉产品,花园喷雾器备件,43433359,971054436,12%,14%,20%
住宅和花园,灌溉产品,桶、储罐用龙头,43433362,92788,12%,14%,20%
住宅和花园,灌溉产品,喷水枪,43433362,92792,12%,14%,20%
住宅和花园,灌溉产品,浇水软管,43435576,92803,12%,14%,20%
住宅和花园,灌溉产品,管道连接器,43443320,92787,12%,14%,20%
住宅和花园,灌溉产品,止回阀,43443320,92791,12%,14%,20%
住宅和花园,灌溉产品,花园水桶,50657896,268217791,12%,14%,20%
住宅和花园,灌溉产品,一次性桶袋,50657896,412778336,12%,14%,20%
住宅和花园,灌溉产品,桶、水箱盖,50657896,971760451,12%,14%,20%
住宅和花园,灌溉产品,户外取水柱,99199720,970870932,12%,14%,20%
住宅和花园,种子和幼苗,种植套装,77961255,970679739,12%,14%,20%
住宅和花园,镜子,室内装饰镜,17030243,93366,12%,14%,20%
住宅和花园,镜子,浴室镜 ,43429948,93364,12%,14%,20%
住宅和花园,家居用品,垃圾袋,17030259,93695,12%,14%,20%
住宅和花园,家居用品,洗衣袋,17030260,93696,12%,14%,20%
住宅和花园,家居用品,垃圾桶,17030262,93697,12%,14%,20%
住宅和花园,家居用品,户外垃圾桶,17030262,970855518,12%,14%,20%
住宅和花园,家居用品,水桶配件,17030262,970867617,12%,14%,20%
住宅和花园,家居用品,洗衣板,17036775,311150108,12%,14%,20%
住宅和花园,家居用品,洗衣球,17036775,92694,12%,14%,20%
住宅和花园,家居用品,餐具收纳盒,17038604,594158428,12%,14%,20%
住宅和花园,家居用品,碗碟架,17038604,92414,12%,14%,20%
住宅和花园,家居用品,洗衣夹,17039396,93699,12%,14%,20%
住宅和花园,家居用品,水槽垫,17039398,93693,12%,14%,20%
住宅和花园,家居用品,水槽网,17039398,93701,12%,14%,20%
住宅和花园,家居用品,水槽漏勺 ,17039398,970731396,12%,14%,20%
住宅和花园,家居用品,餐具收纳架 ,17039398,970787019,12%,14%,20%
住宅和花园,家居用品,洗衣篮,17039400,95478,12%,14%,20%
住宅和花园,家居用品,洗衣粉容器,17039400,970631771,12%,14%,20%
住宅和花园,家居用品,管道疏通弹簧,17039401,92046,12%,14%,20%
住宅和花园,家居用品,马桶疏通器,17039401,93689,12%,14%,20%
住宅和花园,家居用品,盆,17039402,92045,12%,14%,20%
住宅和花园,家居用品,水桶,17039402,93690,12%,14%,20%
住宅和花园,家居用品,家用水舀,17039402,95700,12%,14%,20%
住宅和花园,家居用品,晒衣绳,17039403,93691,12%,14%,20%
住宅和花园,鲜花配件,浇花壶,17039407,92789,12%,14%,20%
住宅和花园,鲜花配件,喷雾瓶,17039407,96257,12%,14%,20%
住宅和花园,鲜花配件,花园浇水罐用扩散器,17039407,970806521,12%,14%,20%
住宅和花园,鲜花配件,花架,17039409,96259,12%,14%,20%
住宅和花园,鲜花配件,花盆,17039411,96250,12%,14%,20%
住宅和花园,鲜花配件,装饰花盆,17039411,96251,12%,14%,20%
住宅和花园,鲜花配件,自动浇水系统,17039411,970785941,12%,14%,20%
住宅和花园,鲜花配件,育苗套装,35914774,98312,12%,14%,20%
住宅和花园,鲜花配件,花盆过滤器,43430269,970787821,12%,14%,20%
住宅和花园,鲜花配件,花盆支架,43430269,970967883,12%,14%,20%
住宅和花园,鲜花配件,植物垫,43430269,971161064,12%,14%,20%
住宅和花园,鲜花配件,花盆托碟,43434178,96258,12%,14%,20%
住宅和花园,鲜花配件,种子发芽器,43434533,98467,12%,14%,20%
住宅和花园,鲜花配件,水培装置,77961186,122627223,12%,14%,20%
住宅和花园,鲜花配件,智能花园,77961186,697462970,12%,14%,20%
住宅和花园,鲜花配件,种植箱,77961186,970715572,12%,14%,20%
住宅和花园,清洗设备,扫帚,17030269,96007,12%,14%,20%
住宅和花园,清洗设备,长柄扫帚,17030269,96014,12%,14%,20%
住宅和花园,清洗设备,海绵,17030271,96009,12%,14%,20%
住宅和花园,清洗设备,洗碗刷,17030273,96027,12%,14%,20%
住宅和花园,清洗设备,拍尘器,17030274,780969507,12%,14%,20%
住宅和花园,清洗设备,清洁工具套装,17030274,96012,12%,14%,20%
住宅和花园,清洗设备,拖把头,17030274,96017,12%,14%,20%
住宅和花园,清洗设备,清洁抹布,17030280,96018,12%,14%,20%
住宅和花园,清洗设备,家用手套,17030318,115947509,12%,14%,20%
住宅和花园,清洗设备,清洁刮刀,17038690,96020,12%,14%,20%
住宅和花园,清洗设备,尘掸,17038691,96021,12%,14%,20%
住宅和花园,清洗设备,清洁刷,17038691,970869623,12%,14%,20%
住宅和花园,清洗设备,轨道砂光机打磨盘,17038691,970973758,12%,14%,20%
住宅和花园,清洗设备,簸箕,17038692,96022,12%,14%,20%
住宅和花园,清洗设备,玻璃刮水器替换头,17038693,96016,12%,14%,20%
住宅和花园,清洗设备,玻璃清洗机,17038693,96023,12%,14%,20%
住宅和花园,清洗设备,抹布,17038694,96024,12%,14%,20%
住宅和花园,清洗设备,拖把备件,17038695,643199398,12%,14%,20%
住宅和花园,清洗设备,拖把,17038695,96025,12%,14%,20%
住宅和花园,清洗设备,厨房洗涤剂分配器,200000769,971220928,12%,14%,20%
住宅和花园,清洗设备,拖把挂钩,89106465,970727488,12%,14%,20%
住宅和花园,清洗设备,地板刮水板,92488135,970954002,12%,14%,20%
住宅和花园,泡澡桶、植物熏蒸舱、红外桑拿房,泡澡桶,87867958,970836179,12%,14%,20%
住宅和花园,泡澡桶、植物熏蒸舱、红外桑拿房,红外线桑拿,90922564,96087,12%,14%,20%
住宅和花园,泡澡桶、植物熏蒸舱、红外桑拿房,红外线桑拿零件,90922564,96088,12%,14%,20%
住宅和花园,泡澡桶、植物熏蒸舱、红外桑拿房,理疗用桶,90922564,971067131,12%,14%,20%
住宅和花园,屏风,隔断屏风,17030320,96029,12%,14%,20%
住宅和花园,地毯和过道毯,地毯紧固件,100001847,970967959,12%,14%,20%
住宅和花园,地毯和过道毯,地毯,17038736,93655,12%,14%,20%
住宅和花园,地毯和过道毯,地垫,17038736,93659,12%,14%,20%
住宅和花园,地毯和过道毯,地毯衬垫,17038736,970861612,12%,14%,20%
住宅和花园,地毯和过道毯,门前格栅,17038736,971166108,12%,14%,20%
住宅和花园,地毯和过道毯,鞋架托盘,17038736,971201999,12%,14%,20%
住宅和花园,地毯和过道毯,兽皮,17038747,93666,12%,14%,20%
住宅和花园,枕头、被子,被子、枕头套装,17030327,92615,12%,14%,20%
住宅和花园,枕头、被子,被子,17030328,92616,12%,14%,20%
住宅和花园,枕头、被子,电热被,17030330,92631,12%,14%,20%
住宅和花园,枕头、被子,电热床单,17030331,92632,12%,14%,20%
住宅和花园,枕头、被子,矫形枕,17030333,92618,12%,14%,20%
住宅和花园,枕头、被子,支撑枕,17030333,96803,12%,14%,20%
住宅和花园,枕头、被子,多功能枕,17030333,970852585,12%,14%,20%
住宅和花园,枕头、被子,枕头,17038749,92619,12%,14%,20%
住宅和花园,枕头、被子,装饰靠枕,17038750,92620,12%,14%,20%
住宅和花园,枕头、被子,椅垫,17038754,92624,12%,14%,20%
住宅和花园,枕头、被子,花园家具座椅,17038754,971036614,12%,14%,20%
住宅和花园,毛巾和桌布,浴巾,17033151,970865037,12%,14%,20%
住宅和花园,毛巾和桌布,厨房布艺套装,17033153,97215,12%,14%,20%
住宅和花园,毛巾和桌布,洗礼毛巾,17033157,970942585,12%,14%,20%
住宅和花园,毛巾和桌布,厨房围裙,17034873,93870,12%,14%,20%
住宅和花园,毛巾和桌布,厨房毛巾,17038764,92684,12%,14%,20%
住宅和花园,毛巾和桌布,防烫手套,17038768,92688,12%,14%,20%
住宅和花园,毛巾和桌布,茶壶保温套,17038768,97626,12%,14%,20%
住宅和花园,毛巾和桌布,摆盘垫巾,17038769,970878303,12%,14%,20%
住宅和花园,毛巾和桌布,餐厅围裙,17038769,970985936,12%,14%,20%
住宅和花园,毛巾和桌布,桌旗,17038772,92670,12%,14%,20%
住宅和花园,毛巾和桌布,桌布,17038772,92692,12%,14%,20%
住宅和花园,毛巾和桌布,桌子油布,17038772,970707280,12%,14%,20%
住宅和花园,毛巾和桌布,桌布背衬,17038772,970942681,12%,14%,20%
住宅和花园,毛巾和桌布,桑拿专用纱笼裙,200000839,92671,12%,14%,20%
住宅和花园,毛巾和桌布,柔性玻璃,92107666,970939384,12%,14%,20%
住宅和花园,毛巾和桌布,桌布夹,92310930,970945555,12%,14%,20%
住宅和花园,床上用品,枕头套,17033163,92606,12%,14%,20%
住宅和花园,床上用品,枕芯保护套,17033163,970665432,12%,14%,20%
住宅和花园,床上用品,床垫保护垫,17033166,92609,12%,14%,20%
住宅和花园,床上用品,被套,17033168,92610,12%,14%,20%
住宅和花园,床上用品,床单,17033170,92612,12%,14%,20%
住宅和花园,床上用品,床品套件,17038775,92603,12%,14%,20%
住宅和花园,床上用品,装饰枕套,43433548,92607,12%,14%,20%
住宅和花园,床上用品,床单、被子固定器,92238443,970623351,12%,14%,20%
住宅和花园,床上用品,床垫固定器,92238443,970862445,12%,14%,20%
住宅和花园,炊具,焗烤盅,17033172,92450,12%,14%,20%
住宅和花园,炊具,烤炉,17033179,92444,12%,14%,20%
住宅和花园,炊具,厚底煎锅,17033179,92466,12%,14%,20%
住宅和花园,炊具,研钵和研杵,17033180,92467,12%,14%,20%
住宅和花园,炊具,塔吉锅,17033181,92468,12%,14%,20%
住宅和花园,炊具,冲泡茶、咖啡用虹吸壶,17033182,504866266,12%,14%,20%
住宅和花园,炊具,土耳其咖啡壶,17033182,92469,12%,14%,20%
住宅和花园,炊具,手冲咖啡漏斗,17033182,970686150,12%,14%,20%
住宅和花园,炊具,手动咖啡机,17033182,970735929,12%,14%,20%
住宅和花园,炊具,咖啡沙冰粉,17033182,970941708,12%,14%,20%
住宅和花园,炊具,咖啡冲泡套件,17033182,971025242,12%,14%,20%
住宅和花园,炊具,烘焙模具，烤盘,17033183,92470,12%,14%,20%
住宅和花园,炊具,烘焙石板,17033183,970863809,12%,14%,20%
住宅和花园,炊具,茶炊,17033187,92461,12%,14%,20%
住宅和花园,炊具,水壶,17033187,92474,12%,14%,20%
住宅和花园,炊具,水壶哨子,17033187,970877820,12%,14%,20%
住宅和花园,炊具,茶炊备件,17033187,971152780,12%,14%,20%
住宅和花园,炊具,咖啡壶,17037600,92497,12%,14%,20%
住宅和花园,炊具,法压壶,17037600,92534,12%,14%,20%
住宅和花园,炊具,蒸汽式咖啡壶,17038778,92453,12%,14%,20%
住宅和花园,炊具,盖子,17038779,92454,12%,14%,20%
住宅和花园,炊具,马克杯， 杯子， 玻璃盖 ,17038779,970840809,12%,14%,20%
住宅和花园,炊具,烧烤架压盖,17038779,970873474,12%,14%,20%
住宅和花园,炊具,餐盘保温盖,17038779,970982073,12%,14%,20%
住宅和花园,炊具,烘焙陶瓷碗,17038786,92442,12%,14%,20%
住宅和花园,炊具,焖鸭锅,17038787,92443,12%,14%,20%
住宅和花园,炊具,烤鸡机,17038787,970845451,12%,14%,20%
住宅和花园,炊具,锅,17038791,92447,12%,14%,20%
住宅和花园,炊具,火锅套餐,17038793,92457,12%,14%,20%
住宅和花园,炊具,电蒸机,17038794,92458,12%,14%,20%
住宅和花园,炊具,果汁蒸煮器,17038794,92465,12%,14%,20%
住宅和花园,炊具,蒸锅,17038794,970895078,12%,14%,20%
住宅和花园,炊具,烤盘,17038796,92460,12%,14%,20%
住宅和花园,炊具,炒锅,17038799,92441,12%,14%,20%
住宅和花园,炊具,煎锅,17038799,92462,12%,14%,20%
住宅和花园,炊具,炊具套装,41587783,92452,12%,14%,20%
住宅和花园,炊具,大锅,43430500,92446,12%,14%,20%
住宅和花园,炊具,铸铁锅,43430500,970884549,12%,14%,20%
住宅和花园,炊具,厨房带柄小锅,43430501,92448,12%,14%,20%
住宅和花园,炊具,奶锅,43432976,98016,12%,14%,20%
住宅和花园,炊具,压力锅,89353464,92464,12%,14%,20%
住宅和花园,节庆商品,电动串灯,17032984,91672,12%,14%,20%
住宅和花园,节庆商品,脸部彩绘配件,17033188,971888272,12%,14%,20%
住宅和花园,节庆商品,舞台妆颜料,17033188,99518,12%,14%,20%
住宅和花园,节庆商品,五彩纸屑,17033191,95425,12%,14%,20%
住宅和花园,节庆商品,彩带卷,17033191,95450,12%,14%,20%
住宅和花园,节庆商品,派对拉炮,17033191,95454,12%,14%,20%
住宅和花园,节庆商品,纸瀑布表演用纸,17033191,970943858,12%,14%,20%
住宅和花园,节庆商品,礼品袋,17033209,95429,12%,14%,20%
住宅和花园,节庆商品,礼物袜子,17033209,970630185,12%,14%,20%
住宅和花园,节庆商品,彩带喷雾,17033210,95420,12%,14%,20%
住宅和花园,节庆商品,金银线,17033210,95430,12%,14%,20%
住宅和花园,节庆商品,皮纳塔（派对彩罐）,17037513,95440,12%,14%,20%
住宅和花园,节庆商品,簧片，号角,17037513,95457,12%,14%,20%
住宅和花园,节庆商品,窗户装饰,17037531,95438,12%,14%,20%
住宅和花园,节庆商品,新年装饰,17037531,95451,12%,14%,20%
住宅和花园,节庆商品,装饰挂钩,17037531,970891491,12%,14%,20%
住宅和花园,节庆商品,鲜切针叶花环,200000576,971116272,12%,14%,20%
住宅和花园,节庆商品,泡沫机专用液,200000733,971168370,12%,14%,20%
住宅和花园,节庆商品,礼品袋,200000920,970671325,12%,14%,20%
住宅和花园,节庆商品,气球,43429535,95414,12%,14%,20%
住宅和花园,节庆商品,花环,43429537,95413,12%,14%,20%
住宅和花园,节庆商品,圣诞装饰品,43429543,95421,12%,14%,20%
住宅和花园,节庆商品,孔明灯,43430411,95513,12%,14%,20%
住宅和花园,节庆商品,纸灯笼,43430411,970729343,12%,14%,20%
住宅和花园,节庆商品,气球打气筒,43433553,95437,12%,14%,20%
住宅和花园,节庆商品,铝箔装饰品,43433558,970623278,12%,14%,20%
住宅和花园,节庆商品,针叶花环,43434195,95417,12%,14%,20%
住宅和花园,节庆商品,伸缩彩带,43434195,95446,12%,14%,20%
住宅和花园,节庆商品,复活节装饰用品,43434951,971298346,12%,14%,20%
住宅和花园,节庆商品,照片拍摄配件,43435756,95453,12%,14%,20%
住宅和花园,节庆商品,道具、狂欢节装饰,43443456,95422,12%,14%,20%
住宅和花园,节庆商品,狂欢节面具,43443456,95428,12%,14%,20%
住宅和花园,节庆商品,嘉年华眼镜,43443456,95439,12%,14%,20%
住宅和花园,节庆商品,嘉年华头饰,43443456,96727,12%,14%,20%
住宅和花园,节庆商品,狂欢装扮假发/胡须,43443456,96997,12%,14%,20%
住宅和花园,节庆商品,洒红节颜料,52386038,369952583,12%,14%,20%
住宅和花园,节庆商品,雪花玻璃球,72835943,110485576,12%,14%,20%
住宅和花园,节庆商品,立体LED造型灯,73692901,970623276,12%,14%,20%
住宅和花园,节庆商品,夜光雕塑,73692901,970623277,12%,14%,20%
住宅和花园,节庆商品,充气玩偶,73692901,970889583,12%,14%,20%
住宅和花园,节庆商品,电彩灯串配件,73692954,970887478,12%,14%,20%
住宅和花园,节庆商品,人造雪,73955559,970625098,12%,14%,20%
住宅和花园,节庆商品,用于礼品包装的丝带,77047325,970671313,12%,14%,20%
住宅和花园,节庆商品,礼品包装纸,77047325,970671315,12%,14%,20%
住宅和花园,节庆商品,礼品蝴蝶结,77047325,971054434,12%,14%,20%
住宅和花园,节庆商品,装饰篮,77392999,91958,12%,14%,20%
住宅和花园,节庆商品,礼品盒,77392999,970671314,12%,14%,20%
住宅和花园,节庆商品,气球配件,86071158,971284427,12%,14%,20%
住宅和花园,蜡烛和烛台,蛋糕插牌,17031940,818399464,12%,14%,20%
住宅和花园,蜡烛和烛台,香薰灯,17037585,95733,12%,14%,20%
住宅和花园,蜡烛和烛台,烛台,17037589,95737,12%,14%,20%
住宅和花园,蜡烛和烛台,蜡烛,17037591,95741,12%,14%,20%
住宅和花园,蜡烛和烛台,芳香蜡,35729558,98469,12%,14%,20%
住宅和花园,蜡烛和烛台,蜡烛配件,92145032,970838692,12%,14%,20%
住宅和花园,餐具,肉酱罐,17031950,970593920,12%,14%,20%
住宅和花园,餐具,鱼子酱碗,17031950,970667010,12%,14%,20%
住宅和花园,餐具,餐用篮,17031950,970865623,12%,14%,20%
住宅和花园,餐具,鸡蛋座,17031950,97596,12%,14%,20%
住宅和花园,餐具,茶道套装,17031951,970825777,12%,14%,20%
住宅和花园,餐具,小碟,17031956,92493,12%,14%,20%
住宅和花园,餐具,盘子,17031956,92528,12%,14%,20%
住宅和花园,餐具,布菲炉,17031959,92503,12%,14%,20%
住宅和花园,餐具,碗,17031962,92506,12%,14%,20%
住宅和花园,餐具,茶碗,17031962,92516,12%,14%,20%
住宅和花园,餐具,蛋糕托盘,17031964,92533,12%,14%,20%
住宅和花园,餐具,蛋糕和糕点托盘,17031964,970856654,12%,14%,20%
住宅和花园,餐具,餐盘托,17031964,970875771,12%,14%,20%
住宅和花园,餐具,蛋糕支架,17031964,971047669,12%,14%,20%
住宅和花园,餐具,水果盘,17031966,92535,12%,14%,20%
住宅和花园,餐具,泡茶壶,17031969,92538,12%,14%,20%
住宅和花园,餐具,分餐盘,17037595,92492,12%,14%,20%
住宅和花园,餐具,杯垫,17037596,92517,12%,14%,20%
住宅和花园,餐具,茶包收纳盒,17037596,93715,12%,14%,20%
住宅和花园,餐具,糖果碗,17037598,92495,12%,14%,20%
住宅和花园,餐具,甜品碗、酱碟,17037598,92498,12%,14%,20%
住宅和花园,餐具,干果盘,17037598,92505,12%,14%,20%
住宅和花园,餐具,糖碗,17037598,92520,12%,14%,20%
住宅和花园,餐具,酱汁碗,17037598,92524,12%,14%,20%
住宅和花园,餐具,汤碗、汤煲,17037598,92526,12%,14%,20%
住宅和花园,餐具,拉花奶缸,17037598,971158724,12%,14%,20%
住宅和花园,餐具,杯子,17037602,92499,12%,14%,20%
住宅和花园,餐具,杯子,17037602,92540,12%,14%,20%
住宅和花园,餐具,马黛茶杯,17037602,971061859,12%,14%,20%
住宅和花园,餐具,茶道器具,17037602,971069589,12%,14%,20%
住宅和花园,餐具,沙拉碗,17037609,92519,12%,14%,20%
住宅和花园,餐具,茶餐具、咖啡餐具套装,17037616,92515,12%,14%,20%
住宅和花园,餐具,茶杯咖啡杯套装,17037616,92537,12%,14%,20%
住宅和花园,餐具,餐具套装,17037619,92514,12%,14%,20%
住宅和花园,刀叉餐具,餐叉,17031985,92546,12%,14%,20%
住宅和花园,刀叉餐具,汤匙,17031985,92556,12%,14%,20%
住宅和花园,刀叉餐具,茶匙,17031985,92557,12%,14%,20%
住宅和花园,刀叉餐具,餐具组合,17031985,92561,12%,14%,20%
住宅和花园,刀叉餐具,餐刀,17031985,92565,12%,14%,20%
住宅和花园,刀叉餐具,海鲜餐具,17031985,971047443,12%,14%,20%
住宅和花园,刀叉餐具,筷子,17031990,92566,12%,14%,20%
住宅和花园,刀叉餐具,纯银餐具,43434943,970737658,12%,14%,20%
住宅和花园,纪念品和礼品,存钱罐,17032010,93770,12%,14%,20%
住宅和花园,纪念品和礼品,装饰彩带,17032017,559455264,12%,14%,20%
住宅和花园,纪念品和礼品,奖杯,17032017,93772,12%,14%,20%
住宅和花园,纪念品和礼品,纪念奖牌,17032017,93790,12%,14%,20%
住宅和花园,纪念品和礼品,奖励,17032017,970872284,12%,14%,20%
住宅和花园,纪念品和礼品,奖牌,17032017,970872981,12%,14%,20%
住宅和花园,纪念品和礼品,奖牌挂扣,17032017,970967096,12%,14%,20%
住宅和花园,纪念品和礼品,奖牌盒,17032017,971310233,12%,14%,20%
住宅和花园,纪念品和礼品,奖状,17035269,93754,12%,14%,20%
住宅和花园,纪念品和礼品,礼品奖状,17035269,97233,12%,14%,20%
住宅和花园,纪念品和礼品,球迷周边,17035282,98607,12%,14%,20%
住宅和花园,纪念品和礼品,贺卡,17035290,93796,12%,14%,20%
住宅和花园,纪念品和礼品,可填写手册,17035290,95411,12%,14%,20%
住宅和花园,纪念品和礼品,红包，钱匣,17035290,971102841,12%,14%,20%
住宅和花园,纪念品和礼品,冰箱磁铁,17035302,93785,12%,14%,20%
住宅和花园,纪念品和礼品,宴会席位卡,17035309,93738,12%,14%,20%
住宅和花园,纪念品和礼品,节日邀请函,17035309,95445,12%,14%,20%
住宅和花园,纪念品和礼品,汽车上的装饰,17035311,93729,12%,14%,20%
住宅和花园,纪念品和礼品,喜糖盒,17035311,93742,12%,14%,20%
住宅和花园,纪念品和礼品,装饰锁,17035311,93761,12%,14%,20%
住宅和花园,纪念品和礼品,愿望册，愿望树,17035311,93769,12%,14%,20%
住宅和花园,纪念品和礼品,竞赛套装,17035311,93792,12%,14%,20%
住宅和花园,纪念品和礼品,胸花,17035311,96184,12%,14%,20%
住宅和花园,纪念品和礼品,新娘袜圈,17035311,971013633,12%,14%,20%
住宅和花园,纪念品和礼品,手持风扇,17035317,148495146,12%,14%,20%
住宅和花园,纪念品和礼品,刻名餐具,17035317,370189574,12%,14%,20%
住宅和花园,纪念品和礼品,套娃,17035317,91965,12%,14%,20%
住宅和花园,纪念品和礼品,纪念品,17035317,93735,12%,14%,20%
住宅和花园,纪念品和礼品,三角旗,17035317,93748,12%,14%,20%
住宅和花园,纪念品和礼品,捕梦网,17035317,93776,12%,14%,20%
住宅和花园,纪念品和礼品,水晶小饰品,17035317,93791,12%,14%,20%
住宅和花园,纪念品和礼品,决策球,17035317,93819,12%,14%,20%
住宅和花园,纪念品和礼品,军事纪念品,17035317,970667791,12%,14%,20%
住宅和花园,纪念品和礼品,铃铛,17035317,970669850,12%,14%,20%
住宅和花园,纪念品和礼品,桌铃,17035317,970746729,12%,14%,20%
住宅和花园,纪念品和礼品,降临节日历,17035317,970880509,12%,14%,20%
住宅和花园,纪念品和礼品,愿望地图,17035317,970966675,12%,14%,20%
住宅和花园,纪念品和礼品,旗杆,17035317,970967802,12%,14%,20%
住宅和花园,纪念品和礼品,万年历,17035317,971072554,12%,14%,20%
住宅和花园,纪念品和礼品,音乐盒,17035317,971097529,12%,14%,20%
住宅和花园,纪念品和礼品,解压摇摆仪,17035317,971422434,12%,14%,20%
住宅和花园,纪念品和礼品,旗,17035317,97901,12%,14%,20%
住宅和花园,纪念品和礼品,纪念品钞票,43429566,93756,12%,14%,20%
住宅和花园,纪念品和礼品,纪念币,43429566,970966635,12%,14%,20%
住宅和花园,纪念品和礼品,惊喜盒子,43429567,970955218,12%,14%,20%
住宅和花园,纪念品和礼品,礼品套装,43429567,970955230,12%,14%,20%
住宅和花园,纪念品和礼品,搞笑礼物,43429567,97340,12%,14%,20%
住宅和花园,纪念品和礼品,刺绣毛巾,43434208,93804,12%,14%,20%
住宅和花园,纪念品和礼品,玩具花束,93190428,95410,12%,14%,20%
住宅和花园,花园装饰和温室,种植床配件,100000065,971436913,12%,14%,20%
住宅和花园,花园装饰和温室,花坛,100000065,98279,12%,14%,20%
住宅和花园,花园装饰和温室,种植箱,100000065,98280,12%,14%,20%
住宅和花园,花园装饰和温室,花园装饰雕塑,17029756,92736,12%,14%,20%
住宅和花园,花园装饰和温室,风向标,17029756,92737,12%,14%,20%
住宅和花园,花园装饰和温室,鞋子清洁护理刷,17029756,971282571,12%,14%,20%
住宅和花园,花园装饰和温室,园艺插针,17029756,971309519,12%,14%,20%
住宅和花园,花园装饰和温室,花园稻草人,17029756,971309763,12%,14%,20%
住宅和花园,花园装饰和温室,园林装饰桥,17029756,971406087,12%,14%,20%
住宅和花园,花园装饰和温室,装饰水托盘,17029756,971445205,12%,14%,20%
住宅和花园,花园装饰和温室,鸟食器,17029759,92728,12%,14%,20%
住宅和花园,花园装饰和温室,鸟屋,17029759,92732,12%,14%,20%
住宅和花园,花园装饰和温室,昆虫旅馆,17029759,971004434,12%,14%,20%
住宅和花园,花园装饰和温室,堆肥箱,17030264,92727,12%,14%,20%
住宅和花园,花园装饰和温室,生态厕所,17030940,94469,12%,14%,20%
住宅和花园,花园装饰和温室,水桶式厕所,17030940,94470,12%,14%,20%
住宅和花园,花园装饰和温室,移动厕所配件,17030940,971075628,12%,14%,20%
住宅和花园,花园装饰和温室,花园喷泉,17037435,970701973,12%,14%,20%
住宅和花园,花园装饰和温室,花园网,200000843,92774,12%,14%,20%
住宅和花园,花园装饰和温室,植物模块,43433588,145334990,12%,14%,20%
住宅和花园,花园装饰和温室,植物墙,43433588,145334991,12%,14%,20%
住宅和花园,花园装饰和温室,植物支架,43433588,92730,12%,14%,20%
住宅和花园,花园装饰和温室,园艺绑绳,43433588,92767,12%,14%,20%
住宅和花园,花园装饰和温室,树池篦子,43433588,971309435,12%,14%,20%
住宅和花园,花园装饰和温室,花园拱门,43433588,971309711,12%,14%,20%
住宅和花园,花园装饰和温室,园艺标牌,43433588,98283,12%,14%,20%
住宅和花园,花园装饰和温室,温床， 温室,43433589,92731,12%,14%,20%
住宅和花园,花园装饰和温室,植物防护架,43433589,971079476,12%,14%,20%
住宅和花园,花园装饰和温室,覆盖材料,43435784,92735,12%,14%,20%
住宅和花园,花园装饰和温室,人造草坪,80235104,970695682,12%,14%,20%
住宅和花园,花园装饰和温室,温室拱架套装,82390506,448376286,12%,14%,20%
住宅和花园,花园装饰和温室,温室热驱动装置,82390506,640171728,12%,14%,20%
住宅和花园,花园装饰和温室,园艺木桩，园艺卡箍,82390506,970588196,12%,14%,20%
住宅和花园,花园装饰和温室,蔬菜种植模具,82390506,970693184,12%,14%,20%
住宅和花园,花园装饰和温室,温室窗户,82390506,970953822,12%,14%,20%
住宅和花园,花园装饰和温室,温室加热器,82390506,971168332,12%,14%,20%
住宅和花园,花园装饰和温室,温室地基,82390506,971478691,12%,14%,20%
住宅和花园,花园装饰和温室,花园路缘,83761075,92724,12%,14%,20%
住宅和花园,花园装饰和温室,花园铺面,83761075,92770,12%,14%,20%
住宅和花园,花园装饰和温室,刺钢丝,83761075,970850388,12%,14%,20%
住宅和花园,花园装饰和温室,路缘支架,83761075,98278,12%,14%,20%
住宅和花园,花园装饰和温室,花园装饰碎石,88264396,970701974,12%,14%,20%
住宅和花园,花园装饰和温室,别墅大门,90691058,971893124,12%,14%,20%
住宅和花园,花园装饰和温室,围栏、大门配件,90691058,971893125,12%,14%,20%
住宅和花园,园林工具,园艺地垫，护膝,17035322,92750,12%,14%,20%
住宅和花园,园林工具,种植锥,17035322,92752,12%,14%,20%
住宅和花园,园林工具,花园袋,17035322,92760,12%,14%,20%
住宅和花园,园林工具,雨量计,17035322,970798596,12%,14%,20%
住宅和花园,园林工具,园林工具腰带,17035322,970877664,12%,14%,20%
住宅和花园,园林工具,花园袖套,17035322,970877666,12%,14%,20%
住宅和花园,园林工具,锥形机,17035322,970956871,12%,14%,20%
住宅和花园,园林工具,打钉机配件,17035322,970956873,12%,14%,20%
住宅和花园,园林工具,园艺工具架,17035322,971299476,12%,14%,20%
住宅和花园,园林工具,果蔬分选圈,17035322,971299499,12%,14%,20%
住宅和花园,园林工具,铲,17035340,92759,12%,14%,20%
住宅和花园,园林工具,刮雪铲,17035340,970874522,12%,14%,20%
住宅和花园,园林工具,屋顶雪铲,17035340,971439099,12%,14%,20%
住宅和花园,园林工具,冰镐刮刀,17035340,97170,12%,14%,20%
住宅和花园,园林工具,耙,17035341,92743,12%,14%,20%
住宅和花园,园林工具,松土耙,17035341,92769,12%,14%,20%
住宅和花园,园林工具,灌木铲,17035341,970904890,12%,14%,20%
住宅和花园,园林工具,铲柄,200000826,92783,12%,14%,20%
住宅和花园,园林工具,铁锹/工具手柄,200000826,971288073,12%,14%,20%
住宅和花园,园林工具,割草机备件,200000826,971300851,12%,14%,20%
住宅和花园,园林工具,镰刀,200000829,92755,12%,14%,20%
住宅和花园,园林工具,镰刀,200000829,92773,12%,14%,20%
住宅和花园,园林工具,果实采摘器,200000836,92766,12%,14%,20%
住宅和花园,园林工具,花园筛,200000836,971013555,12%,14%,20%
住宅和花园,园林工具,手动草坪曝气机,200000838,971292984,12%,14%,20%
住宅和花园,园林工具,手动树枝修剪刀,43429997,92757,12%,14%,20%
住宅和花园,园林工具,手推式耕耘机,43429998,92756,12%,14%,20%
住宅和花园,园林工具,手动草坪滚压机,43429998,970942368,12%,14%,20%
住宅和花园,园林工具,手动割草机,43429998,970995956,12%,14%,20%
住宅和花园,园林工具,通用储水桶,43430005,92748,12%,14%,20%
住宅和花园,园林工具,花园用刀,43433591,92765,12%,14%,20%
住宅和花园,园林工具,花园剪刀,43433591,970581805,12%,14%,20%
住宅和花园,园林工具,园艺工具套装,43433592,92762,12%,14%,20%
住宅和花园,园林工具,花园淋浴,43434176,92745,12%,14%,20%
住宅和花园,园林工具,户外洗手池,43434176,94760,12%,14%,20%
住宅和花园,园林工具,园艺铲,43434955,92775,12%,14%,20%
住宅和花园,园林工具,修枝剪,43434959,92772,12%,14%,20%
住宅和花园,园林工具,修枝剪,43434959,92777,12%,14%,20%
住宅和花园,园林工具,修枝剪、树枝剪配件,43434959,970693798,12%,14%,20%
住宅和花园,园林工具,园艺工具磨刀器,43434959,970970693,12%,14%,20%
住宅和花园,园林工具,花园独轮车轮,43434961,92746,12%,14%,20%
住宅和花园,园林工具,花园独轮车,43434961,92778,12%,14%,20%
住宅和花园,园林工具,花园独轮车槽,43434961,971309522,12%,14%,20%
住宅和花园,园林工具,独轮车、花园手推车维修套件,43434961,971412034,12%,14%,20%
住宅和花园,园林工具,撒播机，播种机,43434961,98094,12%,14%,20%
住宅和花园,园林工具,平口锄,43435787,790944802,12%,14%,20%
住宅和花园,园林工具,拔根器,43435787,92754,12%,14%,20%
住宅和花园,园林工具,锄头,43435787,92761,12%,14%,20%
住宅和花园,园林工具,锄头,43435787,92780,12%,14%,20%
住宅和花园,园林工具,手动地钻（园艺用）,43443496,92738,12%,14%,20%
住宅和花园,园林工具,镰刀砧,43443496,970697099,12%,14%,20%
住宅和花园,园林工具,手动劈木机,89810625,568746175,12%,14%,20%
住宅和花园,园林工具,木柴破碎机,89810625,971101618,12%,14%,20%
住宅和花园,园林工具,草叉,93448512,92742,12%,14%,20%
住宅和花园,园林工具,十字镐,93448512,92749,12%,14%,20%
住宅和花园,土壤、化肥和园艺化学品,植物病害防治药剂,17030972,970895807,12%,14%,20%
住宅和花园,土壤、化肥和园艺化学品,树木涂白剂,17030972,970956381,12%,14%,20%
住宅和花园,土壤、化肥和园艺化学品,树木伤口愈合膏,17030972,970956382,12%,14%,20%
住宅和花园,土壤、化肥和园艺化学品,高锰酸钾,17030972,970956383,12%,14%,20%
住宅和花园,土壤、化肥和园艺化学品,池塘清洁剂,17030973,92705,12%,14%,20%
住宅和花园,土壤、化肥和园艺化学品,除草剂,17030974,970955995,12%,14%,20%
住宅和花园,土壤、化肥和园艺化学品,肥料,17030975,99226,12%,14%,20%
住宅和花园,土壤、化肥和园艺化学品,生物活性剂,17030976,970942387,12%,14%,20%
住宅和花园,土壤、化肥和园艺化学品,生物刺激素,17030976,970942696,12%,14%,20%
住宅和花园,土壤、化肥和园艺化学品,农用化学品,200001418,971895170,12%,14%,20%
住宅和花园,土壤、化肥和园艺化学品,园艺覆盖物,200001419,971012871,12%,14%,20%
住宅和花园,土壤、化肥和园艺化学品,驱虫器,200001422,95223,12%,14%,20%
住宅和花园,土壤、化肥和园艺化学品,防鸟刺,200001422,971124652,12%,14%,20%
住宅和花园,土壤、化肥和园艺化学品,花园害虫诱捕器,200001422,971286432,12%,14%,20%
住宅和花园,土壤、化肥和园艺化学品,粪肥,200001423,971844586,12%,14%,20%
住宅和花园,土壤、化肥和园艺化学品,土壤,43104503,95781,12%,14%,20%
住宅和花园,土壤、化肥和园艺化学品,植物水凝胶,43104503,970709571,12%,14%,20%
住宅和花园,土壤、化肥和园艺化学品,珍珠岩,43104503,971438839,12%,14%,20%
住宅和花园,土壤、化肥和园艺化学品,盆栽排水颗粒,43104503,97146,12%,14%,20%
住宅和花园,土壤、化肥和园艺化学品,泥炭,77951092,702455406,12%,14%,20%
住宅和花园,土壤、化肥和园艺化学品,苔藓,77951092,971025171,12%,14%,20%
住宅和花园,土壤、化肥和园艺化学品,花园害虫化学药剂,87816696,308043,12%,14%,20%
住宅和花园,土壤、化肥和园艺化学品,消冰剂,89764407,99107,12%,14%,20%
住宅和花园,园林电动工具,鼓风机,17032733,91617,12%,14%,20%
住宅和花园,园林电动工具,刷机,17032733,970860296,12%,14%,20%
住宅和花园,园林电动工具,扫地机,17032733,97958,12%,14%,20%
住宅和花园,园林电动工具,电动锄头,17032741,504866296,12%,14%,20%
住宅和花园,园林电动工具,草坪打孔机,17032741,91616,12%,14%,20%
住宅和花园,园林电动工具,松土机,17032741,970713366,12%,14%,20%
住宅和花园,园林电动工具,垂直割草机,17032741,970889112,12%,14%,20%
住宅和花园,园林电动工具,割草机,17032741,970890702,12%,14%,20%
住宅和花园,园林电动工具,花园剪草机,17032741,970905496,12%,14%,20%
住宅和花园,园林电动工具,杂草燃烧器,17032741,970943855,12%,14%,20%
住宅和花园,园林电动工具,花园骑行除草机,17032741,97956,12%,14%,20%
住宅和花园,园林电动工具,除雪机,17032742,91626,12%,14%,20%
住宅和花园,园林电动工具,冰锥,17032742,970994142,12%,14%,20%
住宅和花园,园林电动工具,自动劈木机,200000504,971100773,12%,14%,20%
住宅和花园,园林电动工具,电动修枝剪,36915134,91629,12%,14%,20%
住宅和花园,园林电动工具,手推式除草机,36915134,970886280,12%,14%,20%
住宅和花园,园林电动工具,电动高枝锯,36915134,98335,12%,14%,20%
住宅和花园,园林电动工具,绿篱机,36915134,98397,12%,14%,20%
住宅和花园,园林电动工具,花园粉碎机,86492512,91623,12%,14%,20%
住宅和花园,园林电动工具,园林拖拉机,92449446,91624,12%,14%,20%
住宅和花园,表,挂钟,17038216,91759,12%,14%,20%
住宅和花园,表,落地钟,17038218,91757,12%,14%,20%
住宅和花园,表,台钟,17038218,91760,12%,14%,20%
住宅和花园,表,定时器,17038218,91765,12%,14%,20%
住宅和花园,表,沙漏,17038220,91761,12%,14%,20%
住宅和花园,仪式、宗教用品,坟墓围栏,100671339,971038322,12%,14%,20%
住宅和花园,仪式、宗教用品,墓前花坛,100671339,971414565,12%,14%,20%
住宅和花园,仪式、宗教用品,东正教圣像,17038578,91953,12%,14%,20%
住宅和花园,仪式、宗教用品,念珠,200000669,261138229,12%,14%,20%
住宅和花园,仪式、宗教用品,礼拜垫,200000669,970638695,12%,14%,20%
住宅和花园,仪式、宗教用品,随身圣像牌,200000669,971149518,12%,14%,20%
住宅和花园,仪式、宗教用品,净手碗,200000669,971312507,12%,14%,20%
住宅和花园,仪式、宗教用品,宗教配件,200000669,971365974,12%,14%,20%
住宅和花园,仪式、宗教用品,东正教圣袍,85892048,971439094,12%,14%,20%
住宅和花园,仪式、宗教用品,坟墓十字架,85892049,970780866,12%,14%,20%
住宅和花园,仪式、宗教用品,纪念碑铭牌,85892049,971138804,12%,14%,20%
住宅和花园,仪式、宗教用品,哀悼用相框,85892049,971151259,12%,14%,20%
住宅和花园,仪式、宗教用品,祭祀用品,85892049,971812108,12%,14%,20%
住宅和花园,仪式、宗教用品,公墓用花,86030102,96195,12%,14%,20%
住宅和花园,仪式、宗教用品,墓地花瓶,86030108,970780863,12%,14%,20%
住宅和花园,仪式、宗教用品,圣饼印章,86030108,971136501,12%,14%,20%
住宅和花园,仪式、宗教用品,圣油,91695011,970890458,12%,14%,20%
住宅和花园,仪式、宗教用品,圣水,91695011,971217350,12%,14%,20%
住宅和花园,仪式、宗教用品,教堂炭,92449341,970952494,12%,14%,20%
住宅和花园,池塘用品,池塘曝气器,78835008,970684990,12%,14%,20%
住宅和花园,池塘用品,池塘过滤器,78835008,970684991,12%,14%,20%
住宅和花园,池塘用品,池塘撇渣器,78835008,970694284,12%,14%,20%
住宅和花园,池塘用品,池塘泵,78835008,970699235,12%,14%,20%
住宅和花园,池塘用品,人工池塘,78835008,970725661,12%,14%,20%
住宅和花园,池塘用品,冬季鱼塘设备,78835008,970731397,12%,14%,20%
住宅和花园,池塘用品,池塘膜,78835008,970969696,12%,14%,20%
住宅和花园,别墅水泵,潜水泵,83626052,91462,12%,14%,20%
住宅和花园,别墅水泵,汽油机水泵,83626053,91465,12%,14%,20%
住宅和花园,别墅水泵,泵站,83626053,91468,12%,14%,20%
住宅和花园,别墅水泵,泵组,83626053,971125576,12%,14%,20%
住宅和花园,别墅水泵,地面泵,83626053,98340,12%,14%,20%
住宅和花园,别墅水泵,花园泵配件,87779473,99332,12%,14%,20%
住宅和花园,园林设备配件和零件,园林工具刀,43430509,94880,12%,14%,20%
住宅和花园,园林设备配件和零件,打草头,43430509,94908,12%,14%,20%
住宅和花园,园林设备配件和零件,割草机线,43430509,94924,12%,14%,20%
住宅和花园,园林设备配件和零件,园林机械发动机,84338047,970676555,12%,14%,20%
住宅和花园,家居香水,香薰扩香器,17036784,92718,12%,14%,20%
住宅和花园,家居香水,家用香薰,17036784,92721,12%,14%,20%
住宅和花园,家居香水,簧片扩散器棒,17036784,971012137,12%,14%,20%
住宅和花园,家居香水,除臭剂 ,17036785,92719,12%,14%,20%
住宅和花园,家居香水,熏香,43443483,93740,12%,14%,20%
住宅和花园,家居香水,香座,43443483,970629291,12%,14%,20%
住宅和花园,家居香水,香薰瓶,88060167,970833113,12%,14%,20%
住宅和花园,家居香水,精油收纳架,88060167,970833114,12%,14%,20%
住宅和花园,酒店业设备,清洁手推车,89313208,970585206,12%,14%,20%
住宅和花园,酒店业设备,自助餐台,99012547,970994444,12%,14%,20%
住宅和花园,一次性餐具,一次性桌布,17033155,92678,12%,14%,20%
住宅和花园,一次性餐具,一次性桌围裙,17033155,971362198,12%,14%,20%
住宅和花园,一次性餐具,一次性杯子,17033569,92485,12%,14%,20%
住宅和花园,一次性餐具,一次性盘子,17033569,92532,12%,14%,20%
住宅和花园,一次性餐具,一次性餐具套装,17033569,94430,12%,14%,20%
住宅和花园,一次性餐具,一次性叉子,17033569,970835976,12%,14%,20%
住宅和花园,一次性餐具,一次性勺子,17033569,970835978,12%,14%,20%
住宅和花园,一次性餐具,一次性搅拌器,17033569,970835982,12%,14%,20%
住宅和花园,一次性餐具,一次性刀具,17033569,970835984,12%,14%,20%
住宅和花园,一次性餐具,一次性杯托,17033569,971298672,12%,14%,20%
住宅和花园,一次性餐具,一次性分装碗,17033569,971303710,12%,14%,20%
住宅和花园,一次性餐具,一次性容器,17033569,97756,12%,14%,20%
住宅和花园,一次性餐具,一次性盖子,34279583,98183,12%,14%,20%
汽车用品,应急工具,燃油桶,17029827,92171,12%,17%,17%
汽车用品,应急工具,牵引绳,17029844,92207,12%,17%,17%
汽车用品,应急工具,拖钩,17029844,970943339,12%,17%,17%
汽车用品,应急工具,软卸扣,17029844,971444167,12%,17%,17%
汽车用品,应急工具,应急包,17030985,92160,12%,17%,17%
汽车用品,应急工具,三角警示牌,17030985,92170,12%,17%,17%
汽车用品,应急工具,应急手电,17030985,95112,12%,17%,17%
汽车用品,应急工具,止退器,17030985,96758,12%,17%,17%
汽车用品,应急工具,拖车绳锁扣,17030985,970693186,12%,17%,17%
汽车用品,应急工具,汽车千斤顶,17040013,95885,12%,17%,17%
汽车用品,应急工具,千斤顶配件,17040013,970581471,12%,17%,17%
汽车用品,应急工具,履带式防滑带,43433038,92174,12%,17%,17%
汽车用品,应急工具,防滑链,43433038,92210,12%,17%,17%
汽车用品,汽车打扫，清洁用品,汽车刮刀,17029850,92201,12%,17%,17%
汽车用品,汽车打扫，清洁用品,洗车刮水板,17029850,970707850,12%,17%,17%
汽车用品,汽车打扫，清洁用品,汽车刷子,17029850,970741954,12%,17%,17%
汽车用品,汽车打扫，清洁用品,擦车布,50357961,269166265,12%,17%,17%
汽车用品,汽车打扫，清洁用品,汽车海绵,50357961,269166266,12%,17%,17%
汽车用品,汽车打扫，清洁用品,汽车专用湿纸巾,50357961,269166268,12%,17%,17%
汽车用品,汽车打扫，清洁用品,洗车手套,50357961,970737903,12%,17%,17%
汽车用品,汽车打扫，清洁用品,汽车细节刷,50357961,970827779,12%,17%,17%
汽车用品,轮胎,越野车轮胎,24691513,94762,12%,17%,17%
汽车用品,轮胎,卡车轮胎,24691513,94763,12%,17%,17%
汽车用品,轮胎,乘用车轮胎,24691513,94765,12%,17%,17%
汽车用品,轮胎,园艺设备轮胎,24691513,94767,12%,17%,17%
汽车用品,轮胎,全地形车轮胎,43435587,94764,12%,17%,17%
汽车用品,轮胎,摩托车轮胎,43435587,94766,12%,17%,17%
汽车用品,轮胎,拖车轮胎,43435587,971444483,12%,17%,17%
汽车用品,轮胎,专用设备轮胎,99448297,971980009,12%,17%,17%
汽车用品,轮胎,商用车轮胎,99448297,97884,12%,17%,17%
汽车用品,雨刮片,雨刮臂适配器,200001749,95588,12%,17%,17%
汽车用品,雨刮片,雨刮器胶条,200001749,95597,12%,17%,17%
汽车用品,雨刮片,雨刮片,48240775,95589,12%,17%,17%
汽车用品,汽车配件,车载支架,17029822,115950474,12%,17%,17%
汽车用品,汽车配件,中控台垫,17029822,92173,12%,17%,17%
汽车用品,汽车配件,汽车芳香剂,17029836,92715,12%,17%,17%
汽车用品,汽车配件,汽车枕头,17031019,92614,12%,17%,17%
汽车用品,汽车配件,车载床垫,17031019,970573777,12%,17%,17%
汽车用品,汽车配件,车载帐篷,200000919,971302761,12%,17%,17%
汽车用品,汽车配件,房车配件,200000919,971768729,12%,17%,17%
汽车用品,汽车配件,汽车爱好者礼品套装,24690977,129347475,12%,17%,17%
汽车用品,汽车配件,汽车跟趾踏板,24690977,234790370,12%,17%,17%
汽车用品,汽车配件,方向盘手柄,24690977,238989887,12%,17%,17%
汽车用品,汽车配件,车载旗帜,24690977,92161,12%,17%,17%
汽车用品,汽车配件,车载水桶,24690977,92165,12%,17%,17%
汽车用品,汽车配件,汽车垃圾袋,24690977,92187,12%,17%,17%
汽车用品,汽车配件,车载烟灰缸,24690977,92188,12%,17%,17%
汽车用品,汽车配件,反光器,24690977,92198,12%,17%,17%
汽车用品,汽车配件,汽车桌,24690977,92202,12%,17%,17%
汽车用品,汽车配件,汽车内饰件护套,24690977,93595,12%,17%,17%
汽车用品,汽车配件,汽车衣架,24690977,93667,12%,17%,17%
汽车用品,汽车配件,车牌架,24690977,94664,12%,17%,17%
汽车用品,汽车配件,加热元件,24690977,96753,12%,17%,17%
汽车用品,汽车配件,汽车车标,24690977,96755,12%,17%,17%
汽车用品,汽车配件,汽车置物架,24690977,970581309,12%,17%,17%
汽车用品,汽车配件,汽车钟表,24690977,970637383,12%,17%,17%
汽车用品,汽车配件,内饰饰板,24690977,970701553,12%,17%,17%
汽车用品,汽车配件,轮毂盖,24690977,970702677,12%,17%,17%
汽车用品,汽车配件,内饰保护膜 ,24690977,970702707,12%,17%,17%
汽车用品,汽车配件,车载纸巾盒,24690977,970724801,12%,17%,17%
汽车用品,汽车配件,交通管制警棍,24690977,970741660,12%,17%,17%
汽车用品,汽车配件,车内杯架,24690977,970748012,12%,17%,17%
汽车用品,汽车配件,警示灯,24690977,970827237,12%,17%,17%
汽车用品,汽车配件,油门踏板加高座,24690977,970857870,12%,17%,17%
汽车用品,汽车配件,汽车安全带,24690977,970863604,12%,17%,17%
汽车用品,汽车配件,车牌螺栓,24690977,970957468,12%,17%,17%
汽车用品,汽车配件,车载保险箱,24690977,970957536,12%,17%,17%
汽车用品,汽车配件,纪念车牌照,24690977,970969822,12%,17%,17%
汽车用品,汽车配件,汽车防蚊网,24690977,970998256,12%,17%,17%
汽车用品,汽车配件,汽车防静电剂,24690977,971026639,12%,17%,17%
汽车用品,汽车配件,车载对讲机,24690977,971058097,12%,17%,17%
汽车用品,汽车配件,车窗雨眉,24690977,971158839,12%,17%,17%
汽车用品,汽车配件,爱心车挂,24690977,971219257,12%,17%,17%
汽车用品,汽车配件,汽车门锁阻尼器,24690977,971298731,12%,17%,17%
汽车用品,汽车配件,安全带限制器,24690977,971310091,12%,17%,17%
汽车用品,汽车配件,吸湿剂,24690977,971392609,12%,17%,17%
汽车用品,汽车配件,出租车顶灯,24690977,971456691,12%,17%,17%
汽车用品,汽车配件,汽车停车牌,24690977,98482,12%,17%,17%
汽车用品,汽车配件,汽车标志,24690977,98484,12%,17%,17%
汽车用品,汽车配件,汽车贴纸,24690977,98485,12%,17%,17%
汽车用品,汽车配件,变速箱手柄,24690977,98486,12%,17%,17%
汽车用品,汽车配件,方向盘套,43433602,92185,12%,17%,17%
汽车用品,汽车配件,汽车防盗器遥控器套,43434982,97381,12%,17%,17%
汽车用品,汽车配件,遮阳帘,43436408,92211,12%,17%,17%
汽车用品,汽车配件,遮阳板,43436408,970623462,12%,17%,17%
汽车用品,汽车脚垫和车座套,汽车罩,17031018,93587,12%,17%,17%
汽车用品,汽车脚垫和车座套,座椅靠背保护器,17031018,970700748,12%,17%,17%
汽车用品,汽车脚垫和车座套,汽车座套固定件,17031018,970976073,12%,17%,17%
汽车用品,汽车脚垫和车座套,汽车罩,17031020,93589,12%,17%,17%
汽车用品,汽车脚垫和车座套,拖车盖,17031020,93593,12%,17%,17%
汽车用品,汽车脚垫和车座套,车顶箱罩,17031020,970885291,12%,17%,17%
汽车用品,汽车脚垫和车座套,汽车车衣配件,17031020,971215899,12%,17%,17%
汽车用品,汽车脚垫和车座套,汽车座椅套,17031027,93596,12%,17%,17%
汽车用品,汽车脚垫和车座套,摩托车套,200001495,970667859,12%,17%,17%
汽车用品,汽车脚垫和车座套,汽车后备厢垫,36190010,970731612,12%,17%,17%
汽车用品,汽车脚垫和车座套,后备箱垫,36190010,98347,12%,17%,17%
汽车用品,汽车脚垫和车座套,汽车脚垫,36190010,98348,12%,17%,17%
汽车用品,汽车脚垫和车座套,汽车隔音材料,43435797,65454045,12%,17%,17%
汽车用品,汽车脚垫和车座套,汽车防异响条,43435797,703080057,12%,17%,17%
汽车用品,汽车脚垫和车座套,汽车隔热材料,43435797,703080058,12%,17%,17%
汽车用品,汽车脚垫和车座套,汽车隔音减振材料,43435797,703080060,12%,17%,17%
汽车用品,汽车脚垫和车座套,轮胎收纳套,79477656,92209,12%,17%,17%
汽车用品,汽车脚垫和车座套,备胎罩,79477656,93590,12%,17%,17%
汽车用品,汽车脚垫和车座套,轮胎袋,79477656,971105567,12%,17%,17%
汽车用品,汽车滤清器,保养套件,36478493,98301,12%,17%,17%
汽车用品,汽车滤清器,空气滤清器,43429587,96175,12%,17%,17%
汽车用品,汽车滤清器,机油滤清器,43429587,96176,12%,17%,17%
汽车用品,汽车滤清器,冷却液过滤器,43429587,96177,12%,17%,17%
汽车用品,汽车滤清器,空调滤清器,43429587,96178,12%,17%,17%
汽车用品,汽车滤清器,燃油过滤器,43429587,96179,12%,17%,17%
汽车用品,汽车滤清器,自动变速器过滤器,43429587,970863591,12%,17%,17%
汽车用品,汽车滤清器,液压过滤器,43429587,970863592,12%,17%,17%
汽车用品,汽车滤清器,通气管过滤器,43429587,970905417,12%,17%,17%
汽车用品,汽车滤清器,油水分离器,43429587,970939240,12%,17%,17%
汽车用品,汽车滤清器,油水分离器,43429587,970939241,12%,17%,17%
汽车用品,汽车滤清器,汽车滤清器配件,43429587,971071830,12%,17%,17%
汽车用品,汽车滤清器,尿素过滤器,43429587,971749376,12%,17%,17%
汽车用品,汽车滤清器,专用设备液压过滤器,43429587,971749391,12%,17%,17%
汽车用品,汽车滤清器,柴油颗粒过滤器,43429587,972203269,12%,17%,17%
汽车用品,汽车化工产品和汽车护理产品,防冻液,17031032,92224,12%,17%,17%
汽车用品,汽车化工产品和汽车护理产品,汽车密封胶,17031034,369952585,12%,17%,17%
汽车用品,汽车化工产品和汽车护理产品,胶粘剂,17031034,92217,12%,17%,17%
汽车用品,汽车化工产品和汽车护理产品,螺纹锁固胶,17031034,970682158,12%,17%,17%
汽车用品,汽车化工产品和汽车护理产品,汽车胶,17031034,970856045,12%,17%,17%
汽车用品,汽车化工产品和汽车护理产品,粘合活化剂,17031034,971053898,12%,17%,17%
汽车用品,汽车化工产品和汽车护理产品,汽车清漆,17031043,184134668,12%,17%,17%
汽车用品,汽车化工产品和汽车护理产品,汽车底漆,17031043,92214,12%,17%,17%
汽车用品,汽车化工产品和汽车护理产品,汽车原子灰,17031043,92216,12%,17%,17%
汽车用品,汽车化工产品和汽车护理产品,汽车漆,17031043,92233,12%,17%,17%
汽车用品,汽车化工产品和汽车护理产品,划痕修复剂,17031043,92265,12%,17%,17%
汽车用品,汽车化工产品和汽车护理产品,汽车除油剂,17031043,970686351,12%,17%,17%
汽车用品,汽车化工产品和汽车护理产品,汽车固化剂,17031043,970695314,12%,17%,17%
汽车用品,汽车化工产品和汽车护理产品,汽车漆稀释剂,17031043,970695319,12%,17%,17%
汽车用品,汽车化工产品和汽车护理产品,车身密封胶,17031043,970701948,12%,17%,17%
汽车用品,汽车化工产品和汽车护理产品,汽车过渡溶剂,17031043,970747511,12%,17%,17%
汽车用品,汽车化工产品和汽车护理产品,调色色母,17031043,970944771,12%,17%,17%
汽车用品,汽车化工产品和汽车护理产品,研磨膏,17031043,971106641,12%,17%,17%
汽车用品,汽车化工产品和汽车护理产品,水转印活化剂,17031043,972050737,12%,17%,17%
汽车用品,汽车化工产品和汽车护理产品,挡风玻璃清洗液,17031058,92267,12%,17%,17%
汽车用品,汽车化工产品和汽车护理产品,制动液,17031060,92269,12%,17%,17%
汽车用品,汽车化工产品和汽车护理产品,汽车洗车液,17031064,92273,12%,17%,17%
汽车用品,汽车化工产品和汽车护理产品,汽车车蜡,17038896,92225,12%,17%,17%
汽车用品,汽车化工产品和汽车护理产品,汽车抛光蜡,17038896,92256,12%,17%,17%
汽车用品,汽车化工产品和汽车护理产品,螺栓松动剂,17038903,92227,12%,17%,17%
汽车用品,汽车化工产品和汽车护理产品,汽车润滑剂,17038903,92263,12%,17%,17%
汽车用品,汽车化工产品和汽车护理产品,皮革修复膏,17040011,504866285,12%,17%,17%
汽车用品,汽车化工产品和汽车护理产品,汽车防锈剂,17040011,92215,12%,17%,17%
汽车用品,汽车化工产品和汽车护理产品,轮胎防冰剂,17040011,92218,12%,17%,17%
汽车用品,汽车化工产品和汽车护理产品,防砾石涂层,17040011,92219,12%,17%,17%
汽车用品,汽车化工产品和汽车护理产品,防雨剂,17040011,92220,12%,17%,17%
汽车用品,汽车化工产品和汽车护理产品,防雾剂,17040011,92221,12%,17%,17%
汽车用品,汽车化工产品和汽车护理产品,防腐涂层,17040011,92222,12%,17%,17%
汽车用品,汽车化工产品和汽车护理产品,快速启动液,17040011,92228,12%,17%,17%
汽车用品,汽车化工产品和汽车护理产品,汽车零件护理剂,17040011,92231,12%,17%,17%
汽车用品,汽车化工产品和汽车护理产品,汽车养护用品套装,17040011,92234,12%,17%,17%
汽车用品,汽车化工产品和汽车护理产品,点火系统干燥器,17040011,92238,12%,17%,17%
汽车用品,汽车化工产品和汽车护理产品,轮胎发黑剂,17040011,92254,12%,17%,17%
汽车用品,汽车化工产品和汽车护理产品,锈迹转化剂,17040011,92257,12%,17%,17%
汽车用品,汽车化工产品和汽车护理产品,金属修复剂,17040011,92262,12%,17%,17%
汽车用品,汽车化工产品和汽车护理产品,玻璃除霜器,17040011,970742710,12%,17%,17%
汽车用品,汽车化工产品和汽车护理产品,锁眼除冰剂,17040011,970742711,12%,17%,17%
汽车用品,汽车化工产品和汽车护理产品,发动机积碳清洗剂,17040011,970892544,12%,17%,17%
汽车用品,汽车化工产品和汽车护理产品,汽车内饰养护剂,17040011,970893002,12%,17%,17%
汽车用品,汽车化工产品和汽车护理产品,液态轮拱内衬,17040011,970895716,12%,17%,17%
汽车用品,汽车化工产品和汽车护理产品,底盘防锈蜡,17040011,970952430,12%,17%,17%
汽车用品,汽车化工产品和汽车护理产品,橡胶柔软剂,17040011,970960822,12%,17%,17%
汽车用品,汽车化工产品和汽车护理产品,轮胎修复胶,17040011,971065946,12%,17%,17%
汽车用品,汽车化工产品和汽车护理产品,薄膜安装凝胶,17040011,971452735,12%,17%,17%
汽车用品,汽车化工产品和汽车护理产品,液体橡胶,17040011,97607,12%,17%,17%
汽车用品,汽车化工产品和汽车护理产品,传感器清洁剂,200001729,92240,12%,17%,17%
汽车用品,汽车化工产品和汽车护理产品,发动机清洁剂,200001729,92241,12%,17%,17%
汽车用品,汽车化工产品和汽车护理产品,光盘清洁剂,200001729,92242,12%,17%,17%
汽车用品,汽车化工产品和汽车护理产品,燃油系统清洁剂,200001729,92243,12%,17%,17%
汽车用品,汽车化工产品和汽车护理产品,空调清洁剂,200001729,92246,12%,17%,17%
汽车用品,汽车化工产品和汽车护理产品,车身清洁剂,200001729,92247,12%,17%,17%
汽车用品,汽车化工产品和汽车护理产品,脱漆剂,200001729,92248,12%,17%,17%
汽车用品,汽车化工产品和汽车护理产品,汽车内饰清洁剂,200001729,92250,12%,17%,17%
汽车用品,汽车化工产品和汽车护理产品,玻璃清洁剂,200001729,92251,12%,17%,17%
汽车用品,汽车化工产品和汽车护理产品,刹车清洁剂,200001729,92252,12%,17%,17%
汽车用品,汽车化工产品和汽车护理产品,油系统清洁剂,200001729,970852589,12%,17%,17%
汽车用品,汽车化工产品和汽车护理产品,变速箱清洁剂,200001729,970886296,12%,17%,17%
汽车用品,汽车化工产品和汽车护理产品,电触点清洁剂,200001729,970941871,12%,17%,17%
汽车用品,汽车化工产品和汽车护理产品,排气系统清洁剂,200001729,970942583,12%,17%,17%
汽车用品,汽车化工产品和汽车护理产品,摩托车头盔清洁剂,200001729,970976079,12%,17%,17%
汽车用品,汽车化工产品和汽车护理产品,汽车养护膏,200001730,970804367,12%,17%,17%
汽车用品,汽车化工产品和汽车护理产品,泄漏检测剂,43434241,286404838,12%,17%,17%
汽车用品,汽车化工产品和汽车护理产品,汽车添加剂,43434241,92258,12%,17%,17%
汽车用品,汽车化工产品和汽车护理产品,抗凝剂,43434241,92261,12%,17%,17%
汽车用品,汽车化工产品和汽车护理产品,冷却系统清洁剂,43434241,970952444,12%,17%,17%
汽车用品,汽车化工产品和汽车护理产品,车用尿素溶液,43434241,971072366,12%,17%,17%
汽车用品,汽车化工产品和汽车护理产品,蒸馏水,43435806,92226,12%,17%,17%
汽车用品,汽车化工产品和汽车护理产品,校正电解液,43435806,970941856,12%,17%,17%
汽车用品,汽车化工产品和汽车护理产品,酸性电解液,43435806,970941857,12%,17%,17%
汽车用品,汽车化工产品和汽车护理产品,去离子水,43435806,971072370,12%,17%,17%
汽车用品,汽车化工产品和汽车护理产品,碱性电解液,43435806,972816275,12%,17%,17%
汽车用品,行李运输,车顶行李架横杆,17030000,94640,12%,17%,17%
汽车用品,行李运输,车顶行李箱,17030000,94641,12%,17%,17%
汽车用品,行李运输,汽车自行车架,17030000,94642,12%,17%,17%
汽车用品,行李运输,车顶行李架套件,17030000,94643,12%,17%,17%
汽车用品,行李运输,车顶行李框,17030000,94644,12%,17%,17%
汽车用品,行李运输,汽车行李架,17030000,94649,12%,17%,17%
汽车用品,行李运输,滑雪板、单板滑雪板行李架,17030000,970871852,12%,17%,17%
汽车用品,行李运输,行李固定器,86984835,92195,12%,17%,17%
汽车用品,行李运输,捆绑带,86984835,92196,12%,17%,17%
汽车用品,行李运输,拖车锁,86984835,970803521,12%,17%,17%
汽车用品,行李运输,拖车配件,86984835,970964787,12%,17%,17%
汽车用品,行李运输,拖车网,86984835,971108777,12%,17%,17%
汽车用品,行李运输,篷布支架,86984835,971288167,12%,17%,17%
汽车用品,行李运输,货物索具紧固件,86984835,972757884,12%,17%,17%
汽车用品,汽车改装和外部装饰,引擎盖导流板,17030012,94656,12%,17%,17%
汽车用品,汽车改装和外部装饰,晴雨挡,17030012,97593,12%,17%,17%
汽车用品,汽车改装和外部装饰,汽车外部部件的保护,17030014,94658,12%,17%,17%
汽车用品,汽车改装和外部装饰,轮拱内衬,17030014,94663,12%,17%,17%
汽车用品,汽车改装和外部装饰,轮眉扩展件,17030014,970599034,12%,17%,17%
汽车用品,汽车改装和外部装饰,汽车装饰条,17030014,970719027,12%,17%,17%
汽车用品,汽车改装和外部装饰,汽车脚踏板,17030014,970854767,12%,17%,17%
汽车用品,汽车改装和外部装饰,防枝条护架,17030014,970891873,12%,17%,17%
汽车用品,汽车改装和外部装饰,汽车扰流板,17030014,970895069,12%,17%,17%
汽车用品,汽车改装和外部装饰,保险杠盖,17030014,970954154,12%,17%,17%
汽车用品,汽车改装和外部装饰,轮毂罩,17030014,970984560,12%,17%,17%
汽车用品,汽车改装和外部装饰,汽车装饰贴片,17030014,971006634,12%,17%,17%
汽车用品,汽车改装和外部装饰,皮卡车盖,17030014,971045988,12%,17%,17%
汽车用品,汽车改装和外部装饰,天线盖,17030014,971448842,12%,17%,17%
汽车用品,汽车改装和外部装饰,脚踏板,17030014,97601,12%,17%,17%
汽车用品,汽车改装和外部装饰,车身拱形梁,17030014,98300,12%,17%,17%
汽车用品,汽车改装和外部装饰,车轮盖,17038918,94659,12%,17%,17%
汽车用品,汽车改装和外部装饰,进气格栅堵盖,200001747,94657,12%,17%,17%
汽车用品,汽车改装和外部装饰,进气口,200001747,970895070,12%,17%,17%
汽车用品,汽车改装和外部装饰,散热器格栅维修套件,200001747,971100615,12%,17%,17%
汽车用品,汽车改装和外部装饰,汽车涉水喉,200001747,971166353,12%,17%,17%
汽车用品,汽车改装和外部装饰,散热器格栅,200001747,97666,12%,17%,17%
汽车用品,汽车改装和外部装饰,汽车照明套件,200001748,971168873,12%,17%,17%
汽车用品,汽车改装和外部装饰,可拆卸遮阳膜,43434985,970984412,12%,17%,17%
汽车用品,汽车改装和外部装饰,汽车贴膜,43443520,970943796,12%,17%,17%
汽车用品,乘用车配件,液化石油气设备备件,100664690,971009111,12%,17%,17%
汽车用品,乘用车配件,液化石油气钢瓶,100664690,971038324,12%,17%,17%
汽车用品,乘用车配件,刹车盘、刹车片套装,17036325,970831262,12%,17%,17%
汽车用品,乘用车配件,制动鼓,17036325,98799,12%,17%,17%
汽车用品,乘用车配件,制动盘,17036325,98825,12%,17%,17%
汽车用品,乘用车配件,刹车片,17036327,96167,12%,17%,17%
汽车用品,乘用车配件,制动系统扩展连杆,17036327,971092554,12%,17%,17%
汽车用品,乘用车配件,刹车片配件,17036327,971100603,12%,17%,17%
汽车用品,乘用车配件,刹车卡钳装饰罩,17036327,971852452,12%,17%,17%
汽车用品,乘用车配件,透镜大灯,200001731,364200918,12%,17%,17%
汽车用品,乘用车配件,远光、近光模块,200001731,382839438,12%,17%,17%
汽车用品,乘用车配件,大灯解码器,200001731,94670,12%,17%,17%
汽车用品,乘用车配件,氙灯点火单元,200001731,94671,12%,17%,17%
汽车用品,乘用车配件,汽车前照灯透镜,200001731,970832316,12%,17%,17%
汽车用品,乘用车配件,车灯底座,200001731,970853203,12%,17%,17%
汽车用品,乘用车配件,氙气灯透镜遮光片,200001731,970880271,12%,17%,17%
汽车用品,乘用车配件,LED灯转接座,200001731,970957814,12%,17%,17%
汽车用品,乘用车配件,镜头适配器框架,200001731,970976187,12%,17%,17%
汽车用品,乘用车配件,前照灯适配器,200001731,971041634,12%,17%,17%
汽车用品,乘用车配件,汽车大灯壳,200001731,971072729,12%,17%,17%
汽车用品,乘用车配件,大灯矫正器,200001731,971072731,12%,17%,17%
汽车用品,乘用车配件,前照灯扩散器,200001731,971072774,12%,17%,17%
汽车用品,乘用车配件,大灯玻璃,200001731,971072788,12%,17%,17%
汽车用品,乘用车配件,大灯保护罩,200001731,971102695,12%,17%,17%
汽车用品,乘用车配件,大灯支架,200001731,971107287,12%,17%,17%
汽车用品,乘用车配件,日间行车灯控制器,200001731,971403240,12%,17%,17%
汽车用品,乘用车配件,悬挂臂保护器,200001732,660194641,12%,17%,17%
汽车用品,乘用车配件,空调管保护,200001732,68793832,12%,17%,17%
汽车用品,乘用车配件,发动机、变速箱护板,200001732,970594170,12%,17%,17%
汽车用品,乘用车配件,燃油系统保护剂,200001732,97610,12%,17%,17%
汽车用品,乘用车配件,方向盘控制拨杆,200001733,970889789,12%,17%,17%
汽车用品,乘用车配件,转向轴,200001733,970984870,12%,17%,17%
汽车用品,乘用车配件,动力转向泵配件,200001733,970984894,12%,17%,17%
汽车用品,乘用车配件,点火线圈,200001734,970744686,12%,17%,17%
汽车用品,乘用车配件,火花塞接头,200001734,970863595,12%,17%,17%
汽车用品,乘用车配件,起动机驱动齿,200001734,970863600,12%,17%,17%
汽车用品,乘用车配件,起动刷架,200001734,970876402,12%,17%,17%
汽车用品,乘用车配件,点火开关,200001734,970889769,12%,17%,17%
汽车用品,乘用车配件,新手维修套件,200001734,970889775,12%,17%,17%
汽车用品,乘用车配件,汽车点火钥匙,200001734,971072712,12%,17%,17%
汽车用品,乘用车配件,点火分电器,200001734,971072773,12%,17%,17%
汽车用品,乘用车配件,点火线圈维修套件,200001734,971084355,12%,17%,17%
汽车用品,乘用车配件,起动机电枢,200001734,971092520,12%,17%,17%
汽车用品,乘用车配件,高压点火线组,200001734,98893,12%,17%,17%
汽车用品,乘用车配件,起动机总成,200001734,98941,12%,17%,17%
汽车用品,乘用车配件,节温器,200001735,115950439,12%,17%,17%
汽车用品,乘用车配件,散热器保温罩,200001735,94668,12%,17%,17%
汽车用品,乘用车配件,汽车空调,200001735,970601388,12%,17%,17%
汽车用品,乘用车配件,空调散热器,200001735,970781671,12%,17%,17%
汽车用品,乘用车配件,车厢加热器散热器,200001735,970781727,12%,17%,17%
汽车用品,乘用车配件,电热风扇,200001735,970782175,12%,17%,17%
汽车用品,乘用车配件,空调压缩机,200001735,970782176,12%,17%,17%
汽车用品,乘用车配件,机油冷却器,200001735,970782259,12%,17%,17%
汽车用品,乘用车配件,冷却散热器,200001735,970782911,12%,17%,17%
汽车用品,乘用车配件,加热器电机,200001735,970836768,12%,17%,17%
汽车用品,乘用车配件,散热器风扇,200001735,970854831,12%,17%,17%
汽车用品,乘用车配件,空调干燥瓶,200001735,970863588,12%,17%,17%
汽车用品,乘用车配件,风扇电机,200001735,970885012,12%,17%,17%
汽车用品,乘用车配件,汽车膨胀水箱,200001735,970885027,12%,17%,17%
汽车用品,乘用车配件,散热器盖,200001735,970889794,12%,17%,17%
汽车用品,乘用车配件,电磁离合器,200001735,970989394,12%,17%,17%
汽车用品,乘用车配件,水泵维修套件,200001735,971047419,12%,17%,17%
汽车用品,乘用车配件,硅油风扇离合器,200001735,971049422,12%,17%,17%
汽车用品,乘用车配件,中冷器,200001735,971072691,12%,17%,17%
汽车用品,乘用车配件,空调蒸发器,200001735,971072692,12%,17%,17%
汽车用品,乘用车配件,空调干燥瓶,200001735,971072694,12%,17%,17%
汽车用品,乘用车配件,空调阀门,200001735,971072698,12%,17%,17%
汽车用品,乘用车配件,暖气阀,200001735,971072701,12%,17%,17%
汽车用品,乘用车配件,暖风水阀,200001735,971072732,12%,17%,17%
汽车用品,乘用车配件,散热器水阀,200001735,971072733,12%,17%,17%
汽车用品,乘用车配件,散热器风扇叶轮,200001735,971072736,12%,17%,17%
汽车用品,乘用车配件,膨胀水箱盖,200001735,971072740,12%,17%,17%
汽车用品,乘用车配件,空调压缩机电磁离合器,200001735,971072746,12%,17%,17%
汽车用品,乘用车配件,散热器面板,200001735,971072760,12%,17%,17%
汽车用品,乘用车配件,汽车空调专用阀,200001735,971092865,12%,17%,17%
汽车用品,乘用车配件,冷却法兰,200001735,971156221,12%,17%,17%
汽车用品,乘用车配件,空调加注口盖,200001735,971452663,12%,17%,17%
汽车用品,乘用车配件,汽车空调气门芯,200001735,971452664,12%,17%,17%
汽车用品,乘用车配件,汽车空调密封圈,200001735,971452669,12%,17%,17%
汽车用品,乘用车配件,汽车散热器单元,200001735,971749421,12%,17%,17%
汽车用品,乘用车配件,汽车冷却系统垫片,200001735,971749438,12%,17%,17%
汽车用品,乘用车配件,水泵,200001735,98857,12%,17%,17%
汽车用品,乘用车配件,玻璃水壶,200001736,970707039,12%,17%,17%
汽车用品,乘用车配件,清洗喷嘴,200001736,970863584,12%,17%,17%
汽车用品,乘用车配件,摄像头清洗喷嘴,200001736,971362723,12%,17%,17%
汽车用品,乘用车配件,油箱,200001737,970583533,12%,17%,17%
汽车用品,乘用车配件,燃油加注口颈,200001737,970943749,12%,17%,17%
汽车用品,乘用车配件,油箱盖修理套件,200001737,971049580,12%,17%,17%
汽车用品,乘用车配件,化油器配件,200001737,971061543,12%,17%,17%
汽车用品,乘用车配件,高压油泵修理包,200001737,971072781,12%,17%,17%
汽车用品,乘用车配件,吸附器,200001737,971289920,12%,17%,17%
汽车用品,乘用车配件,油箱盖,200001737,98512,12%,17%,17%
汽车用品,乘用车配件,喷油嘴密封圈,200001737,98839,12%,17%,17%
汽车用品,乘用车配件,燃油泵,200001737,98860,12%,17%,17%
汽车用品,乘用车配件,控制单元,200001738,971005681,12%,17%,17%
汽车用品,乘用车配件,驾驶员监控系统,200001738,971074215,12%,17%,17%
汽车用品,乘用车配件,制动卡钳维修套件,200001739,98917,12%,17%,17%
汽车用品,乘用车配件,制动轮缸,200001739,98966,12%,17%,17%
汽车用品,乘用车配件,无级变速器皮带,200001740,970784816,12%,17%,17%
汽车用品,乘用车配件,十字轴式万向联轴器,200001740,970876394,12%,17%,17%
汽车用品,乘用车配件,驱动轴联轴器,200001740,970889788,12%,17%,17%
汽车用品,乘用车配件,粘性联轴器,200001740,970889790,12%,17%,17%
汽车用品,乘用车配件,万向轴支架,200001740,971047429,12%,17%,17%
汽车用品,乘用车配件,离合器配件,200001740,971049313,12%,17%,17%
汽车用品,乘用车配件,自动变速器散热器,200001740,971072771,12%,17%,17%
汽车用品,乘用车配件,变速箱维修套件,200001740,971100605,12%,17%,17%
汽车用品,乘用车配件,变速箱油底壳,200001740,971106653,12%,17%,17%
汽车用品,乘用车配件,变速箱总成,200001740,971325070,12%,17%,17%
汽车用品,乘用车配件,传动皮带,200001740,98801,12%,17%,17%
汽车用品,乘用车配件,传动轴,200001740,98805,12%,17%,17%
汽车用品,乘用车配件,离合器套件,200001740,98840,12%,17%,17%
汽车用品,乘用车配件,变速箱支架,200001740,98868,12%,17%,17%
汽车用品,乘用车配件,驱动总成,200001740,98888,12%,17%,17%
汽车用品,乘用车配件,球笼防尘套,200001740,98903,12%,17%,17%
汽车用品,乘用车配件,离合器分泵,200001740,98963,12%,17%,17%
汽车用品,乘用车配件,汽车软管,200001741,970584071,12%,17%,17%
汽车用品,乘用车配件,活塞,39474657,970782910,12%,17%,17%
汽车用品,乘用车配件,发动机油封,39474657,970782912,12%,17%,17%
汽车用品,乘用车配件,气缸垫片,39474657,970782913,12%,17%,17%
汽车用品,乘用车配件,油尺,39474657,970782915,12%,17%,17%
汽车用品,乘用车配件,发动机胶垫,39474657,970782919,12%,17%,17%
汽车用品,乘用车配件,汽车配气机构配件,39474657,970782921,12%,17%,17%
汽车用品,乘用车配件,发电机皮带,39474657,970782977,12%,17%,17%
汽车用品,乘用车配件,汽车配件,39474657,970799804,12%,17%,17%
汽车用品,乘用车配件,汽车密封圈,39474657,970863596,12%,17%,17%
汽车用品,乘用车配件,涡轮增压器,39474657,970870559,12%,17%,17%
汽车用品,乘用车配件,发电机盖,39474657,970892939,12%,17%,17%
汽车用品,乘用车配件,发电机碳刷,39474657,970892942,12%,17%,17%
汽车用品,乘用车配件,气缸体,39474657,971026650,12%,17%,17%
汽车用品,乘用车配件,曲轴箱通风油气分离器,39474657,971049571,12%,17%,17%
汽车用品,乘用车配件,活塞环,39474657,971058287,12%,17%,17%
汽车用品,乘用车配件,压缩机维修套件,39474657,971061544,12%,17%,17%
汽车用品,乘用车配件,阀门衬套,39474657,971072670,12%,17%,17%
汽车用品,乘用车配件,气缸盖阀门,39474657,971072711,12%,17%,17%
汽车用品,乘用车配件,正时皮带罩,39474657,971072713,12%,17%,17%
汽车用品,乘用车配件,阀体,39474657,971072722,12%,17%,17%
汽车用品,乘用车配件,散热器支架,39474657,971072752,12%,17%,17%
汽车用品,乘用车配件,气门锁夹,39474657,971072789,12%,17%,17%
汽车用品,乘用车配件,机油泵配件,39474657,971100607,12%,17%,17%
汽车用品,乘用车配件,汽车电动机,39474657,971217996,12%,17%,17%
汽车用品,乘用车配件,电动机配件,39474657,971229822,12%,17%,17%
汽车用品,乘用车配件,发动机连杆,39474657,971362794,12%,17%,17%
汽车用品,乘用车配件,机油冷却器,39474657,971363154,12%,17%,17%
汽车用品,乘用车配件,进气管道,39474657,971749367,12%,17%,17%
汽车用品,乘用车配件,发动机维修套件,39474657,971818474,12%,17%,17%
汽车用品,乘用车配件,滑油喷嘴,39474657,972233078,12%,17%,17%
汽车用品,乘用车配件,汽缸盖,39474657,98814,12%,17%,17%
汽车用品,乘用车配件,曲轴箱,39474657,98827,12%,17%,17%
汽车用品,乘用车配件,进气歧管,39474657,98833,12%,17%,17%
汽车用品,乘用车配件,阀盖,39474657,98847,12%,17%,17%
汽车用品,乘用车配件,正时链条导轨,39474657,98856,12%,17%,17%
汽车用品,乘用车配件,油泵,39474657,98859,12%,17%,17%
汽车用品,乘用车配件,排水塞,39474657,98890,12%,17%,17%
汽车用品,乘用车配件,发动机垫片,39474657,98894,12%,17%,17%
汽车用品,乘用车配件,传动皮带,39474657,98913,12%,17%,17%
汽车用品,乘用车配件,张紧器导轨,39474657,98956,12%,17%,17%
汽车用品,乘用车配件,正时链条,39474657,98962,12%,17%,17%
汽车用品,乘用车配件,紧固棒,41587183,94662,12%,17%,17%
汽车用品,乘用车配件,悬架臂,41587183,970849745,12%,17%,17%
汽车用品,乘用车配件,悬架弹簧垫片,41587183,970944609,12%,17%,17%
汽车用品,乘用车配件,空气悬架压缩机,41587183,971007501,12%,17%,17%
汽车用品,乘用车配件,轮边减速器,41587183,971045568,12%,17%,17%
汽车用品,乘用车配件,转向球头,41587183,98870,12%,17%,17%
汽车用品,乘用车配件,橡胶金属衬套,41587183,98928,12%,17%,17%
汽车用品,乘用车配件,稳定杆连杆,41587183,98943,12%,17%,17%
汽车用品,乘用车配件,汽车传感器,43429612,971006606,12%,17%,17%
汽车用品,乘用车配件,消音器保护,43429615,68793837,12%,17%,17%
汽车用品,乘用车配件,消声器尾嘴,43429615,970725995,12%,17%,17%
汽车用品,乘用车配件,消声器安装垫,43429615,970964738,12%,17%,17%
汽车用品,乘用车配件,消声器夹,43429615,971043197,12%,17%,17%
汽车用品,乘用车配件,消声器维修套件,43429615,971100632,12%,17%,17%
汽车用品,乘用车配件,消音器,43429615,971906701,12%,17%,17%
汽车用品,乘用车配件,消声器波纹管,43429615,98818,12%,17%,17%
汽车用品,乘用车配件,消声器谐振器,43429615,98906,12%,17%,17%
汽车用品,乘用车配件,排气管,43429615,98954,12%,17%,17%
汽车用品,乘用车配件,车灯,43430313,367249974,12%,17%,17%
汽车用品,乘用车配件,汽车软管,43433646,98873,12%,17%,17%
汽车用品,乘用车配件,汽车保险丝,43434228,92190,12%,17%,17%
汽车用品,乘用车配件,汽车线套装,43434274,94674,12%,17%,17%
汽车用品,乘用车配件,连接线,43434274,94680,12%,17%,17%
汽车用品,乘用车配件,汽车电线电缆 ,43434274,96853,12%,17%,17%
汽车用品,乘用车配件,线束,43434274,970854835,12%,17%,17%
汽车用品,乘用车配件,蓄电池线,43434274,98891,12%,17%,17%
汽车用品,乘用车配件,汽车大灯,43434355,970687095,12%,17%,17%
汽车用品,乘用车配件,大灯维修套件,43434355,971092515,12%,17%,17%
汽车用品,乘用车配件,汽车聚光灯,43434355,971224716,12%,17%,17%
汽车用品,乘用车配件,火花塞,43434711,95765,12%,17%,17%
汽车用品,乘用车配件,冷却液加热塞,43434711,95766,12%,17%,17%
汽车用品,乘用车配件,电热塞,43434711,95767,12%,17%,17%
汽车用品,乘用车配件,抬头显示器,88759454,193084524,12%,17%,17%
汽车用品,乘用车配件,车载电脑,88759454,199761621,12%,17%,17%
汽车用品,乘用车配件,座椅加热套件,88759454,277254736,12%,17%,17%
汽车用品,乘用车配件,车载电源模块,88759454,290836202,12%,17%,17%
汽车用品,乘用车配件,汽车逆变器,88759454,91783,12%,17%,17%
汽车用品,乘用车配件,预热器,88759454,92191,12%,17%,17%
汽车用品,乘用车配件,汽车信息显示屏,88759454,970637221,12%,17%,17%
汽车用品,乘用车配件,驻车加热器,88759454,970831240,12%,17%,17%
汽车用品,乘用车配件,汽车钥匙编程器,88759454,970859581,12%,17%,17%
汽车用品,乘用车配件,驻车柴油加热器,88759454,970882211,12%,17%,17%
汽车用品,乘用车配件,油门踏板控制器,88759454,971006424,12%,17%,17%
汽车用品,乘用车配件,驻车加热器备件,88759454,971024816,12%,17%,17%
汽车用品,乘用车配件,安全气囊,88759454,971026652,12%,17%,17%
汽车用品,乘用车配件,汽车通用继电器,88759454,971047417,12%,17%,17%
汽车用品,乘用车配件,定速巡航,88759454,971053235,12%,17%,17%
汽车用品,乘用车配件,仪表板,88759454,971072758,12%,17%,17%
汽车用品,乘用车配件,汽车电阻器,88759454,971072775,12%,17%,17%
汽车用品,乘用车配件,一键启动按钮,88759454,971107067,12%,17%,17%
汽车用品,乘用车配件,汽车手动控制,88759454,971168326,12%,17%,17%
汽车用品,乘用车配件,ECU刷写工具,88759454,971749141,12%,17%,17%
汽车用品,乘用车配件,继电器调节器,88759454,98911,12%,17%,17%
汽车用品,防盗装置,刹车盘锁,17033892,110995359,12%,17%,17%
汽车用品,防盗装置,防盗装置,17033892,95831,12%,17%,17%
汽车用品,防盗装置,踏板锁,17033892,96180,12%,17%,17%
汽车用品,防盗装置,转向轴锁,17033892,96181,12%,17%,17%
汽车用品,防盗装置,汽车遥控钥匙,17033892,970662301,12%,17%,17%
汽车用品,防盗装置,防盗拉线,17033892,970687355,12%,17%,17%
汽车用品,防盗装置,汽车防盗器遥控器配件,17033892,970862668,12%,17%,17%
汽车用品,防盗装置,防盗链,17033892,970873265,12%,17%,17%
汽车用品,防盗装置,自动播放,17033892,971160691,12%,17%,17%
汽车用品,防盗装置,汽车防盗器,17033892,98999,12%,17%,17%
汽车用品,轮辋,轮圈,17038940,94832,12%,17%,17%
汽车用品,轮辋,车轮垫片,43434260,970886887,12%,17%,17%
汽车用品,轮辋,车轮总成,72705515,970619447,12%,17%,17%
汽车用品,汽车机油,发动机油,41587357,96161,12%,17%,17%
汽车用品,汽车机油,冲洗油,43434306,96162,12%,17%,17%
汽车用品,汽车机油,齿轮箱油,43434306,970621654,12%,17%,17%
汽车用品,汽车机油,压缩机油,43435027,630154628,12%,17%,17%
汽车用品,汽车机油,助力转向液,43435027,92229,12%,17%,17%
汽车用品,汽车机油,摩托车前叉油,43435027,96159,12%,17%,17%
汽车用品,汽车机油,液压油,43435027,96160,12%,17%,17%
汽车用品,汽车机油,变速箱油,43435027,96163,12%,17%,17%
汽车用品,汽车机油,工业用油,43435027,970637220,12%,17%,17%
汽车用品,汽车机油,真空泵油,43435027,971292002,12%,17%,17%
汽车用品,汽车音响,汽车音箱喇叭改装垫圈,43430346,65454046,12%,17%,17%
汽车用品,汽车音响,汽车音响音箱,43430346,91916,12%,17%,17%
汽车用品,汽车音响,汽车低音炮,43430346,91918,12%,17%,17%
汽车用品,汽车音响,摩托车音响,43430346,970724822,12%,17%,17%
汽车用品,汽车收音机,车载主机,28441552,91915,12%,17%,17%
汽车用品,汽车收音机,车载音响,28441552,95858,12%,17%,17%
汽车用品,汽车收音机,汽车音响配件,43433601,971326576,12%,17%,17%
汽车用品,汽车燃料,发动机燃料,200001476,971936025,12%,17%,17%
汽车用品,摩托车零件,塑料，摩托车整流罩,17030019,970591268,12%,17%,17%
汽车用品,摩托车零件,雪地汽车滑雪板,17030019,970667863,12%,17%,17%
汽车用品,摩托车零件,雪地汽车滑雪板垫,17030019,970707038,12%,17%,17%
汽车用品,摩托车零件,摩托车适配器,17030019,970713369,12%,17%,17%
汽车用品,摩托车零件,雪地车滑道,17030019,970719034,12%,17%,17%
汽车用品,摩托车零件,摩托车握把,17030019,970849648,12%,17%,17%
汽车用品,摩托车零件,摩托车手把,17030019,970849651,12%,17%,17%
汽车用品,摩托车零件,摩托车车把平衡块,17030019,970849652,12%,17%,17%
汽车用品,摩托车零件,摩托车后视镜,17030019,970849653,12%,17%,17%
汽车用品,摩托车零件,摩托车车把,17030019,970849654,12%,17%,17%
汽车用品,摩托车零件,摩托车油壶,17030019,970849655,12%,17%,17%
汽车用品,摩托车零件,摩托车链条,17030019,970854759,12%,17%,17%
汽车用品,摩托车零件,摩托车化油器,17030019,970854766,12%,17%,17%
汽车用品,摩托车零件,摩托车变速器皮带,17030019,970856517,12%,17%,17%
汽车用品,摩托车零件,摩托车转向信号灯,17030019,970858645,12%,17%,17%
汽车用品,摩托车零件,摩托车遥控器,17030019,970858646,12%,17%,17%
汽车用品,摩托车零件,摩托车轴衬,17030019,970868118,12%,17%,17%
汽车用品,摩托车零件,摩托车活塞,17030019,970868120,12%,17%,17%
汽车用品,摩托车零件,摩托车脚踏,17030019,970868125,12%,17%,17%
汽车用品,摩托车零件,摩托车链轮,17030019,970868128,12%,17%,17%
汽车用品,摩托车零件,摩托车内燃机垫片,17030019,970868759,12%,17%,17%
汽车用品,摩托车零件,摩托车气缸,17030019,970870522,12%,17%,17%
汽车用品,摩托车零件,摩托车挡风玻璃,17030019,970874879,12%,17%,17%
汽车用品,摩托车零件,摩托车导流板,17030019,970875988,12%,17%,17%
汽车用品,摩托车零件,摩托车紧固件,17030019,970875989,12%,17%,17%
汽车用品,摩托车零件,摩托车悬架维修套件,17030019,970878191,12%,17%,17%
汽车用品,摩托车零件,摩托车挡泥板,17030019,970943144,12%,17%,17%
汽车用品,摩托车零件,摩托车垫片,17030019,970943748,12%,17%,17%
汽车用品,摩托车零件,摩托车弹簧,17030019,970945548,12%,17%,17%
汽车用品,摩托车零件,前叉油封安装工具,17030019,970945550,12%,17%,17%
汽车用品,摩托车零件,摩托车堵头,17030019,970945551,12%,17%,17%
汽车用品,摩托车零件,摩托车防尘套,17030019,970945553,12%,17%,17%
汽车用品,摩托车零件,摩托车燃油阀,17030019,970957324,12%,17%,17%
汽车用品,摩托车零件,摩托车护杠,17030019,970957410,12%,17%,17%
汽车用品,摩托车零件,摩托车排气系统维修套件,17030019,970957411,12%,17%,17%
汽车用品,摩托车零件,摩托车喇叭,17030019,970957441,12%,17%,17%
汽车用品,摩托车零件,摩托车仪表板,17030019,970957461,12%,17%,17%
汽车用品,摩托车零件,摩托车开关,17030019,970957462,12%,17%,17%
汽车用品,摩托车零件,摩托车点火开关,17030019,970957463,12%,17%,17%
汽车用品,摩托车零件,摩托车继电器,17030019,970957466,12%,17%,17%
汽车用品,摩托车零件,摩托车燃油系统维修套件,17030019,970957519,12%,17%,17%
汽车用品,摩托车零件,摩托车刹车片,17030019,970964529,12%,17%,17%
汽车用品,摩托车零件,摩托车油封,17030019,970968228,12%,17%,17%
汽车用品,摩托车零件,摩托车制动盘,17030019,970986915,12%,17%,17%
汽车用品,摩托车零件,摩托车散热器,17030019,971004224,12%,17%,17%
汽车用品,摩托车零件,摩托车滑块,17030019,971013247,12%,17%,17%
汽车用品,摩托车零件,摩托车 USB 连接器,17030019,971034189,12%,17%,17%
汽车用品,摩托车零件,摩托车把手,17030019,971035586,12%,17%,17%
汽车用品,摩托车零件,摩托车通用夹子,17030019,971035591,12%,17%,17%
汽车用品,摩托车零件,摩托车辆转向系统配件,17030019,971035592,12%,17%,17%
汽车用品,摩托车零件,摩托车电压调节器,17030019,971036597,12%,17%,17%
汽车用品,摩托车零件,摩托车大灯,17030019,971038745,12%,17%,17%
汽车用品,摩托车零件,摩托车踏板,17030019,971039269,12%,17%,17%
汽车用品,摩托车零件,摩托车轮胎锁,17030019,971041502,12%,17%,17%
汽车用品,摩托车零件,摩托车轮辋衬带,17030019,971041503,12%,17%,17%
汽车用品,摩托车零件,摩托车座椅,17030019,971047762,12%,17%,17%
汽车用品,摩托车零件,摩托车减震器,17030019,971052840,12%,17%,17%
汽车用品,摩托车零件,摩托车行李架,17030019,971052841,12%,17%,17%
汽车用品,摩托车零件,摩托车用无级变速器,17030019,971052843,12%,17%,17%
汽车用品,摩托车零件,摩托车前叉,17030019,971052845,12%,17%,17%
汽车用品,摩托车零件,摩托车发动机曲轴箱,17030019,971052848,12%,17%,17%
汽车用品,摩托车零件,摩托车曲轴,17030019,971052849,12%,17%,17%
汽车用品,摩托车零件,摩托车轮辋,17030019,971052851,12%,17%,17%
汽车用品,摩托车零件,摩托车离合器维修套件,17030019,971052852,12%,17%,17%
汽车用品,摩托车零件,摩托车盖板,17030019,971052853,12%,17%,17%
汽车用品,摩托车零件,摩托车用万磁电机,17030019,971052858,12%,17%,17%
汽车用品,摩托车零件,摩托车发动机维修套件,17030019,971052859,12%,17%,17%
汽车用品,摩托车零件,摩托车联轴器,17030019,971052860,12%,17%,17%
汽车用品,摩托车零件,摩托车前叉管,17030019,971052861,12%,17%,17%
汽车用品,摩托车零件,摩托车轴承,17030019,971052864,12%,17%,17%
汽车用品,摩托车零件,摩托车线束,17030019,971052865,12%,17%,17%
汽车用品,摩托车零件,摩托车凸轮轴,17030019,971052866,12%,17%,17%
汽车用品,摩托车零件,摩托车减速器,17030019,971052867,12%,17%,17%
汽车用品,摩托车零件,摩托车启动杆,17030019,971052869,12%,17%,17%
汽车用品,摩托车零件,托车冷却系统维修套件,17030019,971052870,12%,17%,17%
汽车用品,摩托车零件,摩托车用交流发电机定子,17030019,971052871,12%,17%,17%
汽车用品,摩托车零件,摩托车制动钳,17030019,971052872,12%,17%,17%
汽车用品,摩托车零件,摩托车转速表,17030019,971052873,12%,17%,17%
汽车用品,摩托车零件,摩托车横梁,17030019,971052874,12%,17%,17%
汽车用品,摩托车零件,摩托车过滤器,17030019,971052875,12%,17%,17%
汽车用品,摩托车零件,摩托车制动软管,17030019,971052877,12%,17%,17%
汽车用品,摩托车零件,摩托车衬套,17030019,971061857,12%,17%,17%
汽车用品,摩托车零件,摩托车配件、螺栓,17030019,971061858,12%,17%,17%
汽车用品,摩托车零件,摩托车滚轮,17030019,971065371,12%,17%,17%
汽车用品,摩托车零件,摩托车挡泥板,17030019,971067233,12%,17%,17%
汽车用品,摩托车零件,摩托车拉线,17030019,971068012,12%,17%,17%
汽车用品,摩托车零件,摩托车护杠,17030019,971078661,12%,17%,17%
汽车用品,摩托车零件,摩托车保护,17030019,971078662,12%,17%,17%
汽车用品,摩托车零件,摩托装备化油器配件,17030019,971082339,12%,17%,17%
汽车用品,摩托车零件,摩托车轮辐条,17030019,971082340,12%,17%,17%
汽车用品,摩托车零件,摩托车护板,17030019,971094304,12%,17%,17%
汽车用品,摩托车零件,雪地摩托车减震器,17030019,971094474,12%,17%,17%
汽车用品,摩托车零件,摩托车保险杠,17030019,971102791,12%,17%,17%
汽车用品,摩托车零件,摩托车油箱,17030019,971116347,12%,17%,17%
汽车用品,摩托车零件,摩托车轴,17030019,971116348,12%,17%,17%
汽车用品,摩托车零件,摩托车发电机,17030019,971116349,12%,17%,17%
汽车用品,摩托车零件,摩托车变速箱,17030019,971116350,12%,17%,17%
汽车用品,摩托车零件,摩托车轴,17030019,971116351,12%,17%,17%
汽车用品,摩托车零件,摩托车离合器片,17030019,971123943,12%,17%,17%
汽车用品,摩托车零件,摩托车变速器维修套件,17030019,971148372,12%,17%,17%
汽车用品,摩托车零件,摩托车传动皮带,17030019,971148376,12%,17%,17%
汽车用品,摩托车零件,摩托车方向柱,17030019,971148381,12%,17%,17%
汽车用品,摩托车零件,摩托车管嘴,17030019,971150587,12%,17%,17%
汽车用品,摩托车零件,摩托车制动系统维修套件,17030019,971154929,12%,17%,17%
汽车用品,摩托车零件,摩托车CDI点火器,17030019,971154994,12%,17%,17%
汽车用品,摩托车零件,摩托车起动机,17030019,971155000,12%,17%,17%
汽车用品,摩托车零件,摩托车门,17030019,971156580,12%,17%,17%
汽车用品,摩托车零件,喷气滑雪叶轮 ,17030019,971156606,12%,17%,17%
汽车用品,摩托车零件,雪地摩托车履带,17030019,971156692,12%,17%,17%
汽车用品,摩托车零件,摩托车点火线圈,17030019,971163698,12%,17%,17%
汽车用品,摩托车零件,摩托车刹车灯,17030019,971168876,12%,17%,17%
汽车用品,摩托车零件,摩托车顶棚,17030019,971216339,12%,17%,17%
汽车用品,摩托车零件,摩托车车架,17030019,971283784,12%,17%,17%
汽车用品,摩托车零件,摩托车拖车杆,17030019,971297808,12%,17%,17%
汽车用品,摩托车零件,摩托车轮拱扩张器,17030019,971297812,12%,17%,17%
汽车用品,摩托车零件,全地形车推雪铲,17030019,971298501,12%,17%,17%
汽车用品,摩托车零件,摩托车链条张紧器,17030019,971309832,12%,17%,17%
汽车用品,摩托车零件,摩托车油尺,17030019,971390967,12%,17%,17%
汽车用品,摩托车零件,摩托车气门,17030019,971412256,12%,17%,17%
汽车用品,摩托车零件,摩托车底座,17030019,971433305,12%,17%,17%
汽车用品,摩托车零件,摩托车轮毂,17030019,971447047,12%,17%,17%
汽车用品,摩托车零件,摩托车油泵,17030019,971809230,12%,17%,17%
汽车用品,摩托车零件,摩托车消声器,17030019,971841061,12%,17%,17%
汽车用品,摩托车零件,摩托车传感器,17030019,971974625,12%,17%,17%
汽车用品,摩托车零件,摩托车离合器鼓,17030019,972104467,12%,17%,17%
汽车用品,摩托车零件,摩托车制动鼓,17030019,972210877,12%,17%,17%
汽车用品,摩托车零件,摩托车车速表,17030019,972230262,12%,17%,17%
汽车用品,摩托车零件,摩托车罩,17030019,972863010,12%,17%,17%
汽车用品,卡车和专用设备零件,卡车内燃机备件,200001667,972746806,12%,17%,17%
汽车用品,卡车和专用设备零件,驾驶室总成,200001669,972132192,12%,17%,17%
汽车用品,卡车和专用设备零件,车载冰箱,200001675,971092861,12%,17%,17%
汽车用品,卡车和专用设备零件,货车配件,200001680,971026579,12%,17%,17%
汽车用品,汽车内饰配件,车内控制台,200000725,65454042,12%,17%,17%
汽车用品,汽车内饰配件,点烟器按钮,200000725,970584059,12%,17%,17%
汽车用品,汽车内饰配件,车内隔板,200000725,970877631,12%,17%,17%
汽车用品,汽车内饰配件,汽车密封件,200000725,970891910,12%,17%,17%
汽车用品,汽车内饰配件,汽车音响安装垫圈,200000725,970939935,12%,17%,17%
汽车用品,汽车内饰配件,汽车内部把手,200000725,970942191,12%,17%,17%
汽车用品,汽车内饰配件,多功能方向盘按键,200000725,970997292,12%,17%,17%
汽车用品,汽车内饰配件,挡风玻璃锁,200000725,971006632,12%,17%,17%
汽车用品,汽车内饰配件,汽车内饰开关,200000725,971032531,12%,17%,17%
汽车用品,汽车内饰配件,车内阅读灯,200000725,971095570,12%,17%,17%
汽车用品,汽车内饰配件,汽车导风管导流板,200000725,971125829,12%,17%,17%
汽车用品,汽车内饰配件,汽车内饰板,200000725,971159265,12%,17%,17%
汽车用品,汽车内饰配件,仪表板按钮,200000725,971301554,12%,17%,17%
汽车用品,汽车内饰配件,汽车手套箱,200000725,971390059,12%,17%,17%
汽车用品,汽车内饰配件,手套箱配件,200000725,971390060,12%,17%,17%
汽车用品,汽车内饰配件,汽车扶手箱,43434231,92189,12%,17%,17%
汽车用品,汽车内饰配件,扶手箱配件,43434231,971433297,12%,17%,17%
汽车用品,汽车内饰配件,汽车座椅,43443515,970960035,12%,17%,17%
汽车用品,车体配件,后视镜,17030238,93362,12%,17%,17%
汽车用品,车体配件,盲区镜,17030238,970587670,12%,17%,17%
汽车用品,车体配件,侧视镜,17030238,970695250,12%,17%,17%
汽车用品,车体配件,汽车后视镜配件,17030238,970829668,12%,17%,17%
汽车用品,车体配件,镜子元件,17030238,971092521,12%,17%,17%
汽车用品,车体配件,汽车拖车钩配件,17036330,94651,12%,17%,17%
汽车用品,车体配件,拖车钩,17036330,94652,12%,17%,17%
汽车用品,车体配件,挡泥板,200000724,94655,12%,17%,17%
汽车用品,车体配件,车门把手,200000724,970939934,12%,17%,17%
汽车用品,车体配件,车门锁,200000724,970950655,12%,17%,17%
汽车用品,车体配件,汽车侧面板,200000724,971158144,12%,17%,17%
汽车用品,车体配件,车体垫,200000724,971162152,12%,17%,17%
汽车用品,车体配件,车身框架,200000724,971739525,12%,17%,17%
汽车用品,车体配件,行李箱盖,200001742,971006083,12%,17%,17%
汽车用品,车体配件,汽车翼子板,43430015,970967838,12%,17%,17%
汽车用品,车体配件,汽车翼子板拱罩,43430015,971100196,12%,17%,17%
汽车用品,车体配件,汽车玻璃,94234639,970977226,12%,17%,17%
汽车用品,车体配件,车门,99726441,970781439,12%,17%,17%
汽车用品,车体配件,开启拉线,99726441,971049579,12%,17%,17%
汽车用品,车体配件,车门内饰板,99726441,971067235,12%,17%,17%
汽车用品,车体配件,车门维修套件,99726441,971100613,12%,17%,17%
汽车用品,车体配件,车门滑轮,99726441,971109196,12%,17%,17%
汽车用品,车体配件,汽车车门限位器,99726441,971123160,12%,17%,17%
汽车用品,车体配件,保险杠,99726442,970856518,12%,17%,17%
汽车用品,车体配件,保险杠缓冲器,99726442,971100094,12%,17%,17%
汽车用品,蓄电池与快速充电起动机,摩托车电池,71107589,504866262,12%,17%,17%
汽车用品,蓄电池与快速充电起动机,启动充电装置,80196572,382839439,12%,17%,17%
汽车用品,蓄电池与快速充电起动机,蓄电池配件,80196572,94679,12%,17%,17%
汽车用品,蓄电池与快速充电起动机,汽车电瓶充电器,80196572,970834693,12%,17%,17%
汽车用品,汽车紧固件,气门嘴,43433607,92183,12%,17%,17%
汽车用品,汽车紧固件,无内胎轮胎阀,43433607,96757,12%,17%,17%
汽车用品,汽车紧固件,气门嘴延长杆,43433607,970879817,12%,17%,17%
汽车用品,汽车紧固件,轮胎气门嘴帽,43433607,971076690,12%,17%,17%
汽车用品,汽车紧固件,汽车紧固夹,74607038,115950323,12%,17%,17%
汽车用品,汽车紧固件,汽车螺栓,74607038,970840917,12%,17%,17%
汽车用品,汽车紧固件,汽车铆钉,74607038,970858642,12%,17%,17%
汽车用品,汽车紧固件,汽车紧固件,74607038,970858643,12%,17%,17%
汽车用品,汽车紧固件,汽车卡扣,74607038,970858644,12%,17%,17%
汽车用品,汽车紧固件,螺栓,74607038,970881053,12%,17%,17%
汽车用品,汽车紧固件,轮毂中心定位环,74607038,970957184,12%,17%,17%
汽车用品,汽车紧固件,消声器紧固件,74607038,970984895,12%,17%,17%
汽车用品,汽车紧固件,汽车紧固销,74607038,971047431,12%,17%,17%
汽车用品,汽车紧固件,汽车垫片,74607038,971153526,12%,17%,17%
汽车用品,汽车紧固件,汽车螺母,74607038,971214533,12%,17%,17%
汽车用品,汽车紧固件,卡扣盖板,74607038,971391315,12%,17%,17%
汽车用品,汽车紧固件,消声器固定环,74607038,971749419,12%,17%,17%
汽车用品,摩托车装备,摩托车头盔,17031902,94195,12%,17%,17%
汽车用品,摩托车装备,摩托车头盔配件,17031902,970777927,12%,17%,17%
汽车用品,摩托车装备,摩托车手套,79199418,94193,12%,17%,17%
汽车用品,摩托车装备,摩托车防护件,79199418,970681754,12%,17%,17%
汽车用品,摩托车装备,摩托车护目镜,79199418,970807546,12%,17%,17%
汽车用品,摩托车装备,摩托车面罩配件,79199418,970949365,12%,17%,17%
汽车用品,摩托车装备,摩托车衬帽,79199418,971043352,12%,17%,17%
汽车用品,摩托车装备,摩托车面罩,79199418,971061862,12%,17%,17%
汽车用品,汽车轮胎摄像头,摩托车内胎,79225135,970787046,12%,17%,17%
汽车用品,汽车轮胎摄像头,汽车轮胎内胎,79225135,99519,12%,17%,17%
汽车用品,摩托车配件,摩托车尾箱,80189107,92177,12%,17%,17%
汽车用品,摩托车配件,摩托车靠背,80189107,930279483,12%,17%,17%
汽车用品,摩托车配件,摩托车包,80189107,94020,12%,17%,17%
汽车用品,摩托车配件,摩托车边箱固定架,80189107,971454529,12%,17%,17%
汽车用品,摩托车配件,摩托车耳机遥控器,84954885,970967837,12%,17%,17%
汽车用品,摩托车配件,摩托车设备存放配件,84954885,971100145,12%,17%,17%
汽车用品,摩托车配件,摩托车头盔装饰件,84954885,971149846,12%,17%,17%
汽车用品,摩托车配件,摩托车吊绳,84954885,971311148,12%,17%,17%
汽车用品,摩托车配件,纪念品摩托车牌照,84954885,971984388,12%,17%,17%
汽车用品,摩托车配件,头盔号码,84954885,98169,12%,17%,17%
汽车用品,摩托车配件,雪地摩托刮刀,85874550,971094489,12%,17%,17%
汽车用品,摩托车配件,雪地摩托紧急熄火开关,85874550,971094493,12%,17%,17%
汽车用品,摩托车配件,雪道修整器,85874550,971409150,12%,17%,17%
汽车用品,汽车电子产品,汽车冰箱配件,17030987,971978894,12%,17%,17%
汽车用品,汽车电子产品,酒精测试仪配件,17034894,970945780,12%,17%,17%
汽车用品,汽车电子产品,行驶记录仪记录纸,200001750,909884,12%,17%,17%
汽车用品,汽车电子产品,汽车行驶记录仪,200001750,970878192,12%,17%,17%
汽车用品,汽车电子产品,点烟器插座延长线,43434233,971749385,12%,17%,17%
汽车用品,汽车电子产品,停车传感器,79691303,115950492,12%,17%,17%
汽车用品,汽车电子产品,倒车雷达配件,79691303,970692148,12%,17%,17%
汽车用品,汽车电子产品,汽车加湿器,89354854,34006143,12%,17%,17%
汽车用品,汽车电子产品,汽车空气净化器,89354854,970852076,12%,17%,17%
汽车用品,汽车电子产品,车载风扇,89354854,98546,12%,17%,17%
汽车用品,收纳箱和汽车包,汽车急救箱,17039412,95565,12%,17%,17%
汽车用品,收纳箱和汽车包,汽车收纳袋,82169584,92186,12%,17%,17%
汽车用品,收纳箱和汽车包,汽车储物箱挂架,82169584,971054985,12%,17%,17%
汽车用品,车库和汽车服务用品,汽车压力表,17031000,92176,12%,17%,17%
汽车用品,车库和汽车服务用品,轮胎维修套件,17031000,92179,12%,17%,17%
汽车用品,车库和汽车服务用品,轮胎充气枪,17031000,95840,12%,17%,17%
汽车用品,车库和汽车服务用品,轮胎钉枪,17031000,970620999,12%,17%,17%
汽车用品,车库和汽车服务用品,焊接螺柱,17031000,970621000,12%,17%,17%
汽车用品,车库和汽车服务用品,手动钉胎器,17031000,970621001,12%,17%,17%
汽车用品,车库和汽车服务用品,轮胎打磨头,17031000,970825883,12%,17%,17%
汽车用品,车库和汽车服务用品,补胎压滚轮,17031000,970825885,12%,17%,17%
汽车用品,车库和汽车服务用品,冷补胶片,17031000,970825888,12%,17%,17%
汽车用品,车库和汽车服务用品,胎面切割机,17031000,970825890,12%,17%,17%
汽车用品,车库和汽车服务用品,车轮平衡块,17031000,970843533,12%,17%,17%
汽车用品,车库和汽车服务用品,爆充泵,17031000,970987287,12%,17%,17%
汽车用品,车库和汽车服务用品,轮胎修复贴片,17031000,971065947,12%,17%,17%
汽车用品,车库和汽车服务用品,快速夹紧螺母,17031000,971096682,12%,17%,17%
汽车用品,车库和汽车服务用品,轮胎气门拉拔器,17031000,971126144,12%,17%,17%
汽车用品,车库和汽车服务用品,橡胶用粉笔打标,17031000,971133123,12%,17%,17%
汽车用品,车库和汽车服务用品,轮胎修补锥,17031000,971148684,12%,17%,17%
汽车用品,车库和汽车服务用品,轮胎校正器,17031000,971301947,12%,17%,17%
汽车用品,车库和汽车服务用品,轮胎磨损指示器,17031000,97525,12%,17%,17%
汽车用品,车库和汽车服务用品,汽车压缩机,17031590,91458,12%,17%,17%
汽车用品,车库和汽车服务用品,汽车水泵,17031590,91459,12%,17%,17%
汽车用品,车库和汽车服务用品,汽车压缩机配件,17031590,971299043,12%,17%,17%
汽车用品,车库和汽车服务用品,压缩机软管,17031590,971314202,12%,17%,17%
汽车用品,车库和汽车服务用品,集油装置,200000749,970730339,12%,17%,17%
汽车用品,车库和汽车服务用品,技术流体更换设备,200000749,970743077,12%,17%,17%
汽车用品,车库和汽车服务用品,轮胎拆装设备,200000749,970825887,12%,17%,17%
汽车用品,车库和汽车服务用品,加油模块,200000749,970860479,12%,17%,17%
汽车用品,车库和汽车服务用品,清洗站,200000749,971046054,12%,17%,17%
汽车用品,车库和汽车服务用品,车轮清洗机,200000749,971095043,12%,17%,17%
汽车用品,车库和汽车服务用品,汽车涡轮烘干机,200000749,971123957,12%,17%,17%
汽车用品,车库和汽车服务用品,车身校正台配件,200000749,971214901,12%,17%,17%
汽车用品,车库和汽车服务用品,加油站配件,200000749,971456682,12%,17%,17%
汽车用品,车库和汽车服务用品,撬棒,200001075,115949032,12%,17%,17%
汽车用品,车库和汽车服务用品,抛光羊毛球,200001075,269166267,12%,17%,17%
汽车用品,车库和汽车服务用品,检查镜,200001075,341100888,12%,17%,17%
汽车用品,车库和汽车服务用品,拉锤,200001075,504866187,12%,17%,17%
汽车用品,车库和汽车服务用品,螺母劈开器,200001075,92061,12%,17%,17%
汽车用品,车库和汽车服务用品,传动轴,200001075,92073,12%,17%,17%
汽车用品,车库和汽车服务用品,汽车钥匙,200001075,92083,12%,17%,17%
汽车用品,车库和汽车服务用品,润滑液注(加)油器,200001075,92096,12%,17%,17%
汽车用品,车库和汽车服务用品,拉拔器,200001075,92140,12%,17%,17%
汽车用品,车库和汽车服务用品,拉拔器,200001075,92159,12%,17%,17%
汽车用品,车库和汽车服务用品,凹痕去除工具,200001075,970586888,12%,17%,17%
汽车用品,车库和汽车服务用品,蓄电池箱,200001075,970667744,12%,17%,17%
汽车用品,车库和汽车服务用品,摩托车专用工具,200001075,970667792,12%,17%,17%
汽车用品,车库和汽车服务用品,汽车发动机保养固定架组,200001075,970877615,12%,17%,17%
汽车用品,车库和汽车服务用品,黄油嘴,200001075,971035968,12%,17%,17%
汽车用品,车库和汽车服务用品,刮板,200001075,971107021,12%,17%,17%
汽车用品,车库和汽车服务用品,气门研磨器,200001075,971125310,12%,17%,17%
汽车用品,车库和汽车服务用品,用于汽车服务的感应加热器,200001075,971306969,12%,17%,17%
汽车用品,车库和汽车服务用品,汽车工具套件,200001075,971437067,12%,17%,17%
汽车用品,车库和汽车服务用品,汽车专用工具,200001075,97469,12%,17%,17%
汽车用品,车库和汽车服务用品,冲击适配器,200001075,97508,12%,17%,17%
汽车用品,车库和汽车服务用品,手动冲击扳手,200001075,97513,12%,17%,17%
汽车用品,车库和汽车服务用品,加油用软管,200001075,97523,12%,17%,17%
汽车用品,车库和汽车服务用品,汽车搭火线夹,200001075,97527,12%,17%,17%
汽车用品,车库和汽车服务用品,延长杆,200001075,97542,12%,17%,17%
汽车用品,车库和汽车服务用品,螺柱拆装机,200001075,97554,12%,17%,17%
汽车用品,车库和汽车服务用品,冲击延长杆,200001075,99495,12%,17%,17%
汽车用品,车库和汽车服务用品,加油枪,200001745,970860474,12%,17%,17%
汽车用品,车库和汽车服务用品,燃油泵配件,200001745,970874853,12%,17%,17%
汽车用品,车库和汽车服务用品,燃油和润滑油泵,200001745,97240,12%,17%,17%
汽车用品,车库和汽车服务用品,发动机支架,200001746,970729016,12%,17%,17%
汽车用品,车库和汽车服务用品,汽车维修用反光镜,200001746,970880447,12%,17%,17%
汽车用品,车库和汽车服务用品,车库存储系统,200001746,970883137,12%,17%,17%
汽车用品,车库和汽车服务用品,红外线烤灯,200001746,971116090,12%,17%,17%
汽车用品,车库和汽车服务用品,汽车维修支架,200001746,971116097,12%,17%,17%
汽车用品,车库和汽车服务用品,维修座椅,200001746,971304178,12%,17%,17%
汽车用品,车库和汽车服务用品,汽车维修抽排设备配件,200001746,971434501,12%,17%,17%
汽车用品,车库和汽车服务用品,洗车机配件,200001746,972027580,12%,17%,17%
汽车用品,车库和汽车服务用品,修车躺板,200001746,97341,12%,17%,17%
汽车用品,车库和汽车服务用品,横梁,83266033,970729014,12%,17%,17%
汽车用品,车库和汽车服务用品,汽车升降机,83266033,970729387,12%,17%,17%
汽车用品,车库和汽车服务用品,摩托车升降机,83266033,970730336,12%,17%,17%
汽车用品,车库和汽车服务用品,摩托车起车架,83266033,970743080,12%,17%,17%
汽车用品,车库和汽车服务用品,摩托车支架,83266033,970743081,12%,17%,17%
汽车用品,车库和汽车服务用品,车库液压起重机,83266033,970747452,12%,17%,17%
汽车用品,车库和汽车服务用品,固定式电动葫芦,83266033,970827290,12%,17%,17%
汽车用品,车库和汽车服务用品,运输手推车,83266033,970904866,12%,17%,17%
汽车用品,车库和汽车服务用品,升降机备件,83266033,971038346,12%,17%,17%
汽车用品,车库和汽车服务用品,升降坡道,83266033,971363224,12%,17%,17%
汽车用品,车库和汽车服务用品,检查坑,83266033,972821755,12%,17%,17%
汽车用品,车库和汽车服务用品,诊断频闪仪,83397281,96761,12%,17%,17%
汽车用品,车库和汽车服务用品,气缸压力表,83397281,97533,12%,17%,17%
汽车用品,车库和汽车服务用品,化学喷雾器,99447970,87746100,12%,17%,17%
汽车用品,车库和汽车服务用品,电解质比重计,99447970,92164,12%,17%,17%
汽车用品,车库和汽车服务用品,工业漏斗,99447970,92168,12%,17%,17%
汽车用品,车库和汽车服务用品,玻璃维修套件,99447970,92178,12%,17%,17%
汽车用品,车库和汽车服务用品,车身修补网,99447970,96752,12%,17%,17%
汽车用品,车库和汽车服务用品,平衡混合剂,99447970,970680860,12%,17%,17%
汽车用品,车库和汽车服务用品,起泡瓶,99447970,970702940,12%,17%,17%
汽车用品,车库和汽车服务用品,测试涂料试色板,99447970,970800430,12%,17%,17%
汽车用品,车库和汽车服务用品,汽车维修用遮蔽纸,99447970,970800874,12%,17%,17%
汽车用品,车库和汽车服务用品,注油枪,99447970,970860463,12%,17%,17%
汽车用品,车库和汽车服务用品,汽车遮蔽胶带,99447970,970861039,12%,17%,17%
汽车用品,车库和汽车服务用品,雨刮片修复器,99447970,970868129,12%,17%,17%
汽车用品,车库和汽车服务用品,调漆盖,99447970,971004627,12%,17%,17%
汽车用品,车库和汽车服务用品,汽车打磨轮,99447970,971067910,12%,17%,17%
汽车用品,车库和汽车服务用品,机油量杯,99447970,971413520,12%,17%,17%
汽车用品,车库和汽车服务用品,油漆瓶,99447970,971941251,12%,17%,17%
汽车用品,车库和汽车服务用品,接油盘,99447970,97552,12%,17%,17%
汽车用品,车库和汽车服务用品,汽车干洗机,99554449,409596011,12%,17%,17%
汽车用品,车库和汽车服务用品,汽车化学清洗设备配件,99554449,971113372,12%,17%,17%
汽车用品,停车场设施,路锥,85083431,970741591,12%,17%,17%
汽车用品,停车场设施,停车护栏,85083431,970741592,12%,17%,17%
汽车用品,停车场设施,停车护柱,85083431,970741593,12%,17%,17%
汽车用品,停车场设施,阻尼器,85083431,970747396,12%,17%,17%
汽车用品,停车场设施,车轮挡块,85083431,970859645,12%,17%,17%
汽车用品,停车场设施,打标机,85083431,971075582,12%,17%,17%
汽车用品,停车场设施,道闸控制柜,85083431,971084398,12%,17%,17%
汽车用品,停车场设施,减速带,85083431,971106299,12%,17%,17%
汽车用品,停车场设施,电缆过路保护槽,85083431,971106301,12%,17%,17%
汽车用品,停车场设施,自动道闸,85083431,971106303,12%,17%,17%
汽车用品,停车场设施,交通信号灯,85083431,971447043,12%,17%,17%
汽车用品,停车场设施,交通信号控制器,85083431,972076776,12%,17%,17%
食品,无酒精的葡萄酒和香槟,无酒精烈性饮料,84142326,970904859,11%,11%,11%
食品,无酒精的葡萄酒和香槟,无醇葡萄酒,85480524,115949791,11%,11%,11%
食品,无酒精的葡萄酒和香槟,无醇香槟,85480524,115949793,11%,11%,11%
食品,无酒精的葡萄酒和香槟,无酒精苹果酒,85495978,98299,11%,11%,11%
食品,儿童食品,茶包,17035911,94693,11%,11%,11%
食品,保存,水果罐头,17031631,96479,11%,11%,11%
食品,保存,磨碎的浆果,17031632,97086,11%,11%,11%
食品,保存,果酱,17032887,96473,11%,11%,11%
食品,保存,果酱,17032887,97067,11%,11%,11%
食品,保存,果粒果酱,17032887,97070,11%,11%,11%
食品,保存,果泥,17032887,97072,11%,11%,11%
食品,保存,即食餐,17032888,97068,11%,11%,11%
食品,保存,蘑菇罐头,17032889,96472,11%,11%,11%
食品,保存,蜂蜜,17035613,96474,11%,11%,11%
食品,保存,软焦糖,17035615,719200445,11%,11%,11%
食品,保存,炼乳,17035615,96476,11%,11%,11%
食品,保存,浓缩牛奶,17035615,99160,11%,11%,11%
食品,保存,海鲜罐头,17035616,97071,11%,11%,11%
食品,保存,肉类罐头,17035617,96477,11%,11%,11%
食品,保存,动物油脂,17035617,970961108,11%,11%,11%
食品,保存,蔬菜罐头,17035618,96478,11%,11%,11%
食品,保存,葡萄叶,17035618,970681410,11%,11%,11%
食品,保存,小吃,17035618,970781459,11%,11%,11%
食品,保存,鱼罐头,17035624,97073,11%,11%,11%
食品,保存,植物基炼乳,43436303,971047662,11%,11%,11%
食品,保存,椰奶罐头,43436303,99159,11%,11%,11%
食品,保存,干粮,43436304,98223,11%,11%,11%
食品,保存,橄榄,91725746,970891492,11%,11%,11%
食品,保存,黑橄榄,91725746,970891493,11%,11%,11%
食品,保存,番茄膏,92500423,65670721,11%,11%,11%
食品,保存,肝泥,92505140,97871,11%,11%,11%
食品,保存,耐高温馅料,94082605,970975200,11%,11%,11%
食品,面食、米类、面粉,麦片,17031644,97127,11%,11%,11%
食品,面食、米类、面粉,双粒小麦,17035631,115950733,11%,11%,11%
食品,面食、米类、面粉,藜麦,17035631,115950741,11%,11%,11%
食品,面食、米类、面粉,高粱,17035631,971101346,11%,11%,11%
食品,面食、米类、面粉,大麦糁,17035631,99231,11%,11%,11%
食品,面食、米类、面粉,大麦米,17035631,99232,11%,11%,11%
食品,面食、米类、面粉,大米,17035631,99237,11%,11%,11%
食品,面食、米类、面粉,黑麦米,17035631,99238,11%,11%,11%
食品,面食、米类、面粉,黍米,17035631,99239,11%,11%,11%
食品,面食、米类、面粉,小麦米,17035631,99240,11%,11%,11%
食品,面食、米类、面粉,珍珠麦,17035631,99242,11%,11%,11%
食品,面食、米类、面粉,燕麦米,17035631,99243,11%,11%,11%
食品,面食、米类、面粉,碎麦米,17035631,99246,11%,11%,11%
食品,面食、米类、面粉,古斯米,17035631,99247,11%,11%,11%
食品,面食、米类、面粉,玉米糁子,17035631,99248,11%,11%,11%
食品,面食、米类、面粉,荞麦,17035631,99250,11%,11%,11%
食品,面食、米类、面粉,布格麦,17035631,99252,11%,11%,11%
食品,面食、米类、面粉,谷物混合物,17035631,99255,11%,11%,11%
食品,面食、米类、面粉,西米,17035631,99256,11%,11%,11%
食品,面食、米类、面粉,即食,17035632,97057,11%,11%,11%
食品,面食、米类、面粉,通心粉,17035633,96033,11%,11%,11%
食品,面食、米类、面粉,豆制素肉,17035634,697146973,11%,11%,11%
食品,面食、米类、面粉,面粉,17035634,96034,11%,11%,11%
食品,面食、米类、面粉,塔尔干（烤大麦或小麦制成的粗面粉）,17035634,970713520,11%,11%,11%
食品,面食、米类、面粉,米纸,17035634,970850520,11%,11%,11%
食品,面食、米类、面粉,小麦面筋,17035634,99192,11%,11%,11%
食品,面食、米类、面粉,麸皮,17035635,96035,11%,11%,11%
食品,面食、米类、面粉,膳食纤维,17035635,96775,11%,11%,11%
食品,面食、米类、面粉,车前籽壳,17035635,970850271,11%,11%,11%
食品,面食、米类、面粉,主菜调味料混合,92404480,970676653,11%,11%,11%
食品,面食、米类、面粉,汤料混合,92404480,99236,11%,11%,11%
食品,面食、米类、面粉,干豆,92404482,115950726,11%,11%,11%
食品,面食、米类、面粉,干豌豆,92404482,115950743,11%,11%,11%
食品,面食、米类、面粉,大豆,92404482,671576983,11%,11%,11%
食品,面食、米类、面粉,豆子,92404482,970595065,11%,11%,11%
食品,面食、米类、面粉,小扁豆,92404482,99233,11%,11%,11%
食品,面食、米类、面粉,鹰嘴豆,92404482,99244,11%,11%,11%
食品,面食、米类、面粉,绿豆,92404482,99245,11%,11%,11%
食品,油，酱汁，醋,调味汁,17030041,97091,11%,11%,11%
食品,油，酱汁，醋,腌姜,17030042,97092,11%,11%,11%
食品,油，酱汁，醋,番茄酱,17030043,97137,11%,11%,11%
食品,油，酱汁，醋,柠檬汁,17030044,97084,11%,11%,11%
食品,油，酱汁，醋,腌泡汁,17030046,97040,11%,11%,11%
食品,油，酱汁，醋,烟熏液,17030046,971139537,11%,11%,11%
食品,油，酱汁，醋,酱,17030048,96052,11%,11%,11%
食品,油，酱汁，醋,醋,17030050,96053,11%,11%,11%
食品,油，酱汁，醋,食用辣根,17030051,96054,11%,11%,11%
食品,油，酱汁，醋,山葵,17030051,97093,11%,11%,11%
食品,油，酱汁，醋,香辣酱,17038951,97039,11%,11%,11%
食品,油，酱汁，醋,芥末,17038953,96051,11%,11%,11%
食品,油，酱汁，醋,椰子油,42900702,99137,11%,11%,11%
食品,油，酱汁，醋,可可脂,42900819,99143,11%,11%,11%
食品,油，酱汁，醋,植物油,43436418,99151,11%,11%,11%
食品,果汁、水、饮料,水果饮料,17030073,97100,11%,11%,11%
食品,果汁、水、饮料,咖啡豆,17030076,94688,11%,11%,11%
食品,果汁、水、饮料,咖啡包,17030077,97042,11%,11%,11%
食品,果汁、水、饮料,咖啡胶囊,17030078,94689,11%,11%,11%
食品,果汁、水、饮料,研磨咖啡,17030079,94690,11%,11%,11%
食品,果汁、水、饮料,微研磨冻干速溶黑咖啡粉,17030079,99381,11%,11%,11%
食品,果汁、水、饮料,速溶咖啡,17030080,94691,11%,11%,11%
食品,果汁、水、饮料,咖啡饮料,17030081,97026,11%,11%,11%
食品,果汁、水、饮料,菊苣,17030082,97027,11%,11%,11%
食品,果汁、水、饮料,角豆粉,17030082,97106,11%,11%,11%
食品,果汁、水、饮料,浆果饮料,17030086,96782,11%,11%,11%
食品,果汁、水、饮料,冰沙,17030087,96785,11%,11%,11%
食品,果汁、水、饮料,碳酸饮料,17030088,96778,11%,11%,11%
食品,果汁、水、饮料,汤力水,17030088,96787,11%,11%,11%
食品,果汁、水、饮料,不含酒精的蜂蜜酒,17030088,970904858,11%,11%,11%
食品,果汁、水、饮料,热蜜水,17030088,970986747,11%,11%,11%
食品,果汁、水、饮料,能量饮料,17030100,97143,11%,11%,11%
食品,果汁、水、饮料,水,17035894,94686,11%,11%,11%
食品,果汁、水、饮料,果子羹,17035900,96779,11%,11%,11%
食品,果汁、水、饮料,浇汁,17035902,97046,11%,11%,11%
食品,果汁、水、饮料,糖浆,17035902,97047,11%,11%,11%
食品,果汁、水、饮料,土耳其甜糖蜜,17035902,970986746,11%,11%,11%
食品,果汁、水、饮料,饮料基底,17035902,970986912,11%,11%,11%
食品,果汁、水、饮料,含果汁饮料,17035904,96783,11%,11%,11%
食品,果汁、水、饮料,果汁饮料,17035904,96784,11%,11%,11%
食品,果汁、水、饮料,椰子汁,17035904,970678069,11%,11%,11%
食品,果汁、水、饮料,果汁,17035904,97101,11%,11%,11%
食品,果汁、水、饮料,冷茶,17035907,97126,11%,11%,11%
食品,果汁、水、饮料,茶包,17035909,94693,11%,11%,11%
食品,果汁、水、饮料,茶胶囊,17035912,94695,11%,11%,11%
食品,果汁、水、饮料,散叶茶,17035913,94696,11%,11%,11%
食品,果汁、水、饮料,茶饮料,17035913,970677582,11%,11%,11%
食品,果汁、水、饮料,速溶茶,17035914,97043,11%,11%,11%
食品,果汁、水、饮料,格瓦斯,24169074,96960,11%,11%,11%
食品,果汁、水、饮料,滴滤袋咖啡,43430326,970681991,11%,11%,11%
食品,果汁、水、饮料,可可,43430327,96794,11%,11%,11%
食品,果汁、水、饮料,热巧克力胶囊,43430327,97025,11%,11%,11%
食品,果汁、水、饮料,热巧克力,43430327,97030,11%,11%,11%
食品,果汁、水、饮料,巧克力炸弹,43430327,970593477,11%,11%,11%
食品,果汁、水、饮料,冷咖啡,88194632,970669339,11%,11%,11%
食品,果汁、水、饮料,速溶饮料,88405602,639026111,11%,11%,11%
食品,果汁、水、饮料,红茶菌,89299227,954647288,11%,11%,11%
食品,无酒精啤酒,无醇啤酒,85495964,115949792,11%,11%,11%
食品,盐、 糖、 香料,食用色素,17035957,97131,11%,11%,11%
食品,盐、 糖、 香料,淀粉,17035958,97075,11%,11%,11%
食品,盐、 糖、 香料,柠檬酸,17035960,97133,11%,11%,11%
食品,盐、 糖、 香料,单调料、香料和香草,17035961,971291621,11%,11%,11%
食品,盐、 糖、 香料,罂粟,17035961,99189,11%,11%,11%
食品,盐、 糖、 香料,酒石,17035961,99377,11%,11%,11%
食品,盐、 糖、 香料,发酵粉,17035963,97124,11%,11%,11%
食品,盐、 糖、 香料,糖,17035964,96863,11%,11%,11%
食品,盐、 糖、 香料,糖粉,17035964,97130,11%,11%,11%
食品,盐、 糖、 香料,糖蜜,17035964,99193,11%,11%,11%
食品,盐、 糖、 香料,代糖,17035966,97062,11%,11%,11%
食品,盐、 糖、 香料,葡萄糖浆,17035966,970945781,11%,11%,11%
食品,盐、 糖、 香料,调味料，香料和花草混合物,17035967,96059,11%,11%,11%
食品,盐、 糖、 香料,味精,17035967,970700443,11%,11%,11%
食品,盐、 糖、 香料,克瓦斯制作套装,17035967,970842857,11%,11%,11%
食品,盐、 糖、 香料,高汤粉,17035967,971123955,11%,11%,11%
食品,盐、 糖、 香料,食品增香剂,17039443,97129,11%,11%,11%
食品,盐、 糖、 香料,"椰蓉
",17039444,70303780,11%,11%,11%
食品,盐、 糖、 香料,烘焙装饰,17039444,96055,11%,11%,11%
食品,盐、 糖、 香料,食用打印机纸,17039444,970984287,11%,11%,11%
食品,盐、 糖、 香料,酵母,17039445,96056,11%,11%,11%
食品,盐、 糖、 香料,面包酵母,17039445,971199053,11%,11%,11%
食品,盐、 糖、 香料,琼脂,17039448,97122,11%,11%,11%
食品,盐、 糖、 香料,稠化剂,17039448,97125,11%,11%,11%
食品,盐、 糖、 香料,防腐剂,17039450,97132,11%,11%,11%
食品,盐、 糖、 香料,小苏打,17039451,97135,11%,11%,11%
食品,盐、 糖、 香料,盐,17039452,96060,11%,11%,11%
食品,盐、 糖、 香料,糖果制作套装,17039453,114615311,11%,11%,11%
食品,盐、 糖、 香料,烘焙混合,17039453,96061,11%,11%,11%
食品,盐、 糖、 香料,鸡蛋粉,17039453,970857220,11%,11%,11%
食品,盐、 糖、 香料,甜点混合,17039453,971003978,11%,11%,11%
食品,盐、 糖、 香料,面包改良剂,17039453,99376,11%,11%,11%
食品,盐、 糖、 香料,麦芽提取物,19453810,96859,11%,11%,11%
食品,盐、 糖、 香料,麦芽汁 ,19453811,96860,11%,11%,11%
食品,盐、 糖、 香料,奶粉,200000410,115951184,11%,11%,11%
食品,盐、 糖、 香料,干奶油,200000410,149413330,11%,11%,11%
食品,盐、 糖、 香料,炸粉,43436457,970580611,11%,11%,11%
食品,盐、 糖、 香料,香料胡椒,43436471,99223,11%,11%,11%
食品,盐、 糖、 香料,葡萄酒酿造套件,89365145,970589077,11%,11%,11%
食品,盐、 糖、 香料,酒精澄清剂 ,89365145,970618547,11%,11%,11%
食品,盐、 糖、 香料,啤酒花,89365145,970618548,11%,11%,11%
食品,盐、 糖、 香料,发酵原料套装,89365145,970639049,11%,11%,11%
食品,盐、 糖、 香料,用于制作酊剂的套装,89365145,970842856,11%,11%,11%
食品,盐、 糖、 香料,发酵稳定剂,89365145,970868117,11%,11%,11%
食品,盐、 糖、 香料,酒用香精添加剂,89365145,970977908,11%,11%,11%
食品,谷物片，零食，超级食物,坚果,17035969,97051,11%,11%,11%
食品,谷物片，零食，超级食物,爆米花,17035972,96151,11%,11%,11%
食品,谷物片，零食，超级食物,爆米花调味料,17035972,971037806,11%,11%,11%
食品,谷物片，零食，超级食物,芝麻,17035974,115950695,11%,11%,11%
食品,谷物片，零食，超级食物,亚麻籽,17035974,96153,11%,11%,11%
食品,谷物片，零食，超级食物,麦芽,17035974,96858,11%,11%,11%
食品,谷物片，零食，超级食物,大麦,17035974,98562,11%,11%,11%
食品,谷物片，零食，超级食物,奇亚籽,17035974,98566,11%,11%,11%
食品,谷物片，零食，超级食物,黑麦,17035974,98569,11%,11%,11%
食品,谷物片，零食，超级食物,乳蓟,17035974,98570,11%,11%,11%
食品,谷物片，零食，超级食物,小麦,17035974,98571,11%,11%,11%
食品,谷物片，零食，超级食物,燕麦,17035974,98574,11%,11%,11%
食品,谷物片，零食，超级食物,苋米,17035974,98579,11%,11%,11%
食品,谷物片，零食，超级食物,种子混合物,17035974,99163,11%,11%,11%
食品,谷物片，零食，超级食物,瓜子,17035975,96154,11%,11%,11%
食品,谷物片，零食，超级食物,坚果、果干混合装,17035976,96155,11%,11%,11%
食品,谷物片，零食，超级食物,果汤混合物,17035976,970982466,11%,11%,11%
食品,谷物片，零食，超级食物,零食,17035977,97052,11%,11%,11%
食品,谷物片，零食，超级食物,炒米花,17035977,970624695,11%,11%,11%
食品,谷物片，零食，超级食物,饼干棒,17035978,97053,11%,11%,11%
食品,谷物片，零食，超级食物,炸面包条,17035979,97054,11%,11%,11%
食品,谷物片，零食，超级食物,干果,17035980,96156,11%,11%,11%
食品,谷物片，零食，超级食物,干菜,17039455,96147,11%,11%,11%
食品,谷物片，零食，超级食物,早餐麦片,17039456,96148,11%,11%,11%
食品,谷物片，零食，超级食物,玉米棒,17039461,97049,11%,11%,11%
食品,谷物片，零食，超级食物,海藻,17039463,96150,11%,11%,11%
食品,谷物片，零食，超级食物,腐竹,17039463,970579486,11%,11%,11%
食品,谷物片，零食，超级食物,格兰诺拉麦片,17039464,96791,11%,11%,11%
食品,谷物片，零食，超级食物,木斯里,17039464,97050,11%,11%,11%
食品,谷物片，零食，超级食物,乌尔别奇酱,17039466,97103,11%,11%,11%
食品,谷物片，零食，超级食物,面包棒,17039468,97141,11%,11%,11%
食品,谷物片，零食，超级食物,脆面包片,17039469,97061,11%,11%,11%
食品,谷物片，零食，超级食物,薯片,17039470,96157,11%,11%,11%
食品,谷物片，零食，超级食物,土耳其软糖,17039471,96049,11%,11%,11%
食品,谷物片，零食，超级食物,果仁蜜饼,17039471,970855369,11%,11%,11%
食品,谷物片，零食，超级食物,丘尔其赫拉,17039471,97121,11%,11%,11%
食品,谷物片，零食，超级食物,零食棒,17039473,96790,11%,11%,11%
食品,谷物片，零食，超级食物,蘑菇干,43429636,96149,11%,11%,11%
食品,谷物片，零食，超级食物,干肉,43435052,96629,11%,11%,11%
食品,谷物片，零食，超级食物,肉干,43435052,971153630,11%,11%,11%
食品,谷物片，零食，超级食物,干鱼,43435053,970667794,11%,11%,11%
食品,谷物片，零食，超级食物,干鱼子酱,43435053,971069462,11%,11%,11%
食品,谷物片，零食，超级食物,鱼干,43435053,97934,11%,11%,11%
食品,谷物片，零食，超级食物,食用粉笔,43435055,971004325,11%,11%,11%
食品,谷物片，零食，超级食物,浆果干,43436476,96158,11%,11%,11%
食品,谷物片，零食，超级食物,健康饮食计划,57193524,724331055,11%,11%,11%
食品,面包和糖果点心,新年糖果礼物,17030061,971407260,11%,11%,11%
食品,面包和糖果点心,糖果降临节日历,17030061,971409196,11%,11%,11%
食品,面包和糖果点心,巧克力,17035535,97035,11%,11%,11%
食品,面包和糖果点心,巧克力滴粒,17035535,99375,11%,11%,11%
食品,面包和糖果点心,姜饼,17035536,96048,11%,11%,11%
食品,面包和糖果点心,牛奶吸管,17035538,97107,11%,11%,11%
食品,面包和糖果点心,花生糖,17035540,96793,11%,11%,11%
食品,面包和糖果点心,牛轧糖,17035540,97033,11%,11%,11%
食品,面包和糖果点心,哈尔瓦酥糖,17035540,97036,11%,11%,11%
食品,面包和糖果点心,坚果软糖,17035540,97037,11%,11%,11%
食品,面包和糖果点心,土耳其甜食（龙须酥）,17035540,971126086,11%,11%,11%
食品,面包和糖果点心,蜜饯,17035541,96050,11%,11%,11%
食品,面包和糖果点心,芝麻酱,17035542,970618658,11%,11%,11%
食品,面包和糖果点心,巧克力酱,17035542,97082,11%,11%,11%
食品,面包和糖果点心,椰子酱,17035542,971026976,11%,11%,11%
食品,面包和糖果点心,坚果酱,17035542,97120,11%,11%,11%
食品,面包和糖果点心,巧克力棒,17035543,97045,11%,11%,11%
食品,面包和糖果点心,华夫饼,17035989,96041,11%,11%,11%
食品,面包和糖果点心,口香糖,17035991,96042,11%,11%,11%
食品,面包和糖果点心,口气清新条,17035991,970953802,11%,11%,11%
食品,面包和糖果点心,巧克力蛋,17039480,96796,11%,11%,11%
食品,面包和糖果点心,棉花糖,17039481,96795,11%,11%,11%
食品,面包和糖果点心,泽菲尔软糖,17039481,97031,11%,11%,11%
食品,面包和糖果点心,软果糕,17039481,97034,11%,11%,11%
食品,面包和糖果点心,棉花糖,17039481,97041,11%,11%,11%
食品,面包和糖果点心,蛋白酥,17039481,97090,11%,11%,11%
食品,面包和糖果点心,水果软果糕,17039481,97139,11%,11%,11%
食品,面包和糖果点心,糖果,17039483,96044,11%,11%,11%
食品,面包和糖果点心,薄脆饼干,17039484,96045,11%,11%,11%
食品,面包和糖果点心,羊角面包,17039485,97134,11%,11%,11%
食品,面包和糖果点心,水晶软糖,17039487,97032,11%,11%,11%
食品,面包和糖果点心,饼干,17039493,96047,11%,11%,11%
食品,面包和糖果点心,面包,24749624,97800,11%,11%,11%
食品,面包和糖果点心,硬面薄饼,24749624,97810,11%,11%,11%
食品,面包和糖果点心,饼,24749624,97812,11%,11%,11%
食品,面包和糖果点心,拉瓦什,24749624,97813,11%,11%,11%
食品,面包和糖果点心,蛋糕,24749625,115949297,11%,11%,11%
食品,面包和糖果点心,蛋糕坯,24749625,971746530,11%,11%,11%
食品,面包和糖果点心,糕点卷,24749633,115949302,11%,11%,11%
食品,面包和糖果点心,馅饼,24749633,97809,11%,11%,11%
食品,面包和糖果点心,甜点心,39476243,115948616,11%,11%,11%
食品,面包和糖果点心,夹心面点,39476243,970591369,11%,11%,11%
食品,面包和糖果点心,恰克恰克,39476243,970634996,11%,11%,11%
食品,面包和糖果点心,松饼,39476243,97712,11%,11%,11%
食品,面包和糖果点心,酥皮糕点,39476243,97804,11%,11%,11%
食品,面包和糖果点心,甜面包,39476243,97805,11%,11%,11%
食品,面包和糖果点心,小馅饼,39476243,97808,11%,11%,11%
食品,面包和糖果点心,奶渣饼,39476243,97818,11%,11%,11%
食品,面包和糖果点心,甜甜圈,39476243,97850,11%,11%,11%
食品,面包和糖果点心,圆柱形甜面包,39476243,98332,11%,11%,11%
食品,面包和糖果点心,小挞,39476243,98432,11%,11%,11%
食品,面包和糖果点心,甜品套装与玩具,39476243,99227,11%,11%,11%
食品,面包和糖果点心,俄式小硬面包圈,43435057,97799,11%,11%,11%
食品,面包和糖果点心,干圆百吉饼（苏什基）,43435057,97802,11%,11%,11%
食品,面包和糖果点心,面包干,43435057,97803,11%,11%,11%
食品,面包和糖果点心,惊喜盒糖果,92124846,970939983,11%,11%,11%
食品,面包和糖果点心,甜点花束,92124846,971067898,11%,11%,11%
食品,乳制品,牛奶饮料,17030059,96777,11%,11%,11%
食品,乳制品,乳清饮料,17030059,970843306,11%,11%,11%
食品,乳制品,牛奶,200001394,96578,11%,11%,11%
食品,乳制品,奶油,200001395,96585,11%,11%,11%
食品,乳制品,甜点,200001396,971311214,11%,11%,11%
食品,乳制品,发酵剂,200001398,96776,11%,11%,11%
食品,乳制品,凝乳酶,200001398,971280134,11%,11%,11%
食品,乳制品,酸奶,200001420,96574,11%,11%,11%
食品,乳制品,豆腐,29373913,971894175,11%,11%,11%
食品,乳制品,植物饮料,29373913,97876,11%,11%,11%
食品,乳制品,酥油,93571978,970587313,11%,11%,11%
食品,肉类和鱼类美食,香肠肠衣,28438045,523706626,11%,11%,11%
食品,肉类和鱼类美食,香肠发酵剂,28438045,971114926,11%,11%,11%
食品,分子料理产品,分子料理质构剂,79224112,970688129,11%,11%,11%
家具,床垫,床垫,17037754,115946522,10%,10%,10%
家具,床垫,医用床垫,17037754,970859602,10%,10%,10%
家具,床垫,床垫罩,17037754,98427,10%,10%,10%
家具,床垫,户外家具床垫,84871357,504866279,10%,10%,10%
家具,椅子、长凳、凳子、沙发凳,懒人沙发,17037484,95044,10%,10%,10%
家具,椅子、长凳、凳子、沙发凳,儿童座椅,17037489,95031,10%,10%,10%
家具,椅子、长凳、凳子、沙发凳,儿童椅,17037489,95049,10%,10%,10%
家具,椅子、长凳、凳子、沙发凳,搁脚架,43433966,96802,10%,10%,10%
家具,椅子、长凳、凳子、沙发凳,椅子,43434648,95048,10%,10%,10%
家具,椅子、长凳、凳子、沙发凳,折叠凳,43434648,970591528,10%,10%,10%
家具,椅子、长凳、凳子、沙发凳,椅子套装 ,43434648,970685469,10%,10%,10%
家具,椅子、长凳、凳子、沙发凳,可折合凳,43434648,971476428,10%,10%,10%
家具,椅子、长凳、凳子、沙发凳,凳子,43434652,95053,10%,10%,10%
家具,椅子、长凳、凳子、沙发凳,凳子套装,43434652,970685472,10%,10%,10%
家具,椅子、长凳、凳子、沙发凳,阶梯凳,43434652,970709003,10%,10%,10%
家具,椅子、长凳、凳子、沙发凳,软垫方凳,43443297,95021,10%,10%,10%
家具,椅子、长凳、凳子、沙发凳,音乐家椅,43443297,96801,10%,10%,10%
家具,椅子、长凳、凳子、沙发凳,吧台凳,43443299,95023,10%,10%,10%
家具,椅子、长凳、凳子、沙发凳,吧台凳套装 ,43443299,970685471,10%,10%,10%
家具,椅子、长凳、凳子、沙发凳,箱子,82068176,970714176,10%,10%,10%
家具,椅子、长凳、凳子、沙发凳,花园箱子,82068176,970866475,10%,10%,10%
家具,椅子、长凳、凳子、沙发凳,椅子备件,88055336,970843542,10%,10%,10%
家具,家具_床,摇篮,17037491,94993,10%,10%,10%
家具,家具_床,床架,17037778,94992,10%,10%,10%
家具,家具_床,双人床,17037778,94995,10%,10%,10%
家具,家具_床,板条底,17037778,94998,10%,10%,10%
家具,家具_床,单人沙发床,17037778,94999,10%,10%,10%
家具,家具_床,单人床,17037778,970713329,10%,10%,10%
家具,家具_床,折叠床,17037778,970968734,10%,10%,10%
家具,家具_床,衣柜床,17037778,971082810,10%,10%,10%
家具,家具_床,婴儿床摆动摆锤,17037784,99456,10%,10%,10%
家具,家具_床,儿童床,43430401,94996,10%,10%,10%
家具,家具_床,双层床,71499550,970615714,10%,10%,10%
家具,家具_床,三层床,71499550,971414986,10%,10%,10%
家具,家具_床,高架床,71499550,97193,10%,10%,10%
家具,家具_床,折叠床,73383360,94997,10%,10%,10%
家具,桌类,课桌,17037503,95010,10%,10%,10%
家具,桌类,餐桌,17037788,95015,10%,10%,10%
家具,桌类,折叠桌,17037788,970689232,10%,10%,10%
家具,桌类,桌架,17037788,971113493,10%,10%,10%
家具,桌类,吊桌,17037788,971311385,10%,10%,10%
家具,桌类,儿童桌,17037789,95016,10%,10%,10%
家具,桌类,茶几,43429282,95002,10%,10%,10%
家具,桌类,上菜桌,43429282,95013,10%,10%,10%
家具,桌类,边桌,43429282,970713712,10%,10%,10%
家具,桌类,书桌,43430406,504866270,10%,10%,10%
家具,桌类,办公桌,43430406,95001,10%,10%,10%
家具,桌类,电脑桌,43430406,95005,10%,10%,10%
家具,桌类,笔记本电脑桌,43430406,97388,10%,10%,10%
家具,桌类,接待台,43430406,97452,10%,10%,10%
家具,桌类,演讲台,43434658,971102673,10%,10%,10%
家具,桌类,控制台,43435550,95006,10%,10%,10%
家具,桌类,梳妆台,43435550,95101,10%,10%,10%
家具,桌类,吧台桌,54055816,95000,10%,10%,10%
家具,桌类,底架,88544942,95012,10%,10%,10%
家具,桌类,桌子肘架,88544942,970841047,10%,10%,10%
家具,桌类,折叠桌支架,88544942,970941908,10%,10%,10%
家具,桌类,代表系统搁板,88544942,971035074,10%,10%,10%
家具,柜,书柜,17034983,504866300,10%,10%,10%
家具,柜,对开门衣柜,17034983,95108,10%,10%,10%
家具,柜,展示柜,17034983,95109,10%,10%,10%
家具,柜,高立柜,17034983,95110,10%,10%,10%
家具,柜,推拉门衣柜,17034983,970679785,10%,10%,10%
家具,柜,壁柜,17034983,970977423,10%,10%,10%
家具,柜,内置上层搁板,17034983,971161297,10%,10%,10%
家具,柜,酒吧柜,200000819,971285308,10%,10%,10%
家具,柜,吧台,200000819,971288195,10%,10%,10%
家具,柜,衣橱系统,43429302,95472,10%,10%,10%
家具,柜,折叠柜,43432845,95484,10%,10%,10%
家具,柜,餐具橱,52711451,95083,10%,10%,10%
家具,柜,壁挂式衣架,77853388,93671,10%,10%,10%
家具,柜,衣柜框架,86616264,970796918,10%,10%,10%
家具,花园和海滩遮阳伞,沙滩遮阳伞,17037810,93356,10%,10%,10%
家具,花园和海滩遮阳伞,花园伞,17037810,93357,10%,10%,10%
家具,花园和海滩遮阳伞,沙滩伞架,43429229,93351,10%,10%,10%
家具,家具配件和配置组件,吧台备件,200000328,971075626,10%,10%,10%
家具,家具配件和配置组件,床头,200001000,970872286,10%,10%,10%
家具,家具配件和配置组件,床围栏,200001000,971283530,10%,10%,10%
家具,家具配件和配置组件,搁板架,43429265,98767,10%,10%,10%
家具,家具配件和配置组件,导轨,53884416,504866274,10%,10%,10%
家具,家具配件和配置组件,侧式拉篮,53884416,970676212,10%,10%,10%
家具,家具配件和配置组件,家具抽屉,53884416,970684236,10%,10%,10%
家具,家具配件和配置组件,懒人沙发填料,76776776,756237457,10%,10%,10%
家具,家具配件和配置组件,家具支脚,78288810,298512288,10%,10%,10%
家具,家具配件和配置组件,家具推拉杆,78288810,504866275,10%,10%,10%
家具,家具配件和配置组件,家具保护贴,78288810,91988,10%,10%,10%
家具,家具配件和配置组件,家具定位器,78288810,94525,10%,10%,10%
家具,家具配件和配置组件,家具合页,78288810,94530,10%,10%,10%
家具,家具配件和配置组件,家具把手,78288810,94532,10%,10%,10%
家具,家具配件和配置组件,家具卡扣,78288810,94563,10%,10%,10%
家具,家具配件和配置组件,衣柜下拉挂衣杆?,78288810,970632135,10%,10%,10%
家具,家具配件和配置组件,家具气弹簧,78288810,970676657,10%,10%,10%
家具,家具配件和配置组件,摇摆机构,78288810,970688624,10%,10%,10%
家具,家具配件和配置组件,升降机构,78288810,970695398,10%,10%,10%
家具,家具配件和配置组件,家具阻尼器,78288810,970713341,10%,10%,10%
家具,家具配件和配置组件,毛刷密封条,78288810,970718860,10%,10%,10%
家具,家具配件和配置组件,台面装饰条,78288810,970744442,10%,10%,10%
家具,家具配件和配置组件,可调节折叠铰链,78288810,970744443,10%,10%,10%
家具,家具配件和配置组件,电脑椅十字底座连接件,78288810,970798612,10%,10%,10%
家具,家具配件和配置组件,家具搬运工具套装,78288810,970801515,10%,10%,10%
家具,家具配件和配置组件,带胶家具封边条,78288810,970866476,10%,10%,10%
家具,家具配件和配置组件,装偏心拉杆套装,78288810,970871927,10%,10%,10%
家具,家具配件和配置组件,板托螺丝,78288810,970871928,10%,10%,10%
家具,家具配件和配置组件,台面踢脚线,78288810,970941858,10%,10%,10%
家具,家具配件和配置组件,隔热条,78288810,970943103,10%,10%,10%
家具,家具配件和配置组件,衣柜内挂衣杆,78288810,970958518,10%,10%,10%
家具,家具配件和配置组件,家具免胶封边条,78288810,971025231,10%,10%,10%
家具,家具配件和配置组件,园林秋千链条,78288810,971053796,10%,10%,10%
家具,家具配件和配置组件,厨房灯头,78288810,971093305,10%,10%,10%
家具,家具配件和配置组件,杆状部件固定架,78288810,971095277,10%,10%,10%
家具,家具配件和配置组件,家具用管配件,78288810,971100654,10%,10%,10%
家具,家具配件和配置组件,基座密封条,78288810,971200707,10%,10%,10%
家具,家具配件和配置组件,家具面板固定件,78288810,971225344,10%,10%,10%
家具,家具配件和配置组件,弹簧组件,78288810,971285252,10%,10%,10%
家具,家具配件和配置组件,家具旋转机构,78288810,971286686,10%,10%,10%
家具,家具配件和配置组件,家具车轮制动器,78288810,971287675,10%,10%,10%
家具,家具配件和配置组件,玻璃用型材,78288810,971296070,10%,10%,10%
家具,家具配件和配置组件,软体家具五金配件,78288810,971303632,10%,10%,10%
家具,家具配件和配置组件,家具五金配件套装,78288810,971312699,10%,10%,10%
家具,家具配件和配置组件,开启角度限制器,78288810,971371061,10%,10%,10%
家具,家具配件和配置组件,床备件,78288810,971395646,10%,10%,10%
家具,家具配件和配置组件,推拉衣柜五金配件,78288810,971421251,10%,10%,10%
家具,家具配件和配置组件,家具用弹簧,78288810,971751527,10%,10%,10%
家具,家具配件和配置组件,家具轮子,78288810,98750,10%,10%,10%
家具,家具配件和配置组件,家具连接件,78288810,98759,10%,10%,10%
家具,家具配件和配置组件,支撑垫,78288810,98768,10%,10%,10%
家具,家具配件和配置组件,家具角码,78288810,98777,10%,10%,10%
家具,家具配件和配置组件,螺丝连体帽,78288810,98788,10%,10%,10%
家具,家具配件和配置组件,装饰性堵头,78288810,98790,10%,10%,10%
家具,家具配件和配置组件,家具表面,86666384,970796917,10%,10%,10%
家具,家具配件和配置组件,衣柜门,86666384,971039559,10%,10%,10%
家具,家具配件和配置组件,家具的装饰,86666384,971079735,10%,10%,10%
家具,家具配件和配置组件,桌面,87005739,970804430,10%,10%,10%
家具,家具配件和配置组件,衣帽间系统备件,89050094,970855443,10%,10%,10%
家具,家具配件和配置组件,床板条,90004581,970695216,10%,10%,10%
家具,家具配件和配置组件,板条固定件,90004581,970695424,10%,10%,10%
家具,家具配件和配置组件,键盘搁板,98190415,970991002,10%,10%,10%
家具,浴室家具,浴室柜,17034981,970666036,10%,10%,10%
家具,浴室家具,浴室家具套装,17037793,95088,10%,10%,10%
家具,浴室家具,浴室柜,76222737,970665788,10%,10%,10%
家具,电脑和办公椅,游戏振动椅,17037477,91796,10%,10%,10%
家具,电脑和办公椅,游戏椅,17037477,95026,10%,10%,10%
家具,电脑和办公椅,办公室扶手椅,17037477,95041,10%,10%,10%
家具,电脑和办公椅,儿童电脑椅,17037477,970685072,10%,10%,10%
家具,电脑和办公椅,工作椅,17037477,970884997,10%,10%,10%
家具,电脑和办公椅,矫形椅,77885574,97582,10%,10%,10%
家具,沙发和扶手椅,扶手椅,17037481,95030,10%,10%,10%
家具,沙发和扶手椅,悬挂式扶手椅,17037481,970829669,10%,10%,10%
家具,沙发和扶手椅,座椅备件,17037481,971105392,10%,10%,10%
家具,沙发和扶手椅,直排沙发,17037772,95024,10%,10%,10%
家具,沙发和扶手椅,折叠沙发,17037772,95025,10%,10%,10%
家具,沙发和扶手椅,沙发,17037772,95039,10%,10%,10%
家具,沙发和扶手椅,组合沙发,17037772,970797823,10%,10%,10%
家具,沙发和扶手椅,沙发备件,17037772,970797824,10%,10%,10%
家具,沙发和扶手椅,摇椅,43430111,95035,10%,10%,10%
家具,沙发和扶手椅,床椅,43430397,95036,10%,10%,10%
家具,沙发和扶手椅,厨房转角沙发,43430399,95038,10%,10%,10%
家具,沙发和扶手椅,转角沙发,43435549,97632,10%,10%,10%
家具,户外花园家具,吊床,17033251,95055,10%,10%,10%
家具,户外花园家具,板凳,17037569,613346845,10%,10%,10%
家具,户外花园家具,秋千配件,200000761,504866289,10%,10%,10%
家具,户外花园家具,花园家具框架,200000761,95056,10%,10%,10%
家具,户外花园家具,吊床配件,200000761,95059,10%,10%,10%
家具,户外花园家具,花园家具辅助材料,200000761,971225454,10%,10%,10%
家具,户外花园家具,花园家具维修套件,200000761,971287565,10%,10%,10%
家具,户外花园家具,花园柜,200001269,971741656,10%,10%,10%
家具,户外花园家具,花园矮柜,200001269,971741657,10%,10%,10%
家具,户外花园家具,花园秋千,43434201,95057,10%,10%,10%
家具,户外花园家具,花园沙发,43434923,95062,10%,10%,10%
家具,户外花园家具,凉亭,43435768,95065,10%,10%,10%
家具,户外花园家具,侧边伞,43435768,95066,10%,10%,10%
家具,户外花园家具,花园遮阳棚墙板,43435768,95069,10%,10%,10%
家具,户外花园家具,户外花园帐篷,43435768,95072,10%,10%,10%
家具,户外花园家具,天幕,43435768,95075,10%,10%,10%
家具,户外花园家具,现成门廊雨棚,43435768,971126380,10%,10%,10%
家具,户外花园家具,凉亭配件,43435768,971451382,10%,10%,10%
家具,户外花园家具,花园椅子,79306296,970688752,10%,10%,10%
家具,户外花园家具,花园扶手椅,79306296,970693295,10%,10%,10%
家具,户外花园家具,花园桌,80197068,970693797,10%,10%,10%
家具,户外花园家具,躺椅,80615750,94452,10%,10%,10%
家具,户外花园家具,花园家具套装,80649478,95028,10%,10%,10%
家具,户外花园家具,气瓶柜,82033655,970713678,10%,10%,10%
家具,户外花园家具,花园厨房,89099320,970857380,10%,10%,10%
家具,抽屉柜和橱柜,抽屉柜,17036759,95086,10%,10%,10%
家具,抽屉柜和橱柜,小柜,17036764,971162059,10%,10%,10%
家具,抽屉柜和橱柜,鞋架,17036765,95103,10%,10%,10%
家具,抽屉柜和橱柜,格子式鞋架,17036765,970693320,10%,10%,10%
家具,抽屉柜和橱柜,换尿布台,43430113,95011,10%,10%,10%
家具,架子和货架,置物架,17036755,115946601,10%,10%,10%
家具,架子和货架,货架,17036760,95098,10%,10%,10%
家具,架子和货架,浴室架,17036760,970666031,10%,10%,10%
家具,架子和货架,货架备件,17036760,970968749,10%,10%,10%
家具,架子和货架,架子,43436295,95111,10%,10%,10%
家具,家具套装,走廊家具套装,17037495,95090,10%,10%,10%
家具,家具套装,办公家具套装,17037495,970872419,10%,10%,10%
家具,家具套装,儿童家具套装,17037501,95008,10%,10%,10%
家具,家具套装,软垫家具套装,43430105,95027,10%,10%,10%
家具,家具套装,餐桌套装,43430112,95009,10%,10%,10%
家具,家具套装,电视柜,43430410,95092,10%,10%,10%
家具,家具套装,客厅墙体模块,43430410,971079565,10%,10%,10%
家具,家具套装,卧室家具套装,77089835,970671812,10%,10%,10%
家具,厨房家具,整体厨柜,200000058,95089,10%,10%,10%
家具,厨房家具,厨房单元填充物,200001069,971430403,10%,10%,10%
家具,厨房家具,安装式厨房模块,80771443,970782258,10%,10%,10%
家具,厨房家具,地板厨房模块,80771448,970782257,10%,10%,10%
家具,办公家具,美容沙发,17037474,95032,10%,10%,10%
家具,办公家具,修脚椅,17037474,95034,10%,10%,10%
家具,办公家具,试衣间,200000992,971108792,10%,10%,10%
家具,办公家具,取货点接待处,200000992,971108795,10%,10%,10%
家具,办公家具,取货点箱柜,200000992,971108797,10%,10%,10%
家具,办公家具,缝纫角,200000992,971363893,10%,10%,10%
家具,办公家具,取货点家具套装,200000992,971434690,10%,10%,10%
家具,办公家具,生产台,97081735,970988643,10%,10%,10%
家具,办公家具,厨房多功能置物架,97081735,970988646,10%,10%,10%
家具,办公家具,生产柜,97081735,970988648,10%,10%,10%
家具,办公家具,工业架子,97081735,970993837,10%,10%,10%
家具,办公家具,生产台,97081735,971816790,10%,10%,10%
家具,办公家具,办公室保护屏,97081739,970744412,10%,10%,10%
家具,办公家具,生产用水槽,97081739,970988636,10%,10%,10%
家具,办公家具,医用家具,99129124,970996040,10%,10%,10%
家具,办公家具,医疗家具配件,99129124,971951883,10%,10%,10%
家具,无框家具,豆袋椅,43430398,95037,10%,10%,10%
家具,无框家具,无框架沙发,43430398,970943564,10%,10%,10%
家具,无框家具,无框架懒人沙发,43430398,970943565,10%,10%,10%
家具,无框家具,无框架家具套,43430398,971842440,10%,10%,10%
书籍,实体有声书,实体有声书,200001307,971445086,12%,22%,22%
书籍,现代印刷物（自2011年起）,印刷书籍,200001340,971445087,12%,22%,22%
书籍,现代印刷物（自2011年起）,杂志,200001361,971445088,12%,22%,22%
书籍,现代印刷物（自2011年起）,报纸,200001361,971445089,12%,22%,22%
书籍,古旧出版物（1942-2010）,印刷书籍,200001315,971445087,12%,22%,22%
书籍,古旧出版物（1942-2010）,杂志,200001393,971445088,12%,22%,22%
书籍,古旧出版物（1942-2010）,报纸,200001393,971445089,12%,22%,22%
书籍,古董出版物（1941年之前（含））,印刷书籍,200001309,971445087,12%,22%,22%
书籍,古董出版物（1941年之前（含））,杂志,200001309,971445088,12%,22%,22%
书籍,古董出版物（1941年之前（含））,报纸,200001309,971445089,12%,22%,22%
吸烟产品和配件,电子烟和加热型,电子烟充电器,200001028,90669078,12%,14%,18%
吸烟产品和配件,电子烟和加热型,电子烟配件,200001028,971412763,12%,14%,18%
吸烟产品和配件,电子烟和加热型,加热不燃烧烟具配件,200001156,971413556,12%,14%,18%
吸烟产品和配件,水烟的配件和组件,水烟配件,200001021,971412759,12%,14%,18%
吸烟产品和配件,水烟的配件和组件,水烟炭,200001071,970637384,12%,14%,18%
吸烟产品和配件,水烟的配件和组件,电热炉,200001413,970637389,12%,14%,18%
吸烟产品和配件,烟具,烟灰缸,17038567,91975,12%,14%,18%
吸烟产品和配件,烟具,雪茄柜,200001033,93824,12%,14%,18%
吸烟产品和配件,烟具,烟草储存配件,200001033,971405141,12%,14%,18%
吸烟产品和配件,烟具,吸烟配件,92290872,971423253,12%,14%,18%
药店,运动营养,运动营养,17029624,95380,12%,14%,18%
药店,运动营养,等渗饮料,17029625,95367,12%,14%,18%
药店,运动营养,运动能量饮料,17029625,95395,12%,14%,18%
药店,运动营养,运动电解质,17029625,971005245,12%,14%,18%
药店,运动营养,能量嚼片和能量块糖,17029625,972893664,12%,14%,18%
药店,运动营养,合成代谢复合物,17029636,95352,12%,14%,18%
药店,运动营养,增加睾丸激素制剂,17029636,95389,12%,14%,18%
药店,运动营养,蛋白质,17031833,95385,12%,14%,18%
药店,运动营养,膳食长条形营养棒,17031834,95363,12%,14%,18%
药店,运动营养,蛋白棒,17031834,95386,12%,14%,18%
药店,运动营养,能量棒,17031834,95394,12%,14%,18%
药店,运动营养,增肌粉,17033625,95359,12%,14%,18%
药店,运动营养,碳水化合物,17033625,95391,12%,14%,18%
药店,医用耗材,造瘘袋,17029444,409350049,12%,14%,18%
药店,医用耗材,床上便盆,17029444,94576,12%,14%,18%
药店,医用耗材,手持式便携坐浴盆,17029444,970878473,12%,14%,18%
药店,医用耗材,妇科子宫托,17029444,970952799,12%,14%,18%
药店,医用耗材,便器、尿壶配件,17029444,971445770,12%,14%,18%
药店,医用耗材,尿收集袋,17029444,97467,12%,14%,18%
药店,医用耗材,手术耗材,200000522,971892284,12%,14%,18%
药店,医用耗材,造口护理的装置、配件,200001367,392638732,12%,14%,18%
药店,医用耗材,气管造口管,200001367,970629868,12%,14%,18%
药店,医用耗材,医用指垫,22820157,504866180,12%,14%,18%
药店,医用耗材,弹性绷带,22820157,91867,12%,14%,18%
药店,医用耗材,医用绷带,22820157,94567,12%,14%,18%
药店,医用耗材,棉花,22820157,94568,12%,14%,18%
药店,医用耗材,纱布,22820157,94571,12%,14%,18%
药店,医用耗材,折叠式医用夹板,22820157,971057729,12%,14%,18%
药店,医用耗材,医用石膏,22820157,971890999,12%,14%,18%
药店,医用耗材,伤口绷带,22820157,97975,12%,14%,18%
药店,医用耗材,输液系统,22820210,97468,12%,14%,18%
药店,医用耗材,采血垫肘,33265155,970978012,12%,14%,18%
药店,医用耗材,医用绑带,33265155,971315958,12%,14%,18%
药店,医用耗材,止血剂,33265155,971371351,12%,14%,18%
药店,医用耗材,医用护理杯,35129813,98226,12%,14%,18%
药店,医用耗材,卫生呕吐袋,35129815,970861796,12%,14%,18%
药店,医用耗材,医疗废物容器,35129815,971287161,12%,14%,18%
药店,医用耗材,医疗袋,35129815,971906275,12%,14%,18%
药店,医用耗材,生物材料容器,35129815,97461,12%,14%,18%
药店,医用耗材,注射辅助器,61407939,970877891,12%,14%,18%
药店,医用耗材,注射器,61407939,97474,12%,14%,18%
药店,医用耗材,注水器,61407939,97629,12%,14%,18%
药店,医用耗材,医用导管,92373693,970948193,12%,14%,18%
药店,医用耗材,自导管套件,92373693,970948196,12%,14%,18%
药店,医用耗材,肾造口导管,92373693,971010718,12%,14%,18%
药店,B2B宠物医疗设备,兽医医疗设备,200000112,971164017,12%,14%,18%
药店,B2B宠物医疗设备,兽医医疗器械,200000120,971163973,12%,14%,18%
药店,专业美容设备,气液剥皮机,200000123,971123862,12%,14%,18%
药店,专业美容设备,气蚀装置,200000124,971123865,12%,14%,18%
药店,专业美容设备,冷冻溶脂拭巾,200000125,971304957,12%,14%,18%
药店,专业美容设备,冷冻溶脂设备,200000125,971304959,12%,14%,18%
药店,专业美容设备,专业射频紧肤机,200000126,971806589,12%,14%,18%
药店,专业美容设备,专业电泼拉皮仪,200000128,971806593,12%,14%,18%
药店,专业美容设备,微晶换肤设备,200000130,971806595,12%,14%,18%
药店,专业美容设备,专业微电流仪,200000131,971806600,12%,14%,18%
药店,专业美容设备,专业光动力治疗仪,200000133,971806603,12%,14%,18%
药店,专业美容设备,热玛格机器,200000135,971123859,12%,14%,18%
药店,专业美容设备,脂质子仪,200000136,971123856,12%,14%,18%
药店,专业美容设备,美容电凝仪,200000137,971123867,12%,14%,18%
药店,专业美容设备,凝固电极,200000137,971196295,12%,14%,18%
药店,膳食补充剂和维生素,膳食补充剂益生元,200000899,96770,12%,14%,18%
药店,膳食补充剂和维生素,膳食补充剂益生菌,200000899,971148086,12%,14%,18%
药店,膳食补充剂和维生素,用于妇科疾病的膳食补充剂,200000899,971300814,12%,14%,18%
药店,膳食补充剂和维生素,保持头发、指甲和皮肤健康的膳食补充剂,200000899,971300815,12%,14%,18%
药店,膳食补充剂和维生素,用于勃起功能障碍的膳食补充剂,200000899,971300816,12%,14%,18%
药店,膳食补充剂和维生素,用于前列腺瘤的膳食补充剂,200000899,971300817,12%,14%,18%
药店,膳食补充剂和维生素,消化系统膳食补充剂,200000899,971300818,12%,14%,18%
药店,膳食补充剂和维生素,治疗寄生虫的膳食补充剂,200000899,971300819,12%,14%,18%
药店,膳食补充剂和维生素,肝脏膳食补充剂,200000899,971300820,12%,14%,18%
药店,膳食补充剂和维生素,甲状腺膳食补充剂,200000899,971300821,12%,14%,18%
药店,膳食补充剂和维生素,免疫力维持膳食补充剂,200000899,971300823,12%,14%,18%
药店,膳食补充剂和维生素,强身滋补膳食补充剂,200000899,971300824,12%,14%,18%
药店,膳食补充剂和维生素,用于感冒和流感的膳食补充剂,200000899,971300825,12%,14%,18%
药店,膳食补充剂和维生素,用于酒精依赖的膳食补充剂,200000899,971300826,12%,14%,18%
药店,膳食补充剂和维生素,用于尼古丁依赖的膳食补充剂,200000899,971300828,12%,14%,18%
药店,膳食补充剂和维生素,镇静作用的膳食补充剂,200000899,971300829,12%,14%,18%
药店,膳食补充剂和维生素,软骨组织膳食补充剂,200000899,971300831,12%,14%,18%
药店,膳食补充剂和维生素,骨骼和关节膳食补充剂,200000899,971300832,12%,14%,18%
药店,膳食补充剂和维生素,静脉和血管的膳食补充剂,200000899,971300833,12%,14%,18%
药店,膳食补充剂和维生素,大脑膳食补充剂,200000899,971300834,12%,14%,18%
药店,膳食补充剂和维生素,食欲控制膳食补充剂,200000899,971300836,12%,14%,18%
药店,膳食补充剂和维生素,减肥膳食补充剂,200000899,971300837,12%,14%,18%
药店,膳食补充剂和维生素,加速新陈代谢的膳食补充剂,200000899,971300838,12%,14%,18%
药店,膳食补充剂和维生素,用于泌尿系统疾病的膳食补充剂,200000899,971300839,12%,14%,18%
药店,膳食补充剂和维生素,单氨基酸和多氨基酸膳食补充剂,200000899,971300840,12%,14%,18%
药店,膳食补充剂和维生素,膳食补充剂脂肪酸,200000899,971300843,12%,14%,18%
药店,膳食补充剂和维生素,性欲增强膳食补充剂,200000899,971390829,12%,14%,18%
药店,膳食补充剂和维生素,胰腺膳食补充剂,200000899,971390830,12%,14%,18%
药店,膳食补充剂和维生素,视力膳食补充剂,200000899,971390832,12%,14%,18%
药店,膳食补充剂和维生素,维生素,29517828,115949376,12%,14%,18%
药店,牙科材料和工具,护齿器、训练器,52328618,364200928,12%,14%,18%
药店,医疗设备、器具、器械的零部件,医疗设备组件,200001553,971892822,12%,14%,18%
药店,设备、机械、装置耗材,放射学耗材,200001555,970961563,12%,14%,18%
药店,相关产品,药盒,19171527,91828,12%,14%,18%
药店,相关产品,隐形眼镜盒,19171527,93513,12%,14%,18%
药店,相关产品,个人防护装备分配器 ,19171527,970807542,12%,14%,18%
药店,相关产品,石膏浇注保护,19171527,970869364,12%,14%,18%
药店,相关产品,空胶囊,19171527,971424762,12%,14%,18%
药店,相关产品,牙科容器,19171527,97221,12%,14%,18%
药店,医疗技术,负片试验镜,100220426,971031826,12%,14%,18%
药店,医疗技术,按压治疗装置,24441689,971093975,12%,14%,18%
药店,医疗技术,整骨器械,43433713,91843,12%,14%,18%
药店,医疗技术,盐度计,43433713,99430,12%,14%,18%
药店,医疗技术,神经肌电图,52678794,971125502,12%,14%,18%
药店,医疗技术,脑回声成像仪,52678794,971125503,12%,14%,18%
药店,医疗技术,脑电描记器,52678794,971125504,12%,14%,18%
药店,医疗技术,冷雾生成器,92042726,970796916,12%,14%,18%
药店,医疗技术,消毒设备,92042726,970904983,12%,14%,18%
药店,医疗技术,胎儿多普勒监测仪,92107743,971006746,12%,14%,18%
药店,医疗技术,眼部训练器,92235299,970851072,12%,14%,18%
药店,医疗设备,呼吸训练器,100188399,970886447,12%,14%,18%
药店,医疗设备,伍德灯,17032783,504866198,12%,14%,18%
药店,医疗设备,医用照射器,17032783,91825,12%,14%,18%
药店,医疗设备,加热灯,17032783,971074160,12%,14%,18%
药店,医疗设备,石英灯,17032783,98395,12%,14%,18%
药店,医疗设备,封口装置,200000799,971277630,12%,14%,18%
药店,医疗设备,注射器分配器,200000990,970996395,12%,14%,18%
药店,医疗设备,医用泵,200000990,971426428,12%,14%,18%
药店,医疗设备,医用空气循环消毒机,43434366,91852,12%,14%,18%
药店,医疗设备,医用灭菌器,43443620,971293437,12%,14%,18%
药店,医疗设备,水净化、浓缩设备,52679168,255584722,12%,14%,18%
药店,医疗设备,制氧机,52679168,362877971,12%,14%,18%
药店,医疗设备,氧气鸡尾酒套装,52679168,97497,12%,14%,18%
药店,医疗设备,眼科诊断设备,56184099,630450955,12%,14%,18%
药店,医疗设备,医用灯具,99198768,970996038,12%,14%,18%
药店,实验室设备,实验室器皿,200000248,971893087,12%,14%,18%
药店,实验室设备,实验室耗材,200001417,971893116,12%,14%,18%
药店,隐形眼镜、用于眼镜的、矫正眼镜,视力矫正眼镜,17038417,96686,12%,14%,18%
药店,隐形眼镜、用于眼镜的、矫正眼镜,眼镜镜片,93132462,970956118,12%,14%,18%
药店,隐形眼镜、用于眼镜的、矫正眼镜,测试眼镜片套装 ,93132462,970996037,12%,14%,18%
药店,眼镜框架、眼镜配件,封堵器,200000914,970825490,12%,14%,18%
药店,眼镜框架、眼镜配件,眼镜备件,200000914,971302043,12%,14%,18%
药店,眼镜框架、眼镜配件,眼镜腿,53963578,504866211,12%,14%,18%
药店,镜片、眼镜的保养,眼镜喷雾,17031308,504866199,12%,14%,18%
药店,镜片、眼镜的保养,镜头清洁液,17031308,93514,12%,14%,18%
药店,镜片、眼镜的保养,眼镜布,92487017,96687,12%,14%,18%
药店,镜片、眼镜的保养,滴眼装置,92487017,970865524,12%,14%,18%
药店,镜片、眼镜的保养,隐形眼镜套装,92487017,971151486,12%,14%,18%
药店,医用纺织品,医用护理垫,17038348,93487,12%,14%,18%
药店,医用纺织品,医用纺织品,17038348,970583070,12%,14%,18%
药店,医用纺织品,医用床垫,200001559,91850,12%,14%,18%
药店,医用纺织品,医用枕头,200001559,970955704,12%,14%,18%
药店,医用纺织品,医用治疗纸巾,41588874,97465,12%,14%,18%
药店,医用服装,适应性服装,200000413,971093239,12%,14%,18%
药店,医用服装,可调节帽子,200000413,971093241,12%,14%,18%
药店,医用服装,自适应配件,200000413,971093242,12%,14%,18%
药店,医用服装,鞋套机,22820145,970625783,12%,14%,18%
药店,医用服装,卫生套袖,22820145,970741701,12%,14%,18%
药店,医用服装,医疗口罩配件,22820145,970835975,12%,14%,18%
药店,医用服装,个人防护用品套装,22820145,970857138,12%,14%,18%
药店,医用服装,胡须套，防护屏,22820145,970865456,12%,14%,18%
药店,医用服装,医用呼吸阀口罩,22820145,970976284,12%,14%,18%
药店,医用服装,医疗安全护目镜,22820145,971033079,12%,14%,18%
药店,医用服装,医用手套,22820145,97460,12%,14%,18%
药店,医用服装,医用口罩,22820145,97464,12%,14%,18%
药店,医用服装,医用鞋套,22820145,97466,12%,14%,18%
药店,医用服装,医用帽,22820145,98050,12%,14%,18%
药店,医用服装,医疗操作专用服装,35129810,98221,12%,14%,18%
药店,医用服装,术后专用内衣,88541932,970841017,12%,14%,18%
药店,用于消毒、治疗和疗程的化学产品,超声波凝胶,200000325,971074216,12%,14%,18%
药店,用于消毒、治疗和疗程的化学产品,消毒剂,79565781,970690850,12%,14%,18%
药店,按摩器、垫子、针灸,电热敷垫,17038759,92629,12%,14%,18%
药店,按摩器、垫子、针灸,生物调节剂,19679332,91815,12%,14%,18%
药店,按摩器、垫子、针灸,医用腕带,19679332,971082391,12%,14%,18%
药店,按摩器、垫子、针灸,热水袋,22820182,94569,12%,14%,18%
药店,按摩器、垫子、针灸,按摩垫,43430477,314014908,12%,14%,18%
药店,按摩器、垫子、针灸,按摩滚轮,43430477,971943242,12%,14%,18%
药店,按摩器、垫子、针灸,眼浴,94639907,970621839,12%,14%,18%
药店,按摩器、垫子、针灸,手动按摩器,94639907,970978680,12%,14%,18%
药店,按摩器、垫子、针灸,按摩球,94639907,970985976,12%,14%,18%
药店,按摩器、垫子、针灸,按摩罐,94639907,99046,12%,14%,18%
药店,按摩器、垫子、针灸,针灸针,95889491,970877711,12%,14%,18%
药店,康复产品配件,手杖尖端,200000821,91827,12%,14%,18%
药店,康复产品配件,助行器配件,200000821,971133598,12%,14%,18%
药店,康复产品配件,拐杖，手杖支架,200000821,971133656,12%,14%,18%
药店,康复产品配件,轮椅配件,200001561,970587773,12%,14%,18%
药店,残障人士设备部件,残疾人升降机配件,200001562,971156193,12%,14%,18%
药店,残障人士设备部件,轮椅配件,200001562,971166374,12%,14%,18%
药店,残障人士设备部件,马桶椅配件,200001562,971472296,12%,14%,18%
药店,残障人士辅助用品,适应性器具、餐具,200001563,971069563,12%,14%,18%
药店,残障人士辅助用品,浴缸格栅座椅,34496812,92042,12%,14%,18%
药店,残障人士辅助用品,马桶坐浴盆,34496812,970823818,12%,14%,18%
药店,残障人士辅助用品,残疾人专用浴室椅,34496812,971025230,12%,14%,18%
药店,残障人士辅助用品,浴室支撑扶手,34496812,971133692,12%,14%,18%
药店,残障人士辅助用品,残疾人专用马桶座圈及配件,34496812,971133740,12%,14%,18%
药店,残障人士辅助用品,残疾人用浴室台阶,34496812,971406362,12%,14%,18%
药店,残障人士辅助用品,卧床病人浴缸,68584815,970589547,12%,14%,18%
药店,残障人士辅助用品,床头扶手,68584815,970865516,12%,14%,18%
药店,妇科、实验室和医学检测,医用检测产品,17038414,970885456,12%,14%,18%
药店,运动补剂,BCAA,17029615,95347,12%,14%,18%
药店,运动补剂,脂肪酸,17029617,971062700,12%,14%,18%
药店,运动补剂,氨基酸复合物,17029619,95351,12%,14%,18%
药店,运动补剂,运动单氨基酸,17029619,971211913,12%,14%,18%
药店,运动补剂,脂肪燃烧剂,17029622,95365,12%,14%,18%
药店,运动补剂,左旋肉碱,17029622,95368,12%,14%,18%
药店,运动补剂,利尿剂,17029622,95376,12%,14%,18%
药店,运动补剂,草本鸡尾酒,17029622,96788,12%,14%,18%
药店,运动补剂,肌酸,17029629,95371,12%,14%,18%
药店,运动补剂,训练后复合添加剂,17031830,95382,12%,14%,18%
药店,运动补剂,训练前复合补充剂,17031830,95383,12%,14%,18%
药店,运动补剂,弛缓的,17031830,95387,12%,14%,18%
药店,运动补剂,关节、韧带制剂,17031832,95384,12%,14%,18%
药店,运动补剂,运动复合维生素和矿物质,17033623,95357,12%,14%,18%
药店,运动补剂,运动维生素,17033623,95358,12%,14%,18%
药店,运动补剂,铁,43432942,95375,12%,14%,18%
药店,运动补剂,钾 ,43432942,970889522,12%,14%,18%
药店,运动补剂,钙,43432942,970889523,12%,14%,18%
药店,运动补剂,镁,43432942,970889524,12%,14%,18%
药店,运动补剂,锌,43432942,970889525,12%,14%,18%
药店,运动补剂,铬,43432942,970889526,12%,14%,18%
药店,运动补剂,碘,43432942,971168007,12%,14%,18%
药店,运动补剂,硒,43432942,971291473,12%,14%,18%
药店,运动补剂,抗氧化剂,43443433,95353,12%,14%,18%
药店,运动补剂,辅酶Q10,43443433,95370,12%,14%,18%
药店,运动补剂,酵素,43443433,95392,12%,14%,18%
药店,运动补剂,α-硫辛酸 (ALA),43443433,970889518,12%,14%,18%
药店,运动补剂,卵磷脂,43443433,970889519,12%,14%,18%
药店,运动补剂,银杏,43443433,970889520,12%,14%,18%
药店,运动补剂,芦丁,43443433,970889521,12%,14%,18%
药店,急救箱,急救箱,200000929,95568,12%,14%,18%
药店,医疗器械,脉搏血氧仪,17032771,370309949,12%,14%,18%
药店,医疗器械,脉冲监控器,17032771,91851,12%,14%,18%
药店,医疗器械,血压计,17032771,91860,12%,14%,18%
药店,医疗器械,健康监测器,17032771,970904865,12%,14%,18%
药店,医疗器械,盐雾发生器,17032781,707801193,12%,14%,18%
药店,医疗器械,吸入器,17032781,91824,12%,14%,18%
药店,医疗器械,呼吸混合物,17032781,97496,12%,14%,18%
药店,医疗器械,片剂破碎机,17032992,970827264,12%,14%,18%
药店,医疗器械,手动封装机,17032992,971749982,12%,14%,18%
药店,医疗器械,便携式血凝仪,17033008,971167360,12%,14%,18%
药店,医疗器械,医用温度计,17035797,96493,12%,14%,18%
药店,医疗器械,发声装置,200000018,971043353,12%,14%,18%
药店,医疗器械,医用身高测量器,200000366,971098208,12%,14%,18%
药店,医疗器械,血糖仪采血针,200000925,94570,12%,14%,18%
药店,医疗器械,血糖仪、凝血仪试纸,200000925,94574,12%,14%,18%
药店,医疗器械,输液系统耗材,200000925,971081512,12%,14%,18%
药店,医疗器械,医疗设备耗材,200000925,971304484,12%,14%,18%
药店,医疗器械,足镜,200001157,971452805,12%,14%,18%
药店,医疗器械,医疗分析仪,43433718,971959765,12%,14%,18%
药店,医疗器械,防打鼾装置,47788926,91864,12%,14%,18%
药店,医疗器械,助听器,50664743,252555517,12%,14%,18%
药店,医疗器械,放大器,50664743,528186209,12%,14%,18%
药店,医疗器械,诊断笔灯,52911069,412623543,12%,14%,18%
药店,医疗器械,前照灯照明器,52911069,412714295,12%,14%,18%
药店,医疗器械,额戴反光镜,52911069,412778335,12%,14%,18%
药店,医疗器械,皮肤镜,53547645,504866194,12%,14%,18%
药店,医疗器械,微量注射泵,87538079,970693057,12%,14%,18%
药店,医疗器械,胰岛素泵,87538079,970824816,12%,14%,18%
药店,医疗器械,糖尿病手环,87538079,970824818,12%,14%,18%
药店,个人卫生,人体润滑剂,17031324,93477,12%,14%,18%
药店,个人卫生,润滑剂注射器,17031324,96567,12%,14%,18%
药店,个人卫生,避孕套,17031336,93498,12%,14%,18%
药店,个人卫生,宫内避孕器,17031336,970957521,12%,14%,18%
药店,个人卫生,杀精凝胶,17031336,970996406,12%,14%,18%
药店,个人卫生,避孕隔膜,17031336,970996407,12%,14%,18%
药店,个人卫生,一次性超声探头套,17031336,971306914,12%,14%,18%
药店,个人卫生,冲洗器,17035800,94575,12%,14%,18%
药店,个人卫生,家用洗肠器,17035800,971104962,12%,14%,18%
药店,个人卫生,直肠喷嘴,17035800,971425673,12%,14%,18%
药店,个人卫生,滴管,17035800,97463,12%,14%,18%
药店,个人卫生,鼻腔吸引器,17035800,97587,12%,14%,18%
药店,个人卫生,防腐剂,17038358,93503,12%,14%,18%
药店,个人卫生,创可贴,19172050,94573,12%,14%,18%
药店,个人卫生,耳塞,19345136,97330,12%,14%,18%
药店,个人卫生,固定霜,200001528,93475,12%,14%,18%
药店,个人卫生,假牙固定嵌件,200001528,97209,12%,14%,18%
药店,个人卫生,牙套、假牙护理产品,200001528,97223,12%,14%,18%
药店,个人卫生,成人纸尿裤、内裤,35129814,93496,12%,14%,18%
药店,个人卫生,遗尿报警器,35129814,970893150,12%,14%,18%
药店,个人卫生,月经杯,35129814,98194,12%,14%,18%
药店,个人卫生,尿失禁卫生巾,35129814,99441,12%,14%,18%
药店,个人卫生,牙齿美白剂,43429762,712115221,12%,14%,18%
药店,个人卫生,斑块指示剂,43429762,970879616,12%,14%,18%
药店,个人卫生,滴眼液,43430750,93511,12%,14%,18%
药店,个人卫生,病人美容护理产品,74087403,970631770,12%,14%,18%
药店,康复用品,拐杖,17032790,91832,12%,14%,18%
药店,康复用品,手杖,17032790,91861,12%,14%,18%
药店,康复用品,助行器,17032790,971133360,12%,14%,18%
药店,康复用品,马桶椅,17033010,91833,12%,14%,18%
药店,康复用品,脑瘫儿童汽车安全座椅,19679387,971895953,12%,14%,18%
药店,康复用品,轮椅,19679387,97491,12%,14%,18%
药店,康复用品,站立辅助器,51175536,298840670,12%,14%,18%
药店,康复用品,康复训练器材,51175536,970685352,12%,14%,18%
药店,康复用品,脑瘫儿童户外交通工具,51175536,972745485,12%,14%,18%
药店,康复用品,净水器滤芯,61369473,298840669,12%,14%,18%
药店,康复用品,背部支撑,61881936,970573787,12%,14%,18%
药店,康复用品,医用担架,61881936,970879612,12%,14%,18%
药店,康复用品,移位板,61881936,970996843,12%,14%,18%
药店,康复用品,穿戴设备,61881936,97713,12%,14%,18%
药店,康复用品,残疾人升降设备,92497501,970954599,12%,14%,18%
药店,矫形学、绷带、压缩制品、假肢,脚掌矫正器,17032786,91829,12%,14%,18%
药店,矫形学、绷带、压缩制品、假肢,足部矫正器,17032786,970987053,12%,14%,18%
药店,矫形学、绷带、压缩制品、假肢,用于制造矫形器的有机硅,17032786,971067133,12%,14%,18%
药店,矫形学、绷带、压缩制品、假肢,手指校正器,17032786,971078296,12%,14%,18%
药店,矫形学、绷带、压缩制品、假肢,鞋跟支架,17032786,971314467,12%,14%,18%
药店,矫形学、绷带、压缩制品、假肢,硅胶帽、硅胶管,17032786,971924155,12%,14%,18%
药店,矫形学、绷带、压缩制品、假肢,指间分离器,17032786,971924157,12%,14%,18%
药店,矫形学、绷带、压缩制品、假肢,骨科夹板,17032786,98198,12%,14%,18%
药店,矫形学、绷带、压缩制品、假肢,矫形鞋垫,17036832,504866248,12%,14%,18%
药店,矫形学、绷带、压缩制品、假肢,石膏行走鞋底,17036832,970680698,12%,14%,18%
药店,矫形学、绷带、压缩制品、假肢,绷带,19679299,91814,12%,14%,18%
药店,矫形学、绷带、压缩制品、假肢,加热腰带,19679299,970892651,12%,14%,18%
药店,矫形学、绷带、压缩制品、假肢,固定带,19679299,970946773,12%,14%,18%
药店,矫形学、绷带、压缩制品、假肢,前足减压鞋,19679299,971105582,12%,14%,18%
药店,矫形学、绷带、压缩制品、假肢,固定夹板,19679299,971913343,12%,14%,18%
药店,矫形学、绷带、压缩制品、假肢,矫具,19679299,97483,12%,14%,18%
药店,矫形学、绷带、压缩制品、假肢,姿势矫正器,19679299,97485,12%,14%,18%
药店,矫形学、绷带、压缩制品、假肢,矫形紧身胸衣,19679299,97489,12%,14%,18%
药店,矫形学、绷带、压缩制品、假肢,假肢配件,200001015,971410746,12%,14%,18%
药店,矫形学、绷带、压缩制品、假肢,假肢,200001015,971445262,12%,14%,18%
药店,矫形学、绷带、压缩制品、假肢,医用弹力压缩制品,200001529,971046705,12%,14%,18%
药店,矫形学、绷带、压缩制品、假肢,按摩鞋垫,30960356,971924191,12%,14%,18%
药店,矫形学、绷带、压缩制品、假肢,按摩拖鞋,30960356,97698,12%,14%,18%
药店,矫形学、绷带、压缩制品、假肢,假乳头,87565939,970829679,12%,14%,18%
药店,矫形学、绷带、压缩制品、假肢,硅胶假孕肚,87565939,971094050,12%,14%,18%
药店,矫形学、绷带、压缩制品、假肢,乳房假体,87565939,971125594,12%,14%,18%
药店,医疗器械,活检工具,200000788,971228055,12%,14%,18%
药店,医疗器械,手术工具,200001412,971891645,12%,14%,18%
药店,医疗器械,妇科器械,200001525,341668698,12%,14%,18%
药店,医疗器械,耳鼻喉科仪器,51980356,971301192,12%,14%,18%
药店,保健品,头皮、头发护理产品,17037975,93943,12%,14%,18%
药店,保健品,灭虱梳,17037975,971026884,12%,14%,18%
药店,保健品,药用提取物,200000721,971156548,12%,14%,18%
药店,保健品,医用沐浴混合物,200000721,971156551,12%,14%,18%
药店,保健品,治疗泥浆 ,200000721,971156892,12%,14%,18%
药店,保健品,滑液植入物,34145701,970877576,12%,14%,18%
药店,保健品,抗寄生虫药,34145701,971065803,12%,14%,18%
药店,保健品,治疗药品,34145701,971806638,12%,14%,18%
药店,保健品,肌肉冷却剂,34145701,971806646,12%,14%,18%
药店,保健品,预防剂,62114760,645165051,12%,14%,18%
药店,保健品,芥子贴,62114760,98977,12%,14%,18%
药店,保健品,敷布,62114760,99009,12%,14%,18%
药店,保健品,草本混合物,88739806,970825507,12%,14%,18%
药店,保健品,固体饮料,88739806,970861845,12%,14%,18%
药店,保健品,特殊营养,89017869,221096045,12%,14%,18%
药店,保健品,血红蛋白糖,89017869,954971574,12%,14%,18%
药店,保健品,蜂胶水,89017869,970862358,12%,14%,18%
药店,保健品,蜂王浆,89017869,970881575,12%,14%,18%
药店,保健品,解酒药,89017869,971202432,12%,14%,18%
药店,保健品,食品添加剂,89017869,97198,12%,14%,18%
日化,洗涤剂和清洁剂,洗衣液,17034989,92695,12%,18%,18%
日化,洗涤剂和清洁剂,衣物洗涤柔顺剂,17034991,92697,12%,18%,18%
日化,洗涤剂和清洁剂,洗衣皂,17034992,697962595,12%,18%,18%
日化,洗涤剂和清洁剂,洗衣粉,17034998,92713,12%,18%,18%
日化,洗涤剂和清洁剂,漂白剂,17036768,92699,12%,18%,18%
日化,洗涤剂和清洁剂,去污剂,17036768,92700,12%,18%,18%
日化,洗涤剂和清洁剂,吸色洗衣纸,17036768,970788025,12%,18%,18%
日化,洗涤剂和清洁剂,洗衣增效剂,17036768,971751428,12%,18%,18%
日化,洗涤剂和清洁剂,洗手液,17036770,92264,12%,18%,18%
日化,洗涤剂和清洁剂,清洁剂,17036770,92701,12%,18%,18%
日化,洗涤剂和清洁剂,软水剂,17036770,92707,12%,18%,18%
日化,洗涤剂和清洁剂,餐具洗涤剂,17036773,92704,12%,18%,18%
日化,洗涤剂和清洁剂,化粪池、生态厕所清洁剂,17036778,92706,12%,18%,18%
日化,洗涤剂和清洁剂,过氧化氢浓缩液,200000249,971073328,12%,18%,18%
日化,洗涤剂和清洁剂,清洁湿巾,200000399,971092221,12%,18%,18%
日化,洗涤剂和清洁剂,家具上光剂,200000782,971750190,12%,18%,18%
日化,洗涤剂和清洁剂,堵塞疏通剂,200000786,971083507,12%,18%,18%
日化,洗涤剂和清洁剂,玻璃防雾剂,200000787,971061806,12%,18%,18%
日化,洗涤剂和清洁剂,洗涤胶囊 ,200000800,92696,12%,18%,18%
日化,洗涤剂和清洁剂,洗衣凝珠,200000800,971277715,12%,18%,18%
日化,洗涤剂和清洁剂,洗碗机专用洗涤块,200001724,509837604,12%,18%,18%
日化,洗涤剂和清洁剂,洗碗机药片,200001724,971013007,12%,18%,18%
日化,洗涤剂和清洁剂,泳池用品,43434667,97583,12%,18%,18%
日化,洗涤剂和清洁剂,洗碗机专用盐,55636558,970617626,12%,18%,18%
日化,洗涤剂和清洁剂,洗碗机漂洗剂,55636558,970630176,12%,18%,18%
日化,洗涤剂和清洁剂,洗碗用洗碗粉,55636558,971013000,12%,18%,18%
日化,洗涤剂和清洁剂,洗碗机凝胶,55636558,971013001,12%,18%,18%
日化,洗涤剂和清洁剂,洗碗机清洁剂,55636558,971013190,12%,18%,18%
日化,洗涤剂和清洁剂,布料染料,77646195,970677678,12%,18%,18%
日化,洗涤剂和清洁剂,熨烫剂,94160165,970976080,12%,18%,18%
日化,洗涤剂和清洁剂,防胶剂，防胶带粘附剂,96676926,94071,12%,18%,18%
日化,空气清新剂,冰箱异味吸收剂,17036782,92716,12%,18%,18%
日化,空气清新剂,空气清新剂,17036786,92720,12%,18%,18%
日化,害虫驱虫产品,灭鼠药,200000732,970842803,12%,18%,18%
日化,害虫驱虫产品,捕鼠器，捕鼠夹,43433033,95640,12%,18%,18%
日化,害虫驱虫产品,蝇拍,43433034,95639,12%,18%,18%
日化,害虫驱虫产品,杀虫灯,43435790,95634,12%,18%,18%
日化,害虫驱虫产品,防虫、防鼠配件,43435790,971091912,12%,18%,18%
日化,害虫驱虫产品,蚊虫叮咬舒缓膏,43436396,971751450,12%,18%,18%
日化,害虫驱虫产品,杀虫剂,43436396,99385,12%,18%,18%
日化,害虫驱虫产品,电热蚊香液器,87078824,95657,12%,18%,18%
农场,葡萄栽培,浆果、水果破碎机,200000241,970997473,12%,14%,18%
农场,牲畜和家禽喂养饮水系统,牲畜饲喂器,89235168,970859958,12%,14%,18%
农场,牲畜和家禽喂养饮水系统,干草袋,89235168,971111142,12%,14%,18%
农场,牲畜和家禽喂养饮水系统,牲畜饮水器,89235182,970859957,12%,14%,18%
农场,牲畜和家禽喂养饮水系统,牲畜饲喂系统配件,89235186,970859952,12%,14%,18%
农场,牲畜和家禽喂养饮水系统,加药器,89235202,970859949,12%,14%,18%
农场,牲畜和家禽喂养饮水系统,宾夕法尼亚筛,89882790,970867287,12%,14%,18%
农场,牲畜和家禽喂养饮水系统,牲畜喂养奶嘴,91451958,970886140,12%,14%,18%
农场,电围栏和配件,电围栏,89235278,970859961,12%,14%,18%
农场,电围栏和配件,电围栏配件,89235356,970859964,12%,14%,18%
农场,电围栏和配件,牲畜电驱赶器,89235356,971297046,12%,14%,18%
农场,电围栏和配件,电围栏门,89252510,970859968,12%,14%,18%
农场,电围栏和配件,电围栏桩,89252514,970859962,12%,14%,18%
农场,电围栏和配件,电围栏避雷器,89252525,970859965,12%,14%,18%
农场,电围栏和配件,电围栏接地 ,89252525,970859966,12%,14%,18%
农场,电围栏和配件,家禽防护网,89252588,970859963,12%,14%,18%
农场,牲畜和家禽饲料制作,打捆机配件,200000678,971150588,12%,14%,18%
农场,牲畜和家禽饲料制作,割草机配件,200000679,971151140,12%,14%,18%
农场,牲畜和家禽饲料制作,谷物粉碎机,80444032,253025785,12%,14%,18%
农场,牲畜和家禽饲料制作,饲料切碎机,80444032,970702233,12%,14%,18%
农场,牲畜和家禽饲料制作,谷物破碎机备件,80444032,970831233,12%,14%,18%
农场,牲畜和家禽饲料制作,饲料粉碎机、制粒机备件,80444032,970867501,12%,14%,18%
农场,牲畜和家禽饲料制作,谷物轧碎机,80444032,971425755,12%,14%,18%
农场,牲畜和家禽饲料制作,饲料挤压机,89235209,970859870,12%,14%,18%
农场,牲畜和家禽饲料制作,混合饲料制粒机,89235254,970859871,12%,14%,18%
农场,牲畜和家禽饲料制作,饲料生物发酵剂,89374086,970862377,12%,14%,18%
农场,牲畜和家禽饲料制作,饲料取样器,89374087,970862378,12%,14%,18%
农场,牲畜和家禽饲料制作,谷物分析仪,89374124,971042092,12%,14%,18%
农场,屠宰和拔毛设备,脱毛机,87953111,970831230,12%,14%,18%
农场,屠宰和拔毛设备,脱毛机拍打指,89235295,970859897,12%,14%,18%
农场,屠宰和拔毛设备,屠宰、拔毛工具,89235297,970859895,12%,14%,18%
农场,屠宰和拔毛设备,家禽脱毛机,89235341,970859894,12%,14%,18%
农场,挤奶设备,挤奶机,89235362,970859868,12%,14%,18%
农场,挤奶设备,挤奶机配件,89235363,970859866,12%,14%,18%
农场,真空畜牧业设备,农场真空设备,89247101,970859821,12%,14%,18%
农场,真空畜牧业设备,真空设备配件,89248450,970859824,12%,14%,18%
农场,粪便清除设备,粪便输送机,89249193,970859913,12%,14%,18%
农场,粪便清除设备,刮刀、粪便清除叉,89250671,970859916,12%,14%,18%
农场,粪便清除设备,清粪输送带配件,89250742,970859914,12%,14%,18%
农场,牛奶储存和加工设备,牛奶分离器,47579596,193084522,12%,14%,18%
农场,牛奶储存和加工设备,涤纶布袋,88748490,970850179,12%,14%,18%
农场,牛奶储存和加工设备,奶酪制作设备,89252760,970620171,12%,14%,18%
农场,牛奶储存和加工设备,奶酪生产设备,89252760,970859930,12%,14%,18%
农场,牛奶储存和加工设备,黄油模具,89252814,971156397,12%,14%,18%
农场,牛奶储存和加工设备,搅乳器,89256317,91483,12%,14%,18%
农场,牛奶储存和加工设备,牛奶储存和加工设备,89257007,970859932,12%,14%,18%
农场,孵化器和检卵器,蛋孵化器,43429893,95998,12%,14%,18%
农场,孵化器和检卵器,照蛋器,87953109,970831229,12%,14%,18%
农场,孵化器和检卵器,禽蛋孵化器配件,89257298,970859893,12%,14%,18%
农场,牲畜和家禽笼子和组件,鸡舍、禽舍配件,200000364,971081516,12%,14%,18%
农场,牲畜和家禽笼子和组件,牛用垫子,200001077,971439409,12%,14%,18%
农场,牲畜和家禽笼子和组件,牲畜笼舍,89260471,970860397,12%,14%,18%
农场,牲畜和家禽笼子和组件,鸡舍,89260563,970860398,12%,14%,18%
农场,牲畜和家禽笼子和组件,假蛋 (引禽类产蛋),89260564,970860403,12%,14%,18%
农场,牲畜和家禽笼子和组件,家禽巢箱,89260568,970860395,12%,14%,18%
农场,牲畜和家禽笼子和组件,家禽防啄器,89260640,970860402,12%,14%,18%
农场,牲畜和家禽笼子和组件,牲畜笼舍配件,89260643,970860392,12%,14%,18%
农场,牲畜和家禽笼子和组件,牲畜笼舍工具,89260643,970860393,12%,14%,18%
农场,牲畜和家禽笼子和组件,干草湿度、温度测量仪,89260644,970860394,12%,14%,18%
农场,牲畜和家禽笼子和组件,笼子地板格栅,89260645,970860404,12%,14%,18%
农场,牲畜和家禽笼子和组件,拴畜链,92291133,970944645,12%,14%,18%
农场,牲畜和家禽加热器和通风器,牲畜通风设备,43429400,115947501,12%,14%,18%
农场,牲畜和家禽加热器和通风器,农用反光板,43434103,96001,12%,14%,18%
农场,牲畜和家禽加热器和通风器,育雏器,43443396,95996,12%,14%,18%
农场,牲畜和家禽加热器和通风器,牲畜保温设备,89882769,970867277,12%,14%,18%
农场,牲畜和家禽加热器和通风器,犊牛干燥机,91451611,970885666,12%,14%,18%
农场,家禽和蛋运输,家禽运输箱,89261016,970860344,12%,14%,18%
农场,家禽和蛋运输,鸡蛋运输盒,89261027,971072814,12%,14%,18%
农场,牲畜和家禽标签,牲畜标识,89261140,970860358,12%,14%,18%
农场,牲畜和家禽标签,牲畜标记工具,89261143,970860357,12%,14%,18%
农场,牲畜美容,剪毛机,89261153,970860602,12%,14%,18%
农场,牲畜美容,牲畜修剪剪刀,89261200,970860604,12%,14%,18%
农场,牲畜美容,动物剪毛刀片磨刀器,89261202,970860603,12%,14%,18%
农场,牲畜美容,剪毛机组配件,89882773,970867275,12%,14%,18%
农场,牲畜卫生用品,垫料发酵菌剂,78809955,970683271,12%,14%,18%
农场,牲畜卫生用品,垫料干燥器,78809967,970684941,12%,14%,18%
农场,牲畜卫生用品,牲畜护理用品,88580164,970848563,12%,14%,18%
农场,牲畜卫生用品,畜牧业消毒、清洁剂,88580447,970848561,12%,14%,18%
农场,牲畜卫生用品,牲畜刷,89295227,971407011,12%,14%,18%
农场,畜禽兽医产品,动物秤,78904307,970685224,12%,14%,18%
农场,畜禽兽医产品,畜舍杀虫/杀螨剂,89261226,970853967,12%,14%,18%
农场,畜禽兽医产品,牲畜驱避剂,89261226,971751441,12%,14%,18%
农场,畜禽兽医产品,牲畜检测试纸,89261229,971393534,12%,14%,18%
农场,蜂箱和组件,蜂箱,89323296,97664,12%,14%,18%
农场,蜂箱和组件,蜂箱配件,89323303,970861259,12%,14%,18%
农场,蜂窝底座、框架和配件,巢础,89309505,970628455,12%,14%,18%
农场,蜂窝底座、框架和配件,蜂巢框架,89309852,970861126,12%,14%,18%
农场,蜂窝底座、框架和配件,蜂箱配件,89309853,970861127,12%,14%,18%
农场,蜂窝底座、框架和配件,蜂巢框架工具,89309854,970861128,12%,14%,18%
农场,蜂王饲养,蜂王培育设备,89318635,970861198,12%,14%,18%
农场,蜂王饲养,蜂王标记设备,89319018,970861199,12%,14%,18%
农场,蜂蜜分离器及附属品,蜂蜜分离器,89320156,970861210,12%,14%,18%
农场,蜂蜜分离器及附属品,蜂蜜分离器配件,89320178,970861212,12%,14%,18%
农场,养蜂工具,养蜂手动工具,89323000,970861227,12%,14%,18%
农场,养蜂工具,蜜蜂治疗剂,92301490,970945540,12%,14%,18%
农场,蜂蜜制作,蜂蜜加工设备,89323362,970861260,12%,14%,18%
农场,蜂蜜制作,蜂蜜折光仪,89323364,970861262,12%,14%,18%
农场,蜂蜜制作,蜂巢割盖台,89323367,970861265,12%,14%,18%
农场,蜂蜜容器和包装,蜂蜜立方塑料桶,89323233,970861238,12%,14%,18%
农场,蜂蜜容器和包装,蜂蜜取样器,89323233,970861239,12%,14%,18%
农场,蜂蜜容器和包装,蜂蜜加工桶,89323233,970861261,12%,14%,18%
农场,蜂蜜容器和包装,蜂蜜包装,89323233,971008111,12%,14%,18%
农场,养蜂场设备,蜂场设备,89325100,970861280,12%,14%,18%
农场,马匹用品,牲畜铃铛,81060462,971751398,12%,14%,18%
农场,马匹用品,马蹄铁,81060593,970703603,12%,14%,18%
农场,马匹用品,马蹄护理工具,89299263,970860598,12%,14%,18%
农场,马匹用品,马掌,89299263,98321,12%,14%,18%
农场,马匹用品,马厩设备,90011600,970867984,12%,14%,18%
农场,联合收割机设备,联合收割台切割装置,92265260,970943566,12%,14%,18%
农场,食品卫生管理产品,卫生食品管理产品,93548369,970971435,12%,14%,18%
农场,养鸽用品,鸽子栖架,94089450,970974757,12%,14%,18%
乐器,弦乐器,原声吉他,17032068,95859,12%,14%,18%
乐器,弦乐器,贝斯,17032068,95860,12%,14%,18%
乐器,弦乐器,尤克里里,17032068,95861,12%,14%,18%
乐器,弦乐器,电吉他,17032068,95863,12%,14%,18%
乐器,弦乐器,民族弦乐器,43429340,96848,12%,14%,18%
乐器,弦乐器,小提琴,43429340,972936738,12%,14%,18%
乐器,弦乐器,中提琴,43429340,972936740,12%,14%,18%
乐器,弦乐器,大提琴,43429340,972936741,12%,14%,18%
乐器,弦乐器,低音提琴,43429340,972936742,12%,14%,18%
乐器,弦乐器,电大提琴,43429340,972936743,12%,14%,18%
乐器,弦乐器,电小提琴,43429340,972936746,12%,14%,18%
乐器,键盘乐器,数码钢琴,17034921,95856,12%,14%,18%
乐器,键盘乐器,合成器,17034921,95857,12%,14%,18%
乐器,键盘乐器,模块系统,17034921,971123121,12%,14%,18%
乐器,键盘乐器,原声三角钢琴,43435860,971067225,12%,14%,18%
乐器,键盘乐器,原声钢琴,43435860,971323698,12%,14%,18%
乐器,键盘乐器,手风琴,43443594,970896657,12%,14%,18%
乐器,键盘乐器,手风琴,43443594,970896658,12%,14%,18%
乐器,键盘乐器,键盘式手风琴,43443594,97394,12%,14%,18%
乐器,乐器配件,吉他管组合放大器,17032130,95661,12%,14%,18%
乐器,乐器配件,吉他放大器踏板,17032130,970693383,12%,14%,18%
乐器,乐器配件,吉他放大器控制器,17032130,970693384,12%,14%,18%
乐器,乐器配件,回声踏板,17034750,95823,12%,14%,18%
乐器,乐器配件,效果器踏板配件,17034750,971060136,12%,14%,18%
乐器,乐器配件,效果处理器,17034750,97660,12%,14%,18%
乐器,乐器配件,音乐器材包,17040016,445125483,12%,14%,18%
乐器,乐器配件,乐器套,17040016,592744674,12%,14%,18%
乐器,乐器配件,音乐调谐器,17040016,95826,12%,14%,18%
乐器,乐器配件,管乐器配件,17040016,96829,12%,14%,18%
乐器,乐器配件,音乐家脚凳,17040016,971012075,12%,14%,18%
乐器,乐器配件,指挥家配件,17040016,971065372,12%,14%,18%
乐器,乐器配件,乐器保护配件,17040016,971116952,12%,14%,18%
乐器,乐器配件,乐器架,17040016,971156243,12%,14%,18%
乐器,乐器配件,键盘乐器配件,17040016,971422234,12%,14%,18%
乐器,乐器配件,节拍器,17040016,97398,12%,14%,18%
乐器,乐器配件,打击乐器配件,17040016,97399,12%,14%,18%
乐器,乐器配件,弦乐器配件,17040016,97592,12%,14%,18%
乐器,乐器配件,音叉,17040016,97619,12%,14%,18%
乐器,乐器配件,乐器护理工具,17040016,97620,12%,14%,18%
乐器,电子乐器,DJ遥控器,17033067,91906,12%,14%,18%
乐器,电子乐器,调音台,17033067,91908,12%,14%,18%
乐器,电子乐器,混频器交叉推杆,17033067,970964751,12%,14%,18%
乐器,电子乐器,DJ控制黑胶,17033067,971106095,12%,14%,18%
乐器,电子乐器,MIDI键盘,17033070,95853,12%,14%,18%
乐器,电子乐器,MIDI 控制器,17033070,95854,12%,14%,18%
乐器,电子乐器,鼓机,17033070,971107918,12%,14%,18%
乐器,电子乐器,打击垫,17033070,971107919,12%,14%,18%
乐器,电子乐器,取样器,17033070,971107921,12%,14%,18%
乐器,电子乐器,音序器,17033070,971107922,12%,14%,18%
乐器,电子乐器,贝司压缩效果器踏板,17033070,99298,12%,14%,18%
乐器,管乐器,军号,46496832,96809,12%,14%,18%
乐器,管乐器,长笛,46496832,96810,12%,14%,18%
乐器,管乐器,巴松管,46496832,96811,12%,14%,18%
乐器,管乐器,大号,46496832,96812,12%,14%,18%
乐器,管乐器,小号,46496832,96813,12%,14%,18%
乐器,管乐器,长号,46496832,96814,12%,14%,18%
乐器,管乐器,男高音,46496832,96815,12%,14%,18%
乐器,管乐器,萨克斯管,46496832,96816,12%,14%,18%
乐器,管乐器,民间管乐器,46496832,96818,12%,14%,18%
乐器,管乐器,口风琴,46496832,96819,12%,14%,18%
乐器,管乐器,短号,46496832,96820,12%,14%,18%
乐器,管乐器,单簧管,46496832,96821,12%,14%,18%
乐器,管乐器,口琴,46496832,96822,12%,14%,18%
乐器,管乐器,铜号,46496832,96823,12%,14%,18%
乐器,管乐器,双簧管,46496832,96824,12%,14%,18%
乐器,管乐器,法国号,46496832,96825,12%,14%,18%
乐器,管乐器,竖笛,46496832,96826,12%,14%,18%
乐器,管乐器,男中音,46496832,96827,12%,14%,18%
乐器,管乐器,中提琴,46496832,96828,12%,14%,18%
乐器,打击乐器,鼓,200001705,96835,12%,14%,18%
乐器,打击乐器,打击乐器,43436058,96830,12%,14%,18%
乐器,打击乐器,民间打击乐器,43436058,96831,12%,14%,18%
乐器,打击乐器,木琴,43436058,96832,12%,14%,18%
乐器,打击乐器,音乐铃铛,43436058,96833,12%,14%,18%
乐器,打击乐器,锣,43436058,96834,12%,14%,18%
乐器,打击乐器,爵士鼓,43436058,96836,12%,14%,18%
乐器,打击乐器,镲片,43436058,96837,12%,14%,18%
电影、音乐、视频游戏、软件,电影、音乐、视频游戏、软件,黑胶唱片,200001411,971888493,12%,14%,18%
电影、音乐、视频游戏、软件,电影、音乐、视频游戏、软件,电子游戏,87002465,409596018,12%,14%,18%
电影、音乐、视频游戏、软件,电影、音乐、视频游戏、软件,音乐光盘,87002467,392547272,12%,14%,18%
电影、音乐、视频游戏、软件,电影、音乐、视频游戏、软件,软件,87002470,392638731,12%,14%,18%
电影、音乐、视频游戏、软件,电影、音乐、视频游戏、软件,电影,87002473,392638730,12%,14%,18%
